# Blender 5.0.1
# www.blender.org
mtllib islandx.mtl
o Island
v -0.499150 0.159028 0.253634
v -0.396745 0.159028 0.253634
v -0.470526 0.159028 -0.030300
v -0.470526 0.159028 -0.165506
v -0.433472 0.159028 -0.030300
v -0.433472 0.159028 -0.165506
v -0.470526 0.159028 -0.314234
v -0.470526 0.159028 -0.449441
v -0.433472 0.159028 -0.314234
v -0.433472 0.159028 -0.449441
v -0.470526 0.159028 -0.598168
v -0.470526 0.159028 -0.733375
v -0.433472 0.159028 -0.598168
v -0.433472 0.159028 -0.733375
v -0.470526 0.159028 -0.882102
v -0.470526 0.159028 -1.017309
v -0.433472 0.159028 -0.882102
v -0.433472 0.159028 -1.017309
v -0.470526 0.159028 -1.166036
v -0.433472 0.159028 -1.166036
v -0.470526 0.159028 -1.449970
v -0.470526 0.159028 -1.585177
v -0.433472 0.159028 -1.449970
v -0.433472 0.159028 -1.585177
v -0.470526 0.159028 -1.733905
v -0.470526 0.159028 -1.869111
v -0.433472 0.159028 -1.733905
v -0.433472 0.159028 -1.869111
v -0.470526 0.159028 -2.017839
v -0.470526 0.159028 -2.153045
v -0.433472 0.159028 -2.017839
v -0.433472 0.159028 -2.153045
v -0.470526 0.159028 -2.301773
v -0.470526 0.159028 -2.436980
v -0.433472 0.159028 -2.301773
v -0.433472 0.159028 -2.436980
v -0.470526 0.159028 -2.585707
v -0.433472 0.159028 -2.585707
v -0.470526 0.159028 -2.869641
v -0.470526 0.159028 -3.004848
v -0.433472 0.159028 -2.869641
v -0.433472 0.159028 -3.004848
v -0.470526 0.159028 -3.153575
v -0.470526 0.159028 -3.288782
v -0.433472 0.159028 -3.153575
v -0.433472 0.159028 -3.288782
v -0.470526 0.159028 -3.437509
v -0.470526 0.159028 -3.572716
v -0.433472 0.159028 -3.437509
v -0.433472 0.159028 -3.572716
v -0.470526 0.159028 -3.721443
v -0.470526 0.159028 -3.856650
v -0.433472 0.159028 -3.721443
v -0.433472 0.159028 -3.856650
v -0.470526 0.159028 -4.005378
v -0.470526 0.159028 -4.140584
v -0.433472 0.159028 -4.005378
v -0.433472 0.159028 -4.140584
v -0.470526 0.159028 -4.289311
v -0.470526 0.159028 -4.424518
v -0.433472 0.159028 -4.289311
v -0.433472 0.159028 -4.424518
v -0.470526 0.159028 -4.573245
v -0.470526 0.159028 -4.708452
v -0.433472 0.159028 -4.573245
v -0.433472 0.159028 -4.708452
v -0.470526 0.159028 -4.857181
v -0.470526 0.159028 -4.992387
v -0.433472 0.159028 -4.857181
v -0.433472 0.159028 -4.992387
v -0.470526 0.159028 -5.141114
v -0.470526 0.159028 -5.276321
v -0.433472 0.159028 -5.141114
v -0.433472 0.159028 -5.276321
v -0.470526 0.159028 -5.425048
v -0.470526 0.159028 -5.560255
v -0.433472 0.159028 -5.425048
v -0.433472 0.159028 -5.560255
v -0.470526 0.159028 -5.708982
v -0.470526 0.159028 -5.844189
v -0.433472 0.159028 -5.708982
v -0.433472 0.159028 -5.844189
v -1.013041 0.158971 -2.055539
v -1.013041 0.158971 -6.184440
v 0.114136 0.158971 -6.184440
v -0.114790 0.158971 0.341444
v 1.195476 0.158971 0.341444
v -0.789209 0.158971 0.341444
v 0.111198 0.158971 -2.055539
v 0.111198 0.158971 -0.149014
v -1.420847 0.158971 -0.149014
v -2.419426 0.160127 0.341444
v 1.202594 0.101802 -0.142182
v -0.499150 0.159028 -6.128123
v -0.396745 0.159028 -6.128123
v -0.470526 0.159028 -2.720914
v -0.433472 0.159028 -2.720914
v -0.470526 0.159028 -1.301243
v -0.433472 0.159028 -1.301243
v -1.420847 0.158971 -2.055539
v -1.062009 0.158971 0.341444
v -2.419426 0.158971 -0.149014
v 0.895363 0.000000 -7.689301
v -2.092453 0.000000 -8.252616
v -5.368975 0.000000 -7.101884
v -6.134328 0.000000 -4.129607
v -3.806399 0.000000 -1.527167
v -6.039938 0.000000 2.396415
v -6.423688 0.000000 5.600965
v -5.256595 0.000000 7.704993
v -0.808405 0.000000 8.500640
v 4.292402 0.000000 6.893676
v 6.899587 0.000000 4.343422
v 6.265416 0.000000 -0.344534
v 6.993180 0.000000 -1.968733
v 7.259281 0.000000 -4.312154
v 5.986854 0.000000 -5.844341
v 3.420235 0.000000 -6.001207
v -2.004805 0.158971 -7.096982
v 0.369379 0.158971 -6.649360
v -4.434018 0.158971 -6.243829
v -4.901092 0.158971 -4.429935
v -2.578710 0.158971 -1.833696
v -5.046616 0.158971 3.045836
v -4.976172 0.158971 5.902843
v -4.535785 0.158971 6.696772
v -0.909219 0.158971 7.345452
v 3.681586 0.158971 5.925291
v 5.645213 0.158971 4.004540
v 5.144592 0.158971 -0.198443
v 5.877216 0.203838 -2.334735
v 5.844592 0.158971 -4.263536
v 5.435134 0.158971 -4.756580
v 2.950966 0.158971 -4.908411
v -0.951094 0.158971 -1.454006
v -1.468501 0.158971 -2.542464
v -1.585324 0.158971 -1.601959
v 0.540343 0.158971 0.341444
v -3.219412 0.158971 -6.670405
v -2.722502 0.158971 7.021112
v 1.386184 0.158971 6.635372
v 4.663399 0.158971 4.964916
v 5.394903 0.158971 1.903049
v 5.510904 0.203838 -1.266589
v 4.193050 0.158971 -4.832498
v 1.660172 0.158971 -5.778885
v -1.740717 0.158971 0.341444
v 1.630464 0.158971 -0.173729
v -2.291758 0.441558 -4.465339
v -3.506364 0.441558 -4.038763
v 5.656175 0.158971 -3.545660
v 4.414091 0.702482 -3.621573
v 2.073221 0.158971 -2.528713
v 4.047779 0.735376 -2.553427
v 0.782428 0.158971 -3.399187
v 4.413089 0.629664 2.863424
v 3.168119 0.709481 2.894971
v 2.438531 0.520789 3.133367
v 0.143129 0.520789 3.843448
v -2.977917 0.396418 5.597265
v -3.733021 0.381370 1.693640
v -1.664322 0.466647 3.843448
v -0.985614 0.621820 3.843448
v 0.111198 0.158971 -1.102277
v -1.420847 0.158971 -1.102277
v -1.920136 0.158971 -0.149014
v -2.148281 0.313186 -5.781160
v -1.216944 0.158971 -4.119989
v -1.508923 0.158971 -6.640711
v -1.712826 0.313185 -4.576261
v -2.499068 0.158971 -0.991355
v -1.920136 0.158971 -1.102277
v -1.999779 0.158971 -1.944618
v 0.240289 0.158971 -4.352449
v 0.988952 0.158971 -1.774101
v -2.435234 0.441558 -3.149518
v -2.074030 0.313185 -3.862889
v -4.667555 0.158971 -5.336882
v -3.739901 0.158971 -3.131815
v -3.042537 0.158971 -2.936229
v -3.970191 0.158971 -5.141295
v -3.855046 0.158971 -4.136556
v -0.499150 0.159028 -5.986307
v -0.499150 0.159028 -5.844490
v -0.499150 0.159028 -5.702673
v -0.499150 0.159028 -5.560856
v -0.499150 0.159028 -5.419040
v -0.499150 0.159028 -5.277223
v -0.499150 0.159028 -5.135406
v -0.499150 0.159028 -4.993589
v -0.499150 0.159028 -4.851772
v -0.499150 0.159028 -4.709955
v -0.499150 0.159028 -4.568138
v -0.499150 0.159028 -4.426322
v -0.499150 0.159028 -4.284505
v -0.499150 0.159028 -4.142688
v -0.499150 0.159028 -4.000871
v -0.499150 0.159028 -3.859054
v -0.499150 0.159028 -3.717237
v -0.499150 0.159028 -3.575421
v -0.499150 0.159028 -3.433604
v -0.499150 0.159028 -3.291787
v -0.499150 0.159028 -3.149970
v -0.499150 0.159028 -3.008153
v -0.499150 0.159028 -2.866336
v -0.499150 0.159028 -2.724519
v -0.499150 0.159028 -2.582703
v -0.499150 0.159028 -2.440886
v -0.499150 0.159028 -2.299069
v -0.499150 0.159028 -2.157252
v -0.499150 0.159028 -2.015435
v -0.499150 0.159028 -1.873618
v -0.499150 0.159028 -1.731802
v -0.499150 0.159028 -1.589985
v -0.499150 0.159028 -1.448168
v -0.499150 0.159028 -1.306351
v -0.499150 0.159028 -1.164534
v -0.499150 0.159028 -1.022717
v -0.499150 0.159028 -0.880900
v -0.499150 0.159028 -0.739084
v -0.499150 0.159028 -0.597267
v -0.499150 0.159028 -0.455450
v -0.499150 0.159028 -0.313633
v -0.499150 0.159028 -0.171816
v -0.499150 0.159028 -0.029999
v -0.499150 0.159028 0.111817
v -0.396745 0.159028 -5.992341
v -0.396745 0.159028 -5.856559
v -0.396745 0.159028 -5.720777
v -0.396745 0.159028 -5.584994
v -0.396745 0.159028 -5.449212
v -0.396745 0.159028 -5.313430
v -0.396745 0.159028 -5.177648
v -0.396745 0.159028 -5.041865
v -0.396745 0.159028 -4.906083
v -0.396745 0.159028 -4.770301
v -0.396745 0.159028 -4.634519
v -0.396745 0.159028 -4.498736
v -0.396745 0.159028 -4.362954
v -0.396745 0.159028 -4.227172
v -0.396745 0.159028 -4.091390
v -0.396745 0.159028 -3.955608
v -0.396745 0.159028 -3.819826
v -0.396745 0.159028 -3.684044
v -0.396745 0.159028 -3.548262
v -0.396745 0.159028 -3.412480
v -0.396745 0.159028 -3.276698
v -0.396745 0.159028 -3.140916
v -0.396745 0.159028 -3.005134
v -0.396745 0.159028 -2.869352
v -0.396745 0.159028 -2.733570
v -0.396745 0.159028 -2.597788
v -0.396745 0.159028 -2.462006
v -0.396745 0.159028 -2.326224
v -0.396745 0.159028 -2.190442
v -0.396745 0.159028 -2.054660
v -0.396745 0.159028 -1.918878
v -0.396745 0.159028 -1.783096
v -0.396745 0.159028 -1.647314
v -0.396745 0.159028 -1.511532
v -0.396745 0.159028 -1.375750
v -0.396745 0.159028 -1.239968
v -0.396745 0.159028 -1.104186
v -0.396745 0.159028 -0.968404
v -0.396745 0.159028 -0.832622
v -0.396745 0.159028 -0.696840
v -0.396745 0.159028 -0.561058
v -0.396745 0.159028 -0.425276
v -0.396745 0.159028 -0.289494
v -0.396745 0.159028 -0.153712
v -0.396745 0.159028 -0.017930
v -0.396745 0.159028 0.117852
v 0.112513 0.158971 -6.004922
v 0.111198 0.158971 -5.825405
v 0.111198 0.158971 -5.645888
v 0.111198 0.158971 -5.466371
v 0.111198 0.158971 -5.286853
v 0.111198 0.158971 -5.107336
v 0.111198 0.158971 -4.927819
v 0.111198 0.158971 -4.748302
v 0.111198 0.158971 -4.568784
v 0.111198 0.158971 -4.389266
v 0.111198 0.158971 -4.209749
v 0.111198 0.158971 -4.030231
v 0.111198 0.158971 -3.850714
v 0.109521 0.158971 -3.671196
v 0.111198 0.158971 -3.491679
v 0.111198 0.158971 -3.312161
v 0.111198 0.158971 -3.132644
v 0.111198 0.158971 -2.953126
v 0.111198 0.158971 -2.773609
v 0.111198 0.158971 -2.594091
v 0.111198 0.158971 -2.414574
v 0.111198 0.158971 -2.235056
v 0.111198 0.158971 -1.015616
v 0.111198 0.158971 -0.928956
v 0.111198 0.158971 -0.842296
v 0.111198 0.158971 -0.755636
v 0.111198 0.158971 -0.668976
v 0.111198 0.158971 -0.582315
v 0.111198 0.158971 -0.495655
v 0.111198 0.158971 -0.408995
v 0.111198 0.158971 -0.322335
v 0.111198 0.158971 -0.235675
v 0.111198 0.158971 -1.968879
v 0.111198 0.158971 -1.882218
v 0.111198 0.158971 -1.795558
v 0.111198 0.158971 -1.708898
v 0.111198 0.158971 -1.622238
v 0.111198 0.158971 -1.535578
v 0.111198 0.158971 -1.448917
v 0.111198 0.158971 -1.362257
v 0.111198 0.158971 -1.275597
v 0.111198 0.158971 -1.188937
v -1.013041 0.158971 -2.430893
v -1.013041 0.158971 -2.806248
v -1.013041 0.158971 -3.181602
v -1.013041 0.158971 -3.556957
v -1.013041 0.158971 -3.932312
v -1.013041 0.158971 -4.307667
v -1.013041 0.158971 -4.683022
v -1.013041 0.158971 -5.058376
v -1.013041 0.158971 -5.433731
v -1.013041 0.158971 -5.809085
v -1.420847 0.158971 -1.188937
v -1.420847 0.158971 -1.275597
v -1.420847 0.158971 -1.362257
v -1.420847 0.158971 -1.448917
v -1.420847 0.158971 -1.535577
v -1.420847 0.158971 -1.622238
v -1.420847 0.158971 -1.708898
v -1.420847 0.158971 -1.795558
v -1.420847 0.158971 -1.882218
v -1.420847 0.158971 -1.968879
v -1.420847 0.158971 -0.235675
v -1.420847 0.158971 -0.322335
v -1.420847 0.158971 -0.408995
v -1.420847 0.158971 -0.495655
v -1.420847 0.158971 -0.582315
v -1.420847 0.158971 -0.668976
v -1.420847 0.158971 -0.755636
v -1.420847 0.158971 -0.842296
v -1.420847 0.158971 -0.928956
v -1.420847 0.158971 -1.015616
v 2.614044 0.520789 5.504149
v 0.951670 0.520789 5.659447
v 2.801840 0.158971 0.225996
v 3.973216 0.158971 0.217758
v 3.021776 0.124724 0.621578
v 2.395733 0.193218 0.633936
v 3.004632 0.713437 2.941215
v 3.953836 0.158971 0.630083
v 4.539524 0.158971 0.421983
v 5.155913 0.158971 0.100451
v -1.529837 0.613621 1.544880
v -1.039583 0.624128 1.594864
v -0.851569 0.552297 1.678779
v 2.482435 0.619378 1.170241
v 3.056706 0.619378 1.141723
v 4.069181 0.277190 1.191006
v 4.491967 0.336017 1.340306
v 3.398489 0.528780 1.228581
v 1.341578 0.204141 0.530745
v 2.806187 0.661921 1.984589
v 2.651161 0.641550 1.594646
v 2.644942 0.547731 2.086551
v 2.476248 0.495576 1.825883
v 2.639670 0.633856 1.445034
v 2.918319 0.636449 1.481814
v 2.868103 0.655676 1.859611
v 0.834854 0.140078 -0.146757
v 0.521141 0.158971 -0.381460
v 0.471226 0.158971 -0.149014
v 0.667783 0.153437 -0.216435
v 0.791700 0.610933 -0.876370
v 0.527762 0.630735 -1.119431
v 0.657083 0.682097 -1.041134
v 0.466493 0.396885 -4.805258
v 0.639877 0.402617 -4.520884
v 0.720311 0.464947 -5.124776
v 0.553460 0.473599 -5.200878
v 0.562595 0.446230 -4.812686
v 0.506873 0.624971 -3.020438
v 0.686252 0.609561 -2.932006
v 0.604042 0.680007 -3.012280
vn -0.0000 1.0000 -0.0000
vn 0.0046 0.7520 -0.6591
vn 0.0231 0.7479 -0.6634
vn 0.0140 0.7510 -0.6601
vn -0.0486 0.9821 -0.1821
vn 0.0239 0.9910 -0.1314
vn 0.0308 0.9827 -0.1826
vn -0.0562 0.9881 -0.1434
vn -0.0537 0.9896 -0.1332
vn -0.0400 0.9941 -0.1012
vn -0.1368 0.9899 -0.0360
vn -0.1622 0.9866 -0.0160
vn -0.1362 0.9901 -0.0351
vn -0.1059 0.9921 0.0675
vn -0.1130 0.9881 0.1048
vn -0.1048 0.9901 0.0937
vn -0.1242 0.9786 -0.1642
vn -0.1274 0.9910 -0.0422
vn -0.1031 0.9930 -0.0576
vn -0.1263 0.9897 -0.0669
vn -0.1083 0.9941 0.0022
vn -0.1005 0.9949 -0.0015
vn -0.1295 0.9836 0.1252
vn -0.1320 0.9900 0.0507
vn -0.1582 0.9864 0.0437
vn -0.0251 0.9900 0.1388
vn -0.0580 0.9891 0.1350
vn 0.0151 0.9879 0.1546
vn 0.0419 0.9886 0.1443
vn 0.0426 0.9899 0.1351
vn 0.0385 0.9920 0.1206
vn 0.0991 0.9878 0.1200
vn 0.1125 0.9892 0.0939
vn 0.0979 0.9897 0.1040
vn 0.1352 0.9908 -0.0077
vn 0.1498 0.9884 -0.0267
vn 0.1396 0.9895 -0.0360
vn 0.1855 0.9782 0.0932
vn 0.1600 0.9852 0.0615
vn 0.1439 0.9872 0.0691
vn 0.1157 0.9932 0.0162
vn 0.1124 0.9937 -0.0005
vn 0.1043 0.9945 0.0051
vn 0.1075 0.9897 -0.0948
vn 0.1171 0.9904 -0.0739
vn 0.1189 0.9885 -0.0936
vn 0.0180 0.9918 -0.1267
vn -0.0056 0.9858 -0.1677
vn -0.0026 0.9897 -0.1432
vn 0.0850 0.9909 -0.1046
vn 0.0727 0.9865 -0.1468
vn 0.0568 0.9887 -0.1390
vn -0.0868 0.9962 -0.0052
vn 0.0443 0.9990 0.0094
vn 0.0001 1.0000 -0.0003
vn -0.0233 0.9924 -0.1206
vn -0.0717 0.9836 -0.1655
vn -0.0522 0.9957 -0.0768
vn 0.0121 0.9990 0.0438
vn 0.0009 0.9999 -0.0160
vn 0.0051 0.9999 -0.0129
vn -0.0707 0.9948 -0.0733
vn 0.0178 0.9968 0.0778
vn -0.0026 0.9993 0.0384
vn 0.0230 0.9997 -0.0040
vn 0.0280 0.9988 0.0392
vn 0.0050 1.0000 -0.0031
vn -0.0010 0.9999 0.0160
vn 0.0042 0.9992 -0.0391
vn 0.0011 1.0000 -0.0058
vn 0.0012 1.0000 0.0022
vn -0.0047 1.0000 0.0065
vn 0.0134 0.9985 0.0522
vn 0.0029 1.0000 -0.0065
vn -0.0838 0.9963 -0.0168
vn -0.0547 0.9985 -0.0096
vn -0.0875 0.9944 -0.0588
vn -0.0057 0.9999 0.0100
vn 0.0310 0.9995 0.0029
vn -0.0126 0.9995 -0.0281
vn -0.0866 0.9957 -0.0320
vn -0.1408 0.9896 -0.0279
vn -0.1415 0.9899 -0.0020
vn 0.2407 0.9632 0.1199
vn 0.2316 0.9641 0.1296
vn 0.2494 0.9594 0.1320
vn 0.0433 0.9990 -0.0138
vn -0.0003 1.0000 -0.0001
vn 0.0409 0.9990 0.0193
vn 0.0328 0.9986 -0.0403
vn 0.0015 0.9968 -0.0797
vn 0.0001 1.0000 0.0003
vn 0.0025 0.9947 -0.1028
vn -0.0384 0.9962 0.0780
vn 0.0050 0.9988 0.0492
vn 0.1169 0.9814 0.1526
vn 0.0375 0.9992 -0.0138
vn 0.0531 0.9742 -0.2194
vn 0.0223 0.9917 -0.1267
vn 0.0300 0.9908 -0.1322
vn -0.0630 0.9878 -0.1422
vn -0.0535 0.9900 -0.1306
vn -0.0354 0.9893 -0.1418
vn -0.1486 0.9885 -0.0292
vn -0.1527 0.9882 -0.0073
vn -0.1359 0.9900 -0.0370
vn -0.1057 0.9899 0.0945
vn -0.1159 0.9908 0.0698
vn -0.1058 0.9806 -0.1647
vn -0.1768 0.9832 -0.0458
vn -0.1419 0.9887 -0.0480
vn -0.1626 0.9852 -0.0537
vn -0.2577 0.9662 0.0089
vn -0.1562 0.9876 0.0183
vn -0.1797 0.9818 0.0614
vn -0.1292 0.9884 0.0793
vn -0.1406 0.9883 0.0596
vn -0.0340 0.9831 0.1799
vn -0.0238 0.9926 0.1189
vn -0.0248 0.9901 0.1384
vn 0.0434 0.9895 0.1378
vn 0.0411 0.9903 0.1327
vn 0.0330 0.9901 0.1364
vn 0.1098 0.9880 0.1085
vn 0.1094 0.9900 0.0894
vn 0.0857 0.9896 0.1155
vn 0.1494 0.9885 -0.0216
vn 0.1271 0.9918 -0.0162
vn 0.1294 0.9916 -0.0083
vn 0.1968 0.9787 0.0582
vn 0.1843 0.9813 0.0550
vn 0.1871 0.9771 0.1012
vn 0.1886 0.9818 -0.0211
vn 0.2091 0.9763 -0.0562
vn 0.1806 0.9829 -0.0370
vn 0.1125 0.9894 -0.0920
vn 0.1102 0.9888 -0.1005
vn 0.1254 0.9885 -0.0841
vn 0.0036 0.9886 -0.1506
vn 0.0097 0.9925 -0.1223
vn 0.0230 0.9910 -0.1319
vn 0.0876 0.9860 -0.1416
vn 0.0602 0.9909 -0.1200
vn 0.0860 0.9905 -0.1071
vn -0.0132 0.9998 -0.0145
vn 0.0008 0.9999 0.0155
vn 0.0073 0.9999 -0.0121
vn -0.0002 0.9955 0.0949
vn 0.0051 0.9955 0.0943
vn 0.0011 0.9964 0.0853
vn -0.1223 0.9686 0.2163
vn -0.1796 0.9611 0.2100
vn -0.1733 0.9491 0.2629
vn -0.0758 0.9961 -0.0455
vn -0.1423 0.9878 0.0628
vn -0.1403 0.9813 0.1319
vn 0.1502 0.9882 0.0297
vn 0.1771 0.9819 -0.0669
vn 0.1137 0.9927 -0.0392
vn 0.0454 0.9974 -0.0552
vn 0.1154 0.9848 -0.1299
vn 0.0449 0.9857 -0.1624
vn -0.0217 0.9747 -0.2224
vn 0.0992 0.9587 -0.2666
vn -0.3297 0.8439 -0.4233
vn -0.3778 0.8013 0.4639
vn -0.1950 0.9618 0.1919
vn -0.2397 0.9708 0.0110
vn -0.4685 0.8277 0.3088
vn -0.1665 0.9860 -0.0023
vn -0.5570 0.8175 -0.1462
vn -0.0917 0.9943 -0.0539
vn 0.0352 0.9980 -0.0516
vn -0.0015 0.9884 -0.1520
vn 0.0169 0.9910 0.1329
vn 0.1288 0.9896 0.0646
vn -0.0316 0.9994 -0.0157
vn -0.1014 0.9944 -0.0293
vn -0.0095 0.9986 0.0523
vn -0.0297 0.9968 -0.0737
vn -0.1413 0.9864 0.0837
vn -0.0517 0.9967 0.0628
vn -0.1771 0.9830 -0.0489
vn 0.4990 0.8658 -0.0378
vn 0.5667 0.8222 -0.0523
vn 0.1290 0.9837 -0.1255
vn -0.0956 0.9898 -0.1057
vn 0.0412 0.7890 -0.6130
vn -0.0367 0.9681 -0.2478
vn 0.0163 0.9850 -0.1716
vn -0.0305 0.9967 -0.0753
vn 0.0509 0.9936 -0.1006
vn 0.0028 0.9848 0.1737
vn -0.1476 0.9801 0.1326
vn 0.0107 0.9713 0.2378
vn 0.0227 0.9877 -0.1548
vn -0.0568 0.9925 -0.1082
vn -0.0303 0.9969 -0.0725
vn 0.0636 0.9975 0.0324
vn -0.0045 1.0000 -0.0035
vn -0.0001 0.9998 0.0223
vn 0.1254 0.8958 0.4264
vn 0.1487 0.8977 0.4148
vn 0.1380 0.8936 0.4272
vn 0.0009 0.9890 -0.1479
vn -0.0397 0.9776 -0.2066
vn -0.0783 0.9810 -0.1772
vn 0.0516 0.9837 0.1725
vn 0.1170 0.9784 0.1704
vn 0.0673 0.9851 0.1585
vn 0.0045 0.7520 -0.6591
vn -0.0245 0.7356 -0.6770
vn -0.1467 0.9750 -0.1667
vn -0.1737 0.9750 -0.1386
vn -0.1780 0.9716 -0.1557
vn 0.1764 0.9663 0.1876
vn 0.1864 0.9599 0.2092
vn 0.1929 0.9636 0.1852
vn 0.5272 0.8424 0.1117
vn 0.5211 0.8419 0.1403
vn 0.5341 0.8340 0.1383
vn 0.2746 0.9477 -0.1628
vn 0.2871 0.9428 -0.1694
vn 0.2979 0.9376 -0.1795
vn -0.7636 0.6443 -0.0429
vn 0.0823 0.9966 0.0080
vn -0.0087 0.9997 -0.0228
vn 0.0025 0.9994 0.0342
vn 0.0053 0.9997 -0.0238
vn -0.0270 0.9995 -0.0182
vn 0.0266 0.9994 0.0217
vn -0.2569 0.9579 -0.1284
vn -0.3162 0.9440 -0.0940
vn -0.2405 0.9667 -0.0878
vn 0.2953 0.9535 0.0604
vn 0.2792 0.9584 0.0601
vn 0.2907 0.9471 0.1363
vn 0.2504 0.9652 0.0750
vn 0.2218 0.9691 0.1074
vn 0.2920 0.9463 0.1391
vn -0.2576 0.9598 -0.1116
vn -0.2912 0.9507 -0.1064
vn -0.2910 0.9540 -0.0726
vn -0.2734 0.9614 -0.0296
vn -0.2781 0.9587 -0.0595
vn -0.2904 0.9558 -0.0460
vn -0.0039 0.9800 0.1990
vn -0.0037 0.9800 0.1988
vn 0.0030 0.9765 0.2156
vn 0.3812 0.9201 -0.0903
vn 0.4624 0.8828 -0.0833
vn 0.3824 0.9137 -0.1374
vn 0.3561 0.8191 -0.4498
vn 0.4057 0.8148 -0.4141
vn 0.4166 0.7733 -0.4780
vn 0.0277 0.9226 -0.3847
vn 0.0488 0.9186 -0.3922
vn -0.0077 0.8843 -0.4669
vn -0.2564 0.8778 0.4047
vn -0.2231 0.9316 0.2869
vn -0.3188 0.8872 0.3335
vn -0.0872 0.9819 -0.1680
vn -0.0347 0.9951 -0.0923
vn 0.0112 0.9882 -0.1526
vn -0.2726 0.9555 -0.1131
vn -0.2147 0.9621 -0.1682
vn -0.2710 0.9424 -0.1960
vn -0.0025 0.9987 -0.0512
vn -0.0081 0.9984 -0.0557
vn -0.5912 0.7737 -0.2280
vn -0.7962 0.5772 0.1814
vn -0.3486 0.9127 -0.2133
vn -0.0901 0.9925 -0.0831
vn -0.0812 0.9839 -0.1593
vn -0.0898 0.9926 -0.0813
vn 0.4087 0.9118 0.0390
vn 0.4095 0.9044 0.1203
vn 0.4249 0.9051 0.0152
vn -0.0073 0.9788 0.2047
vn 0.0398 0.9685 0.2459
vn 0.0661 0.9812 0.1811
vn -0.0234 0.9960 0.0865
vn 0.0157 0.9961 0.0866
vn 0.0320 0.9989 0.0332
vn 0.0008 1.0000 -0.0024
vn -0.0327 0.9988 0.0369
vn 0.0363 0.9991 0.0205
vn 0.0023 1.0000 -0.0010
vn -0.0031 0.9988 0.0492
vn -0.0184 0.9992 0.0347
vn 0.0476 0.9988 0.0129
vn 0.2594 0.9655 0.0223
vn 0.2796 0.9596 0.0327
vn 0.2694 0.9629 -0.0119
vn 0.3246 0.9443 -0.0536
vn 0.3258 0.9454 0.0073
vn 0.3303 0.9428 -0.0456
vn 0.0188 0.9966 -0.0800
vn 0.0938 0.9950 -0.0353
vn 0.0619 0.9952 -0.0761
vn -0.5793 0.8132 0.0559
vn -0.6750 0.7374 0.0252
vn -0.6182 0.7745 0.1339
vn 0.0100 0.9999 -0.0095
vn -0.0578 0.9979 -0.0303
vn 0.0051 0.9999 0.0136
vn 0.0012 1.0000 -0.0002
vn -0.0547 0.9968 -0.0580
vn 0.0041 0.9999 0.0132
vn -0.0820 0.9933 0.0809
vn -0.1453 0.9858 0.0848
vn -0.0977 0.9896 0.1057
vn -0.0643 0.9655 0.2523
vn 0.0019 0.9874 0.1583
vn 0.1266 0.9919 -0.0137
vn 0.1381 0.9902 -0.0182
vn 0.1348 0.9904 -0.0317
vn 0.0028 0.9922 -0.1248
vn 0.0411 0.9895 -0.1383
vn -0.0224 0.9894 -0.1435
vn 0.0824 0.9913 -0.1025
vn 0.1551 0.9849 -0.0767
vn 0.0490 0.9898 -0.1339
vn 0.2981 0.9482 -0.1100
vn 0.4335 0.8908 -0.1361
vn 0.1029 0.9111 -0.3992
vn -0.0449 0.9950 -0.0887
vn -0.0565 0.9824 -0.1780
vn -0.0944 0.9935 -0.0639
vn 0.0127 0.9999 0.0056
vn -0.0231 0.9991 -0.0347
vn -0.0979 0.9948 0.0281
vn 0.0238 0.9984 -0.0515
vn 0.0191 0.9998 -0.0018
vn 0.0251 0.9997 -0.0001
vn 0.0098 0.9999 0.0127
vn 0.2382 0.9666 -0.0946
vn 0.2447 0.9687 -0.0420
vn 0.2822 0.9520 -0.1185
vn -0.0049 1.0000 -0.0012
vn 0.0055 0.9999 0.0101
vn 0.0031 0.9995 -0.0307
vn 0.0364 0.9990 0.0272
vn -0.0763 0.9947 -0.0688
vn -0.0236 0.9997 -0.0062
vn 0.0290 0.9966 0.0775
vn 0.0966 0.9881 -0.1196
vn -0.0325 0.9888 -0.1455
vn -0.0912 0.9879 -0.1254
vn -0.0527 0.9903 -0.1289
vn -0.1383 0.9892 -0.0487
vn -0.1414 0.9897 -0.0215
vn -0.1459 0.9893 -0.0042
vn 0.0360 0.9901 0.1354
vn 0.1627 0.9761 0.1440
vn 0.0406 0.9903 0.1325
vn 0.0913 0.9894 0.1127
vn 0.1071 0.9892 0.1000
vn 0.1059 0.9906 0.0868
vn 0.1555 0.9823 0.1044
vn 0.1536 0.9839 0.0910
vn 0.1450 0.9856 0.0871
vn -0.3436 0.9304 -0.1273
vn -0.2642 0.9336 -0.2420
vn -0.3822 0.9125 -0.1460
vn 0.4987 0.8660 -0.0379
vn 0.1292 0.9836 -0.1259
vn 0.1546 0.9879 -0.0105
vn -0.3237 0.9462 -0.0030
vn -0.2966 0.9529 0.0637
vn -0.2950 0.9540 0.0525
vn -0.0014 0.9995 -0.0327
vn -0.0640 0.9971 0.0401
vn 0.0611 0.9979 0.0231
vn -0.3011 0.9255 0.2296
vn -0.3784 0.9184 0.1152
vn -0.3969 0.9018 0.1709
vn -0.0127 0.9998 0.0143
vn 0.0141 0.9999 -0.0036
vn -0.0129 0.9979 -0.0639
vn 0.5504 0.8344 -0.0284
vn 0.5497 0.8347 0.0326
vn 0.5998 0.7998 0.0248
vn 0.4173 0.9087 0.0089
vn 0.4274 0.9019 0.0622
vn 0.4496 0.8897 0.0796
vn 0.0845 0.9963 0.0126
vn 0.0984 0.9935 0.0575
vn 0.1014 0.9933 0.0555
vn 0.1540 0.9613 -0.2284
vn 0.3969 0.9061 0.1464
vn -0.4272 0.9041 0.0063
vn -0.5833 0.6486 0.4890
vn -0.6780 0.6522 0.3392
vn -0.6721 0.5860 0.4527
vn 0.0120 0.9999 0.0069
vn -0.0178 0.9968 -0.0778
vn -0.0218 0.9979 0.0614
vn 0.0009 1.0000 0.0008
vn -0.0076 0.9999 -0.0117
vn -0.0785 0.9968 0.0143
vn -0.0003 1.0000 -0.0010
vn -0.0000 1.0000 -0.0010
vn -0.0000 1.0000 0.0007
vn 0.0001 1.0000 -0.0000
vn -0.0001 1.0000 -0.0000
vn -0.0510 0.9987 -0.0009
vn 0.1058 0.9944 -0.0063
vn -0.0216 0.9979 -0.0610
vn -0.0857 0.9681 -0.2354
vn -0.0592 0.9979 0.0259
vn -0.0912 0.9681 -0.2332
vn -0.2238 0.9681 0.1123
vn -0.0622 0.9870 -0.1485
vn -0.2152 0.9681 0.1279
vn -0.0870 0.9681 -0.2349
vn -0.1476 0.9870 0.0641
vn -0.0634 0.9979 -0.0123
vn -0.0925 0.9682 -0.2326
vn -0.2219 0.9681 0.1161
vn -0.2491 0.9681 -0.0254
vn -0.0630 0.9870 -0.1481
vn -0.2130 0.9682 0.1314
vn -0.2504 0.9682 -0.0016
vn -0.0883 0.9681 -0.2344
vn -0.1464 0.9870 0.0666
vn -0.2496 0.9681 -0.0198
vn -0.0603 0.9870 -0.1492
vn -0.2199 0.9681 0.1198
vn -0.2502 0.9682 0.0040
vn -0.0840 0.9681 -0.2359
vn -0.1499 0.9870 0.0584
vn -0.0896 0.9681 -0.2339
vn -0.2260 0.9682 0.1075
vn -0.2500 0.9681 -0.0142
vn -0.0345 0.9994 -0.0015
vn -0.2179 0.9681 0.1235
vn -0.2482 0.9682 -0.0322
vn -0.0012 0.9994 0.0346
vn -0.2503 0.9681 -0.0086
vn 0.0001 1.0000 0.0001
vn 0.0002 1.0000 -0.0000
vn 0.0393 0.9992 0.0004
vn -0.0001 1.0000 -0.0001
vn -0.0000 1.0000 -0.0024
vn 0.0043 1.0000 0.0017
vn 0.0227 0.9987 -0.0459
vn 0.0017 1.0000 -0.0006
vn 0.0485 0.9987 -0.0154
vn -0.0554 0.9951 -0.0817
vn 0.0366 0.9951 -0.0922
vn 0.0354 0.9994 -0.0050
vn 0.0169 0.9944 -0.1045
vn -0.0000 1.0000 0.0002
vn 0.0984 0.9944 -0.0391
vn -0.0002 1.0000 -0.0000
vn 0.0969 0.9951 -0.0210
vn -0.0272 0.9994 -0.0232
vn 0.0161 0.9994 -0.0319
vn 0.0290 0.9994 -0.0209
vn 0.0793 0.9944 -0.0701
vn -0.0262 0.9996 -0.0070
vn -0.0002 0.9983 -0.0579
vn 0.1542 0.9671 0.2024
vn 0.0905 0.9477 0.3061
vn 0.0901 0.9463 0.3104
vn 0.0261 0.9410 0.3374
vn 0.0835 0.9214 0.3795
vn 0.0326 0.9434 0.3299
vn 0.0643 0.9975 0.0308
vn 0.0528 0.9975 -0.0479
vn 0.3218 0.9464 -0.0280
vn 0.3380 0.9411 -0.0039
vn 0.3328 0.9419 -0.0464
vn -0.0581 0.9803 0.1887
vn -0.0541 0.9834 0.1733
vn -0.0644 0.9832 0.1709
vn 0.0675 0.9774 0.2004
vn 0.0694 0.9764 0.2046
vn 0.0744 0.9734 0.2169
vn -0.0004 0.9996 -0.0273
vn 0.0157 0.9998 -0.0109
vn 0.0060 0.9998 -0.0181
vn -0.0543 0.9910 0.1222
vn -0.0481 0.9913 0.1228
vn -0.0556 0.9917 0.1159
vn 0.0949 0.8959 -0.4340
vn 0.1042 0.8940 -0.4359
vn 0.0980 0.8859 -0.4534
vn 0.0945 0.9859 -0.1384
vn 0.0949 0.9916 -0.0876
vn 0.0921 0.9916 -0.0912
vn 0.0885 0.9859 -0.1423
vn 0.1108 0.9843 -0.1371
vn 0.1059 0.9833 -0.1481
vn -0.0992 0.9878 0.1199
vn -0.1250 0.9885 0.0848
vn -0.0868 0.9906 0.1055
vn -0.7903 0.5753 0.2107
vn -0.2437 0.9675 -0.0677
vn -0.2155 0.9719 -0.0952
vn 0.0103 0.9999 0.0116
vn 0.0034 1.0000 -0.0002
vn -0.0154 0.9999 0.0020
vn -0.0859 0.9762 -0.1991
vn -0.0583 0.9744 -0.2173
vn -0.0654 0.9753 -0.2108
vn 0.0222 0.9996 -0.0160
vn 0.0144 0.9999 0.0025
vn 0.0185 0.9998 -0.0047
vn -0.0515 0.9986 0.0111
vn -0.0429 0.9991 -0.0034
vn -0.0437 0.9990 -0.0114
vn 0.0079 0.9999 0.0133
vn -0.0007 1.0000 0.0034
vn 0.5647 0.8250 -0.0229
vn -0.4724 0.8755 -0.1020
vn 0.7308 0.6742 -0.1066
vn -0.1858 0.8235 0.5360
vn -0.5246 0.7164 0.4600
vn -0.0552 0.9942 0.0921
vn -0.0097 0.9987 -0.0505
vn -0.1372 0.9764 -0.1668
vn -0.0058 0.9983 -0.0575
vn -0.0158 0.9949 -0.0993
vn -0.1242 0.9808 -0.1500
vn -0.1328 0.9884 -0.0737
vn -0.1143 0.9838 -0.1380
vn -0.0095 0.9987 -0.0496
vn -0.0576 0.9745 -0.2170
vn -0.3665 0.9036 -0.2218
vn -0.2436 0.9675 -0.0677
vn 0.0944 0.9859 -0.1384
vn 0.0975 0.9898 -0.1041
vn 0.0948 0.9916 -0.0876
vn 0.0948 0.8959 -0.4340
vn 0.1052 0.8857 -0.4522
vn 0.1041 0.8940 -0.4359
vn 0.2921 0.9417 -0.1672
vn -0.1224 0.9686 0.2163
vn -0.1563 0.9644 0.2131
vn -0.0001 0.9977 -0.0672
vn 0.0329 0.9986 -0.0404
vn -0.0002 0.9992 0.0393
vn 0.1265 0.9919 -0.0137
vn 0.1386 0.9902 -0.0149
vn 0.1382 0.9902 -0.0182
vn -0.0000 1.0000 0.0003
vn -0.0764 0.9947 -0.0688
vn 0.0027 0.9979 -0.0647
vn -0.0763 0.9947 -0.0689
vn -0.0229 0.9746 -0.2230
vn 0.0400 0.9878 -0.1506
vn 0.0982 0.9580 -0.2694
vn 0.1299 0.9584 0.2542
vn 0.3905 0.9203 -0.0247
vn 0.3502 0.8233 -0.4466
vn -0.2095 0.9314 0.2977
vn 0.0302 0.9988 0.0398
vn -0.0788 0.8977 -0.4335
vn -0.0957 0.9752 -0.1994
vn 0.0136 0.9784 -0.2062
vn 0.0379 0.9696 -0.2416
vn 0.0940 0.9956 0.0060
vn 0.0234 0.9871 0.1581
vn 0.4260 0.8533 0.3006
vn -0.7778 0.5669 0.2715
vn -0.6074 0.7944 0.0062
vn -0.5724 0.8182 -0.0540
vn -0.0897 0.9739 -0.2085
vn -0.0563 0.9767 -0.2069
vn -0.0558 0.9747 -0.2162
vn 0.3161 0.9168 -0.2441
vn 0.3177 0.9099 -0.2668
vn 0.3192 0.9064 -0.2767
vn 0.3463 0.6796 -0.6468
vn 0.3341 0.6628 -0.6702
vn 0.3295 0.6700 -0.6652
vn -0.3371 0.9412 0.0234
vn -0.2969 0.9528 0.0639
vn -0.5911 0.7737 -0.2280
vn -0.8048 0.5824 0.1141
vn -0.7943 0.6074 0.0117
vn -0.5106 0.8244 -0.2443
vn -0.2717 0.9487 -0.1616
vn 0.0048 1.0000 0.0037
vn -0.4724 0.8754 -0.1020
vn -0.4272 0.9042 0.0063
vn 0.0047 1.0000 0.0037
vn 0.0048 1.0000 0.0036
vn 0.0214 0.9992 0.0339
vn 0.0807 0.8397 0.5371
vn -0.6836 0.6177 0.3888
vn 0.0329 0.9986 -0.0403
vn -0.7496 0.6619 -0.0000
vn 0.8346 0.5434 -0.0902
vn -0.7558 0.6548 0.0063
vn 0.8793 0.4740 -0.0454
vn 0.9606 0.2707 -0.0633
vn -0.7796 0.6232 -0.0620
vn -0.8058 0.5904 -0.0453
vn 0.9385 0.3240 -0.1193
vt 0.875000 0.500000
vt 0.625000 0.750000
vt 0.625000 0.500000
vt 0.000000 0.000000
vt 0.875000 0.750000
vt 0.625000 0.739362
vt 0.625000 0.734043
vt 0.875000 0.583333
vt 0.875000 0.577778
vt 0.875000 0.505556
vt 0.625000 0.510638
vt 0.625000 0.505319
vt 0.625000 0.515957
vt 0.875000 0.511111
vt 0.875000 0.516667
vt 0.625000 0.521277
vt 0.875000 0.522222
vt 0.625000 0.531915
vt 0.875000 0.527778
vt 0.875000 0.533333
vt 0.625000 0.542553
vt 0.875000 0.538889
vt 0.875000 0.544444
vt 0.625000 0.553191
vt 0.625000 0.547872
vt 0.875000 0.550000
vt 0.875000 0.555556
vt 0.625000 0.563830
vt 0.625000 0.558511
vt 0.875000 0.561111
vt 0.875000 0.566667
vt 0.625000 0.574468
vt 0.875000 0.572222
vt 0.625000 0.585106
vt 0.625000 0.579787
vt 0.875000 0.588889
vt 0.625000 0.595745
vt 0.875000 0.594444
vt 0.875000 0.600000
vt 0.625000 0.606383
vt 0.875000 0.605556
vt 0.875000 0.611111
vt 0.625000 0.617021
vt 0.875000 0.616667
vt 0.875000 0.622222
vt 0.625000 0.632979
vt 0.875000 0.633333
vt 0.625000 0.643617
vt 0.875000 0.644444
vt 0.625000 0.654255
vt 0.875000 0.655556
vt 0.625000 0.664894
vt 0.875000 0.666667
vt 0.625000 0.675532
vt 0.875000 0.677778
vt 0.625000 0.686170
vt 0.625000 0.680851
vt 0.875000 0.688889
vt 0.625000 0.696809
vt 0.875000 0.700000
vt 0.625000 0.707447
vt 0.875000 0.711111
vt 0.625000 0.718085
vt 0.875000 0.722222
vt 0.625000 0.728723
vt 0.875000 0.733333
vt 0.625000 0.744681
vt 0.875000 0.744444
vt 0.875000 0.738889
vt 0.875000 0.727778
vt 0.625000 0.723404
vt 0.625000 0.712766
vt 0.875000 0.716667
vt 0.625000 0.702128
vt 0.875000 0.705555
vt 0.625000 0.691489
vt 0.875000 0.694444
vt 0.875000 0.683333
vt 0.625000 0.670213
vt 0.875000 0.672222
vt 0.625000 0.659574
vt 0.875000 0.661111
vt 0.625000 0.648936
vt 0.875000 0.650000
vt 0.625000 0.638298
vt 0.875000 0.638889
vt 0.625000 0.622340
vt 0.875000 0.627778
vt 0.625000 0.611702
vt 0.625000 0.601064
vt 0.625000 0.590425
vt 0.625000 0.569149
vt 0.625000 0.537234
vt 0.625000 0.526596
vt 0.625000 0.627659
s 0
usemtl SBX_49
f 4/1/1 5/2/1 6/3/1
f 8/1/1 9/2/1 10/3/1
f 12/1/1 13/2/1 14/3/1
f 16/1/1 17/2/1 18/3/1
f 98/1/1 20/2/1 99/3/1
f 22/1/1 23/2/1 24/3/1
f 26/1/1 27/2/1 28/3/1
f 30/1/1 31/2/1 32/3/1
f 34/1/1 35/2/1 36/3/1
f 96/1/1 38/2/1 97/3/1
f 40/1/1 41/2/1 42/3/1
f 44/1/1 45/2/1 46/3/1
f 48/1/1 49/2/1 50/3/1
f 52/1/1 53/2/1 54/3/1
f 56/1/1 57/2/1 58/3/1
f 60/1/1 61/2/1 62/3/1
f 64/1/1 65/2/1 66/3/1
f 68/1/1 69/2/1 70/3/1
f 72/1/1 73/2/1 74/3/1
f 76/1/1 77/2/1 78/3/1
f 80/1/1 81/2/1 82/3/1
f 4/1/1 3/5/1 5/2/1
f 8/1/1 7/5/1 9/2/1
f 12/1/1 11/5/1 13/2/1
f 16/1/1 15/5/1 17/2/1
f 98/1/1 19/5/1 20/2/1
f 22/1/1 21/5/1 23/2/1
f 26/1/1 25/5/1 27/2/1
f 30/1/1 29/5/1 31/2/1
f 34/1/1 33/5/1 35/2/1
f 96/1/1 37/5/1 38/2/1
f 40/1/1 39/5/1 41/2/1
f 44/1/1 43/5/1 45/2/1
f 48/1/1 47/5/1 49/2/1
f 52/1/1 51/5/1 53/2/1
f 56/1/1 55/5/1 57/2/1
f 60/1/1 59/5/1 61/2/1
f 64/1/1 63/5/1 65/2/1
f 68/1/1 67/5/1 69/2/1
f 72/1/1 71/5/1 73/2/1
f 76/1/1 75/5/1 77/2/1
f 80/1/1 79/5/1 81/2/1
usemtl SBX_40
f 21/5/1 99/3/1 23/2/1
f 24/3/1 25/5/1 22/1/1
f 28/3/1 29/5/1 26/1/1
f 90/4/90 138/4/91 373/4/90
f 363/4/205 351/4/206 157/4/207
f 370/4/268 369/4/268 365/4/269
f 367/4/270 366/4/271 364/4/272
f 93/4/273 363/4/274 367/4/275
f 32/3/1 33/5/1 30/1/1
f 36/3/1 37/5/1 34/1/1
f 39/5/1 97/3/1 41/2/1
f 42/3/1 43/5/1 40/1/1
f 46/3/1 47/5/1 44/1/1
f 50/3/1 51/5/1 48/1/1
f 54/3/1 55/5/1 52/1/1
f 58/3/1 59/5/1 56/1/1
f 62/3/1 63/5/1 60/1/1
f 66/3/1 67/5/1 64/1/1
f 70/3/1 71/5/1 68/1/1
f 74/3/1 75/5/1 72/1/1
f 78/3/1 79/5/1 76/1/1
f 85/4/402 94/1/403 95/3/403
f 18/3/1 19/5/1 16/1/1
f 14/3/1 15/5/1 12/1/1
f 10/3/1 11/5/1 8/1/1
f 6/3/1 7/5/1 4/1/1
f 1/5/404 86/4/404 2/2/404
f 271/6/405 90/4/405 270/7/405
f 319/4/406 197/8/406 196/9/406
f 90/4/1 86/4/1 138/4/407
f 183/10/1 228/11/1 227/12/1
f 82/3/1 183/10/1 80/1/1
f 229/13/1 82/3/1 81/2/1
f 79/5/1 184/14/1 185/15/1
f 183/10/1 184/14/1 80/1/1
f 230/16/1 81/2/1 78/3/1
f 76/1/1 185/15/1 186/17/1
f 232/18/1 77/2/1 74/3/1
f 72/1/1 187/19/1 188/20/1
f 234/21/1 73/2/1 70/3/1
f 68/1/1 189/22/1 190/23/1
f 236/24/1 235/25/1 69/2/1
f 64/1/1 191/26/1 192/27/1
f 238/28/1 237/29/1 65/2/1
f 65/2/1 237/29/1 66/3/1
f 63/5/1 192/27/1 193/30/1
f 60/1/1 193/30/1 194/31/1
f 240/32/1 61/2/1 58/3/1
f 56/1/1 195/33/1 196/9/1
f 242/34/1 241/35/1 57/2/1
f 52/1/1 197/8/1 198/36/1
f 50/3/1 244/37/1 53/2/1
f 48/1/1 199/38/1 200/39/1
f 46/3/1 246/40/1 49/2/1
f 44/1/1 201/41/1 202/42/1
f 42/3/1 248/43/1 45/2/1
f 40/1/1 203/44/1 204/45/1
f 251/46/1 41/2/1 97/3/1
f 39/5/1 206/47/1 96/1/1
f 253/48/1 38/2/1 36/3/1
f 37/5/1 208/49/1 34/1/1
f 255/50/1 35/2/1 32/3/1
f 33/5/1 210/51/1 30/1/1
f 257/52/1 31/2/1 28/3/1
f 29/5/1 212/53/1 26/1/1
f 259/54/1 27/2/1 24/3/1
f 25/5/1 214/55/1 22/1/1
f 261/56/1 260/57/1 23/2/1
f 21/5/1 216/58/1 98/1/1
f 18/3/1 263/59/1 20/2/1
f 19/5/1 218/60/1 16/1/1
f 14/3/1 265/61/1 17/2/1
f 15/5/1 220/62/1 12/1/1
f 10/3/1 267/63/1 13/2/1
f 11/5/1 222/64/1 8/1/1
f 6/3/1 269/65/1 9/2/1
f 7/5/1 224/66/1 4/1/1
f 2/2/1 272/67/1 1/5/1
f 1/5/1 272/67/1 226/68/1
f 272/67/1 271/6/1 226/68/1
f 226/68/1 271/6/1 225/69/1
f 3/5/1 271/6/1 5/2/1
f 5/2/1 270/7/1 6/3/1
f 4/1/1 225/69/1 3/5/1
f 8/1/1 223/70/1 7/5/1
f 9/2/1 268/71/1 10/3/1
f 13/2/1 266/72/1 14/3/1
f 12/1/1 221/73/1 11/5/1
f 17/2/1 264/74/1 18/3/1
f 16/1/1 219/75/1 15/5/1
f 20/2/1 262/76/1 99/3/1
f 98/1/1 217/77/1 19/5/1
f 260/57/1 24/3/1 23/2/1
f 22/1/1 215/78/1 21/5/1
f 258/79/1 28/3/1 27/2/1
f 26/1/1 213/80/1 25/5/1
f 256/81/1 32/3/1 31/2/1
f 30/1/1 211/82/1 29/5/1
f 254/83/1 36/3/1 35/2/1
f 34/1/1 209/84/1 33/5/1
f 252/85/1 97/3/1 38/2/1
f 96/1/1 207/86/1 37/5/1
f 41/2/1 249/87/1 42/3/1
f 40/1/1 205/88/1 39/5/1
f 45/2/1 247/89/1 46/3/1
f 43/5/1 202/42/1 203/44/1
f 49/2/1 245/90/1 50/3/1
f 47/5/1 200/39/1 201/41/1
f 53/2/1 243/91/1 54/3/1
f 51/5/1 198/36/1 199/38/1
f 241/35/1 58/3/1 57/2/1
f 55/5/1 196/9/1 197/8/1
f 61/2/1 239/92/1 62/3/1
f 59/5/1 194/31/1 195/33/1
f 235/25/1 70/3/1 69/2/1
f 67/5/1 190/23/1 191/26/1
f 233/93/1 74/3/1 73/2/1
f 71/5/1 188/20/1 189/22/1
f 231/94/1 78/3/1 77/2/1
f 75/5/1 186/17/1 187/19/1
f 21/5/1 98/1/1 99/3/1
f 24/3/1 27/2/1 25/5/1
f 28/3/1 31/2/1 29/5/1
f 32/3/1 35/2/1 33/5/1
f 36/3/1 38/2/1 37/5/1
f 39/5/1 96/1/1 97/3/1
f 42/3/1 45/2/1 43/5/1
f 46/3/1 49/2/1 47/5/1
f 50/3/1 53/2/1 51/5/1
f 54/3/1 57/2/1 55/5/1
f 58/3/1 61/2/1 59/5/1
f 62/3/1 65/2/1 63/5/1
f 66/3/1 69/2/1 67/5/1
f 70/3/1 73/2/1 71/5/1
f 74/3/1 77/2/1 75/5/1
f 78/3/1 81/2/1 79/5/1
f 85/4/403 84/4/403 94/1/403
f 18/3/1 20/2/1 19/5/1
f 14/3/1 17/2/1 15/5/1
f 10/3/1 13/2/1 11/5/1
f 6/3/1 9/2/1 7/5/1
f 1/5/404 88/4/408 86/4/404
f 273/4/405 85/4/405 95/3/405
f 273/4/405 95/3/405 227/12/405
f 274/4/405 273/4/405 228/11/405
f 273/4/405 227/12/405 228/11/405
f 275/4/405 274/4/405 229/13/405
f 274/4/405 228/11/405 229/13/405
f 276/4/405 275/4/405 230/16/405
f 275/4/405 229/13/405 230/16/405
f 277/4/405 276/4/405 232/18/405
f 276/4/405 230/16/405 231/94/405
f 276/4/405 231/94/405 232/18/405
f 278/4/405 277/4/405 233/93/405
f 277/4/405 232/18/405 233/93/405
f 279/4/405 278/4/405 234/21/405
f 278/4/405 233/93/405 234/21/405
f 280/4/405 279/4/405 236/24/405
f 279/4/405 234/21/405 235/25/405
f 281/4/405 280/4/405 237/29/405
f 279/4/405 235/25/405 236/24/405
f 282/4/405 281/4/405 238/28/405
f 280/4/405 236/24/405 237/29/405
f 283/4/405 282/4/405 239/92/405
f 281/4/405 237/29/405 238/28/405
f 284/4/405 283/4/405 241/35/405
f 282/4/405 238/28/405 239/92/405
f 285/4/405 284/4/405 242/34/405
f 283/4/405 239/92/405 240/32/405
f 283/4/405 240/32/405 241/35/405
f 286/4/405 285/4/405 243/91/405
f 284/4/405 241/35/405 242/34/405
f 287/4/405 286/4/405 245/90/405
f 285/4/405 242/34/405 243/91/405
f 288/4/405 287/4/405 246/40/405
f 286/4/405 243/91/405 244/37/405
f 289/4/405 288/4/405 247/89/405
f 286/4/405 244/37/405 245/90/405
f 290/4/405 289/4/405 249/87/405
f 287/4/405 245/90/405 246/40/405
f 291/4/405 290/4/405 250/95/405
f 288/4/405 246/40/405 247/89/405
f 292/4/405 291/4/405 251/46/405
f 289/4/405 247/89/405 248/43/405
f 289/4/405 248/43/405 249/87/405
f 293/4/405 292/4/405 253/48/405
f 290/4/405 249/87/405 250/95/405
f 294/4/405 293/4/405 254/83/405
f 291/4/405 250/95/405 251/46/405
f 89/4/409 294/4/405 255/50/405
f 292/4/405 251/46/405 252/85/405
f 305/4/410 89/4/411 256/81/405
f 292/4/405 252/85/405 253/48/405
f 306/4/412 305/4/413 257/52/405
f 293/4/405 253/48/405 254/83/405
f 307/4/414 306/4/415 258/79/405
f 294/4/405 254/83/405 255/50/405
f 308/4/416 307/4/417 258/79/405
f 89/4/418 255/50/405 256/81/405
f 309/4/419 308/4/420 259/54/405
f 305/4/421 256/81/405 257/52/405
f 310/4/422 309/4/423 260/57/405
f 306/4/424 257/52/405 258/79/405
f 311/4/425 310/4/426 260/57/405
f 308/4/427 258/79/405 259/54/405
f 312/4/428 311/4/429 261/56/405
f 309/4/430 259/54/405 260/57/405
f 313/4/431 312/4/432 261/56/405
f 314/4/433 313/4/434 262/76/405
f 311/4/435 260/57/405 261/56/405
f 164/4/436 314/4/437 263/59/405
f 313/4/438 261/56/405 262/76/405
f 295/4/405 164/4/439 263/59/405
f 314/4/440 262/76/405 263/59/405
f 296/4/405 295/4/405 264/74/405
f 297/4/405 296/4/405 265/61/405
f 295/4/405 263/59/405 264/74/405
f 298/4/405 297/4/405 265/61/405
f 296/4/405 264/74/405 265/61/405
f 299/4/405 298/4/405 266/72/405
f 298/4/405 265/61/405 266/72/405
f 300/4/405 299/4/405 267/63/405
f 299/4/405 266/72/405 267/63/405
f 301/4/405 300/4/405 267/63/405
f 302/4/405 301/4/405 268/71/405
f 301/4/405 267/63/405 268/71/405
f 303/4/405 302/4/405 268/71/405
f 303/4/405 268/71/405 269/65/405
f 86/4/441 90/4/441 271/6/441
f 90/4/405 304/4/405 270/7/405
f 86/4/442 271/6/442 272/67/442
f 304/4/405 303/4/405 269/65/405
f 304/4/405 269/65/405 270/7/405
f 2/2/442 86/4/442 272/67/442
f 83/4/1 100/4/443 334/4/1
f 83/4/1 334/4/1 333/4/1
f 83/4/1 333/4/1 332/4/1
f 83/4/1 332/4/1 331/4/1
f 83/4/1 331/4/1 330/4/1
f 83/4/444 330/4/444 214/55/444
f 330/4/406 329/4/406 214/55/406
f 329/4/406 328/4/406 215/78/406
f 215/78/406 327/4/406 216/58/406
f 327/4/406 215/78/406 328/4/406
f 217/77/406 326/4/406 325/4/406
f 326/4/406 217/77/406 216/58/406
f 327/4/406 326/4/406 216/58/406
f 217/77/406 165/4/406 218/60/406
f 165/4/406 217/77/406 325/4/406
f 218/60/406 344/4/406 343/4/406
f 344/4/406 218/60/406 165/4/406
f 219/75/406 342/4/406 220/62/406
f 342/4/406 219/75/406 343/4/406
f 220/62/406 342/4/406 341/4/406
f 220/62/406 340/4/406 221/73/406
f 340/4/406 220/62/406 341/4/406
f 221/73/406 340/4/406 339/4/406
f 221/73/406 339/4/406 338/4/406
f 221/73/406 338/4/406 222/64/406
f 222/64/406 338/4/406 337/4/406
f 222/64/406 337/4/406 223/70/406
f 223/70/406 337/4/406 336/4/406
f 223/70/406 336/4/406 335/4/406
f 223/70/406 335/4/406 224/66/406
f 335/4/406 91/4/406 224/66/406
f 166/4/445 102/4/446 92/4/447
f 166/4/448 92/4/449 147/4/450
f 91/4/1 166/4/1 147/4/451
f 101/4/452 88/4/453 225/69/454
f 88/4/455 1/5/456 226/68/456
f 91/4/1 147/4/457 101/4/458
f 91/4/406 101/4/459 224/66/406
f 224/66/406 101/4/460 225/69/406
f 88/4/461 226/68/456 225/69/456
f 315/4/406 83/4/406 209/84/406
f 343/4/406 219/75/406 218/60/406
f 316/4/406 315/4/406 207/86/406
f 317/4/406 316/4/406 204/45/406
f 318/4/406 317/4/406 201/41/406
f 319/4/406 318/4/406 199/38/406
f 329/4/406 215/78/406 214/55/406
f 320/4/406 319/4/406 196/9/406
f 83/4/406 214/55/406 213/80/406
f 83/4/406 213/80/406 212/53/406
f 321/4/406 320/4/406 194/31/406
f 83/4/406 212/53/406 211/82/406
f 83/4/406 211/82/406 210/51/406
f 322/4/406 321/4/406 191/26/406
f 83/4/406 210/51/406 209/84/406
f 323/4/406 322/4/406 188/20/406
f 315/4/406 209/84/406 208/49/406
f 315/4/406 208/49/406 207/86/406
f 94/1/406 84/4/406 183/10/406
f 84/4/406 324/4/406 183/10/406
f 324/4/406 323/4/406 186/17/406
f 316/4/406 207/86/406 206/47/406
f 184/14/406 183/10/406 324/4/406
f 316/4/406 206/47/406 205/88/406
f 316/4/406 205/88/406 204/45/406
f 185/15/406 184/14/406 324/4/406
f 186/17/406 185/15/406 324/4/406
f 317/4/406 204/45/406 203/44/406
f 187/19/406 186/17/406 323/4/406
f 188/20/406 187/19/406 323/4/406
f 317/4/406 203/44/406 202/42/406
f 317/4/406 202/42/406 201/41/406
f 189/22/406 188/20/406 322/4/406
f 190/23/406 189/22/406 322/4/406
f 318/4/406 201/41/406 200/39/406
f 191/26/406 190/23/406 322/4/406
f 192/27/406 191/26/406 321/4/406
f 318/4/406 200/39/406 199/38/406
f 193/30/406 192/27/406 321/4/406
f 194/31/406 193/30/406 321/4/406
f 319/4/406 199/38/406 198/36/406
f 319/4/406 198/36/406 197/8/406
f 195/33/406 194/31/406 320/4/406
f 196/9/406 195/33/406 320/4/406
f 95/3/1 94/1/1 227/12/1
f 94/1/1 183/10/1 227/12/1
f 82/3/1 228/11/1 183/10/1
f 229/13/1 228/11/1 82/3/1
f 79/5/1 80/1/1 184/14/1
f 230/16/1 229/13/1 81/2/1
f 76/1/1 79/5/1 185/15/1
f 232/18/1 231/94/1 77/2/1
f 72/1/1 75/5/1 187/19/1
f 234/21/1 233/93/1 73/2/1
f 68/1/1 71/5/1 189/22/1
f 69/2/1 66/3/1 236/24/1
f 66/3/1 237/29/1 236/24/1
f 64/1/1 67/5/1 191/26/1
f 65/2/1 62/3/1 238/28/1
f 62/3/1 239/92/1 238/28/1
f 63/5/1 64/1/1 192/27/1
f 60/1/1 63/5/1 193/30/1
f 240/32/1 239/92/1 61/2/1
f 56/1/1 59/5/1 195/33/1
f 57/2/1 54/3/1 242/34/1
f 54/3/1 243/91/1 242/34/1
f 52/1/1 55/5/1 197/8/1
f 50/3/1 245/90/1 244/37/1
f 48/1/1 51/5/1 199/38/1
f 46/3/1 247/89/1 246/40/1
f 44/1/1 47/5/1 201/41/1
f 42/3/1 249/87/1 248/43/1
f 40/1/1 43/5/1 203/44/1
f 251/46/1 250/95/1 41/2/1
f 39/5/1 205/88/1 206/47/1
f 253/48/1 252/85/1 38/2/1
f 37/5/1 207/86/1 208/49/1
f 255/50/1 254/83/1 35/2/1
f 33/5/1 209/84/1 210/51/1
f 257/52/1 256/81/1 31/2/1
f 29/5/1 211/82/1 212/53/1
f 259/54/1 258/79/1 27/2/1
f 25/5/1 213/80/1 214/55/1
f 23/2/1 99/3/1 261/56/1
f 99/3/1 262/76/1 261/56/1
f 21/5/1 215/78/1 216/58/1
f 18/3/1 264/74/1 263/59/1
f 19/5/1 217/77/1 218/60/1
f 14/3/1 266/72/1 265/61/1
f 15/5/1 219/75/1 220/62/1
f 10/3/1 268/71/1 267/63/1
f 11/5/1 221/73/1 222/64/1
f 6/3/1 270/7/1 269/65/1
f 7/5/1 223/70/1 224/66/1
f 3/5/1 225/69/1 271/6/1
f 5/2/1 271/6/1 270/7/1
f 4/1/1 224/66/1 225/69/1
f 8/1/1 222/64/1 223/70/1
f 9/2/1 269/65/1 268/71/1
f 13/2/1 267/63/1 266/72/1
f 12/1/1 220/62/1 221/73/1
f 17/2/1 265/61/1 264/74/1
f 16/1/1 218/60/1 219/75/1
f 20/2/1 263/59/1 262/76/1
f 98/1/1 216/58/1 217/77/1
f 260/57/1 259/54/1 24/3/1
f 22/1/1 214/55/1 215/78/1
f 258/79/1 257/52/1 28/3/1
f 26/1/1 212/53/1 213/80/1
f 256/81/1 255/50/1 32/3/1
f 30/1/1 210/51/1 211/82/1
f 254/83/1 253/48/1 36/3/1
f 34/1/1 208/49/1 209/84/1
f 252/85/1 251/46/1 97/3/1
f 96/1/1 206/47/1 207/86/1
f 41/2/1 250/95/1 249/87/1
f 40/1/1 204/45/1 205/88/1
f 45/2/1 248/43/1 247/89/1
f 43/5/1 44/1/1 202/42/1
f 49/2/1 246/40/1 245/90/1
f 47/5/1 48/1/1 200/39/1
f 53/2/1 244/37/1 243/91/1
f 51/5/1 52/1/1 198/36/1
f 241/35/1 240/32/1 58/3/1
f 55/5/1 56/1/1 196/9/1
f 59/5/1 60/1/1 194/31/1
f 235/25/1 234/21/1 70/3/1
f 67/5/1 68/1/1 190/23/1
f 233/93/1 232/18/1 74/3/1
f 71/5/1 72/1/1 188/20/1
f 231/94/1 230/16/1 78/3/1
f 75/5/1 76/1/1 186/17/1
f 365/4/269 364/4/522 370/4/268
f 363/4/274 157/4/523 366/4/275
f 363/4/526 93/4/527 87/4/528
f 87/4/542 93/4/543 371/4/543
f 138/4/91 87/4/542 371/4/90
f 367/4/275 363/4/274 366/4/275
f 367/4/581 364/4/272 365/4/582
f 369/4/268 368/4/268 365/4/269
f 371/4/594 373/4/594 138/4/91
usemtl SBX_35
f 349/4/2 350/4/3 358/4/4
f 120/4/53 119/4/54 85/4/55
f 139/4/56 167/4/57 119/4/58
f 84/4/1 169/4/59 168/4/60
f 179/4/61 180/4/62 182/4/63
f 92/4/64 171/4/65 123/4/66
f 102/4/67 166/4/1 172/4/1
f 83/4/1 168/4/68 100/4/69
f 102/4/70 172/4/1 171/4/71
f 170/4/72 167/4/73 177/4/74
f 132/4/75 151/4/76 131/4/77
f 133/4/78 145/4/79 151/4/80
f 130/4/84 144/4/85 154/4/86
f 169/4/87 85/4/88 119/4/89
f 85/4/92 174/4/93 120/4/94
f 129/4/145 143/4/146 142/4/147
f 351/4/151 128/4/152 157/4/153
f 127/4/154 346/4/155 159/4/156
f 123/4/157 161/4/158 92/4/159
f 92/4/160 161/4/161 162/4/162
f 101/4/163 355/4/164 356/4/165
f 163/4/166 162/4/167 127/4/168
f 355/4/169 162/4/170 163/4/171
f 147/4/172 92/4/173 162/4/174
f 162/4/175 160/4/176 127/4/177
f 162/4/178 161/4/179 160/4/180
f 161/4/181 124/4/182 160/4/183
f 357/4/184 163/4/185 159/4/186
f 88/4/187 357/4/188 138/4/189
f 159/4/190 87/4/191 138/4/192
f 140/4/193 127/4/194 160/4/195
f 159/4/196 158/4/197 87/4/198
f 128/4/202 345/4/203 141/4/204
f 156/4/208 157/4/209 128/4/210
f 349/4/211 358/4/4 359/4/212
f 93/4/213 358/4/214 350/4/215
f 142/4/216 156/4/217 128/4/218
f 142/4/219 143/4/220 156/4/221
f 143/4/222 361/4/223 156/4/224
f 174/4/225 378/4/225 381/4/225
f 154/4/232 152/4/233 134/4/234
f 154/4/235 144/4/236 152/4/237
f 144/4/238 131/4/239 152/4/240
f 153/4/241 154/4/242 134/4/243
f 153/4/244 148/4/245 154/4/246
f 347/4/247 348/4/248 154/4/249
f 151/4/250 152/4/251 131/4/252
f 151/4/253 145/4/254 152/4/255
f 145/4/256 134/4/257 152/4/258
f 150/4/259 180/4/260 176/4/261
f 149/4/262 139/4/263 150/4/264
f 139/4/265 181/4/266 150/4/267
f 177/4/276 149/4/277 176/4/278
f 173/4/279 176/4/280 123/4/281
f 100/4/282 177/4/283 173/4/284
f 171/4/285 173/4/286 123/4/287
f 171/4/288 172/4/1 173/4/289
f 172/4/1 100/4/290 173/4/291
f 172/4/1 329/4/1 330/4/1
f 172/4/1 166/4/1 165/4/1
f 166/4/1 339/4/1 340/4/1
f 168/4/292 170/4/293 100/4/294
f 168/4/295 169/4/296 170/4/297
f 169/4/298 119/4/299 170/4/300
f 182/4/301 150/4/302 181/4/303
f 178/4/304 181/4/305 121/4/306
f 122/4/307 182/4/308 178/4/309
f 88/4/324 356/4/325 357/4/326
f 139/4/327 149/4/328 167/4/329
f 179/4/330 123/4/331 180/4/332
f 92/4/333 102/4/334 171/4/335
f 319/4/1 320/4/1 168/4/336
f 170/4/337 119/4/338 167/4/339
f 132/4/340 133/4/341 151/4/342
f 169/4/343 84/4/1 85/4/88
f 285/4/1 286/4/1 174/4/344
f 123/4/363 124/4/364 161/4/365
f 357/4/366 159/4/367 138/4/368
f 158/4/369 363/4/370 87/4/371
f 176/4/372 149/4/373 150/4/374
f 180/4/375 123/4/376 176/4/377
f 139/4/378 121/4/379 181/4/380
f 177/4/381 167/4/382 149/4/383
f 173/4/384 177/4/385 176/4/386
f 100/4/387 170/4/388 177/4/389
f 146/4/390 120/4/390 381/4/390
f 146/4/391 380/4/391 379/4/391
f 385/4/392 383/4/392 376/4/392
f 182/4/393 180/4/394 150/4/395
f 178/4/396 182/4/397 181/4/398
f 122/4/399 179/4/400 182/4/401
f 369/4/268 370/4/268 359/4/462
f 368/4/268 369/4/268 359/4/462
f 358/4/463 368/4/268 359/4/462
f 127/4/464 141/4/465 346/4/466
f 345/4/467 346/4/468 141/4/469
f 128/4/472 158/4/473 345/4/474
f 154/4/475 148/4/476 347/4/477
f 348/4/478 130/4/479 154/4/480
f 352/4/487 362/4/488 360/4/489
f 157/4/490 362/4/491 359/4/492
f 367/4/499 358/4/500 93/4/501
f 354/4/502 353/4/503 143/4/504
f 360/4/505 353/4/506 352/4/507
f 384/4/516 385/4/516 377/4/516
f 382/4/517 378/4/517 383/4/517
f 379/4/518 382/4/518 385/4/518
f 374/4/519 371/4/519 375/4/519
f 372/4/520 374/4/520 377/4/520
f 382/4/521 379/4/521 380/4/521
f 381/4/521 378/4/521 382/4/521
f 370/4/268 364/4/524 157/4/525
f 358/4/463 365/4/529 368/4/268
f 360/4/505 361/4/530 353/4/506
f 367/4/499 365/4/531 358/4/532
f 157/4/533 156/4/534 362/4/535
f 352/4/536 349/4/537 362/4/538
f 143/4/222 353/4/539 361/4/223
f 351/4/540 158/4/541 128/4/152
f 172/4/1 165/4/1 325/4/1
f 172/4/1 325/4/1 326/4/1
f 334/4/1 100/4/544 172/4/1
f 333/4/1 334/4/1 172/4/1
f 172/4/1 326/4/1 327/4/1
f 172/4/1 327/4/1 328/4/1
f 332/4/1 333/4/1 172/4/1
f 331/4/1 332/4/1 172/4/1
f 172/4/1 328/4/1 329/4/1
f 330/4/1 331/4/1 172/4/1
f 166/4/1 91/4/1 335/4/1
f 166/4/1 335/4/1 336/4/1
f 344/4/1 165/4/1 166/4/1
f 343/4/1 344/4/1 166/4/1
f 166/4/1 336/4/1 337/4/1
f 166/4/1 337/4/1 338/4/1
f 342/4/1 343/4/1 166/4/1
f 341/4/1 342/4/1 166/4/1
f 166/4/1 338/4/1 339/4/1
f 340/4/1 341/4/1 166/4/1
f 168/4/336 83/4/1 315/4/1
f 168/4/336 315/4/1 316/4/1
f 324/4/1 84/4/1 168/4/336
f 323/4/1 324/4/1 168/4/336
f 168/4/336 316/4/1 317/4/1
f 168/4/336 317/4/1 318/4/1
f 322/4/1 323/4/1 168/4/336
f 321/4/1 322/4/1 168/4/336
f 168/4/336 318/4/1 319/4/1
f 320/4/1 321/4/1 168/4/336
f 174/4/344 85/4/548 273/4/1
f 273/4/1 274/4/1 174/4/344
f 274/4/1 275/4/1 174/4/344
f 275/4/1 276/4/1 174/4/549
f 89/4/550 174/4/549 294/4/1
f 294/4/1 174/4/344 293/4/1
f 293/4/1 174/4/344 292/4/1
f 276/4/1 277/4/1 174/4/549
f 277/4/1 278/4/1 174/4/549
f 292/4/1 174/4/344 291/4/1
f 291/4/1 174/4/344 290/4/1
f 278/4/1 279/4/1 174/4/344
f 279/4/1 280/4/1 174/4/549
f 290/4/1 174/4/344 289/4/1
f 289/4/1 174/4/344 288/4/1
f 280/4/1 281/4/1 174/4/549
f 281/4/1 282/4/1 174/4/551
f 288/4/1 174/4/344 287/4/1
f 287/4/1 174/4/344 286/4/1
f 282/4/1 283/4/1 174/4/344
f 283/4/1 284/4/1 174/4/344
f 285/4/1 174/4/344 284/4/1
f 101/4/552 147/4/553 355/4/554
f 357/4/555 356/4/556 163/4/557
f 356/4/558 355/4/559 163/4/560
f 88/4/561 101/4/562 356/4/563
f 127/4/564 159/4/565 163/4/566
f 355/4/567 147/4/568 162/4/569
f 361/4/570 360/4/571 156/4/572
f 370/4/268 157/4/525 359/4/462
f 360/4/573 362/4/574 156/4/575
f 359/4/576 362/4/577 349/4/578
f 158/4/369 351/4/579 363/4/580
f 364/4/583 366/4/584 157/4/585
f 296/4/586 297/4/586 372/4/586
f 382/4/521 380/4/521 381/4/521
f 372/4/520 377/4/520 376/4/520
f 374/4/519 375/4/519 377/4/519
f 379/4/518 385/4/518 384/4/518
f 382/4/587 383/4/587 385/4/587
f 384/4/516 377/4/516 375/4/516
f 385/4/588 376/4/588 377/4/588
f 299/4/586 300/4/586 372/4/586
f 372/4/586 295/4/586 296/4/589
f 303/4/586 373/4/586 372/4/586
f 302/4/586 303/4/586 372/4/586
f 301/4/586 302/4/586 372/4/586
f 300/4/586 301/4/586 372/4/586
f 303/4/586 304/4/586 373/4/586
f 373/4/590 374/4/586 372/4/590
f 372/4/586 164/4/591 295/4/589
f 373/4/589 371/4/589 374/4/586
f 304/4/586 90/4/586 373/4/586
f 375/4/592 371/4/592 93/4/592
f 298/4/586 299/4/586 372/4/586
f 376/4/593 164/4/593 372/4/593
f 297/4/586 298/4/586 372/4/586
f 376/4/595 89/4/595 305/4/595
f 375/4/596 93/4/596 175/4/596
f 89/4/597 376/4/597 383/4/597
f 375/4/598 175/4/598 384/4/598
f 376/4/595 305/4/595 306/4/595
f 376/4/595 306/4/595 307/4/595
f 314/4/595 164/4/595 376/4/595
f 313/4/595 314/4/595 376/4/595
f 376/4/595 307/4/595 308/4/595
f 376/4/595 308/4/595 309/4/595
f 312/4/595 313/4/595 376/4/595
f 311/4/595 312/4/595 376/4/595
f 309/4/595 310/4/595 376/4/595
f 310/4/595 311/4/595 376/4/595
f 146/4/391 379/4/391 155/4/391
f 174/4/225 381/4/225 120/4/225
f 384/4/599 155/4/599 379/4/599
f 146/4/390 381/4/390 380/4/390
f 174/4/600 383/4/600 378/4/600
f 89/4/601 383/4/601 174/4/601
f 384/4/602 175/4/602 155/4/602
usemtl SBX_37
f 120/4/5 104/4/6 119/4/7
f 121/4/8 104/4/9 105/4/10
f 122/4/11 105/4/12 106/4/13
f 107/4/14 179/4/15 122/4/16
f 124/4/17 107/4/18 108/4/19
f 125/4/20 108/4/21 109/4/22
f 125/4/23 110/4/24 126/4/25
f 111/4/26 140/4/27 126/4/28
f 128/4/29 111/4/30 112/4/31
f 129/4/32 112/4/33 113/4/34
f 114/4/35 143/4/36 129/4/37
f 131/4/38 114/4/39 115/4/40
f 132/4/41 115/4/42 116/4/43
f 132/4/44 117/4/45 133/4/46
f 118/4/47 145/4/48 133/4/49
f 103/4/50 146/4/51 134/4/52
f 93/4/81 148/4/82 153/4/83
f 153/4/95 175/4/96 93/4/97
f 120/4/98 103/4/99 104/4/100
f 139/4/101 104/4/102 121/4/103
f 178/4/104 105/4/105 122/4/106
f 122/4/107 106/4/16 107/4/108
f 124/4/109 123/4/110 107/4/111
f 125/4/112 124/4/113 108/4/114
f 125/4/115 109/4/116 110/4/117
f 126/4/118 110/4/119 111/4/120
f 141/4/121 111/4/122 128/4/123
f 142/4/124 112/4/125 129/4/126
f 129/4/127 113/4/128 114/4/129
f 144/4/130 114/4/131 131/4/132
f 132/4/133 131/4/134 115/4/135
f 132/4/136 116/4/137 117/4/138
f 133/4/139 117/4/140 118/4/141
f 134/4/142 118/4/143 103/4/144
f 348/4/148 347/4/149 349/4/150
f 159/4/199 345/4/200 158/4/201
f 155/4/226 153/4/227 146/4/228
f 153/4/229 134/4/230 146/4/231
f 107/4/310 123/4/311 179/4/312
f 111/4/120 127/4/313 140/4/314
f 114/4/315 354/4/316 143/4/317
f 118/4/318 134/4/319 145/4/320
f 103/4/321 120/4/322 146/4/323
f 153/4/345 155/4/346 175/4/347
f 139/4/348 119/4/349 104/4/350
f 178/4/351 121/4/352 105/4/353
f 141/4/354 127/4/355 111/4/356
f 142/4/357 128/4/358 112/4/359
f 144/4/360 130/4/361 114/4/362
f 159/4/470 346/4/471 345/4/200
f 353/4/481 348/4/482 352/4/483
f 347/4/484 148/4/485 349/4/486
f 349/4/493 148/4/494 350/4/495
f 350/4/496 148/4/497 93/4/498
f 353/4/508 130/4/509 348/4/510
f 352/4/511 348/4/512 349/4/513
f 354/4/514 130/4/515 353/4/503
f 114/4/545 130/4/546 354/4/547
o bridge
v 2.905243 0.482341 1.519036
v 2.905243 0.635951 1.519036
v 2.639235 0.482341 1.437405
v 2.639235 0.635951 1.437405
v 4.011086 0.482341 -2.084537
v 4.011086 0.635951 -2.084537
v 3.745078 0.482341 -2.166168
v 3.745078 0.635951 -2.166168
v 3.240403 0.482341 -0.521601
v 3.123055 0.659433 -0.139202
v 2.873932 0.659433 0.672606
v 2.756583 0.482341 1.055006
v 2.756583 0.635951 1.055006
v 2.873932 0.813043 0.672606
v 3.123055 0.813043 -0.139202
v 3.240403 0.635951 -0.521601
v 3.022591 0.482341 1.136636
v 3.139940 0.659433 0.754237
v 3.389062 0.659433 -0.057571
v 3.506411 0.482341 -0.439970
v 3.506411 0.635951 -0.439970
v 3.389062 0.813043 -0.057571
v 3.139940 0.813043 0.754237
v 3.022591 0.635951 1.136636
v 3.294976 0.635951 -0.699437
v 3.560984 0.482341 -0.617806
v 3.294976 0.482341 -0.699437
v 3.560984 0.635951 -0.617806
v 3.294976 0.195589 -0.699437
v 3.240403 0.195589 -0.521601
v 3.506411 0.195589 -0.439970
v 3.560984 0.195589 -0.617806
vn -0.2934 -0.0000 0.9560
vn -0.9560 -0.0000 -0.2934
vn 0.2934 -0.0000 -0.9560
vn 0.9560 -0.0000 0.2934
vn -0.0000 -1.0000 -0.0000
vn -0.0000 1.0000 -0.0000
vn 0.1188 0.9144 -0.3870
vn -0.1188 0.9144 0.3870
vn 0.1188 -0.9144 -0.3870
vn -0.1188 -0.9144 0.3870
vt 0.625000 0.000000
vt 0.375000 0.250000
vt 0.375000 0.000000
vt 0.625000 0.455407
vt 0.375000 0.500000
vt 0.375000 0.455407
vt 0.625000 0.500000
vt 0.375000 0.750000
vt 0.625000 0.950000
vt 0.375000 1.000000
vt 0.375000 0.950000
vt 0.330407 0.500000
vt 0.330407 0.750000
vt 0.875000 0.500000
vt 0.825000 0.750000
vt 0.825000 0.500000
vt 0.675000 0.500000
vt 0.669593 0.750000
vt 0.669593 0.500000
vt 0.725000 0.500000
vt 0.675000 0.750000
vt 0.775000 0.500000
vt 0.725000 0.750000
vt 0.775000 0.750000
vt 0.125000 0.500000
vt 0.175000 0.750000
vt 0.125000 0.750000
vt 0.175000 0.500000
vt 0.225000 0.750000
vt 0.225000 0.500000
vt 0.275000 0.750000
vt 0.275000 0.500000
vt 0.325000 0.750000
vt 0.625000 0.794593
vt 0.375000 0.800000
vt 0.375000 0.794593
vt 0.625000 0.800000
vt 0.375000 0.850000
vt 0.625000 0.850000
vt 0.375000 0.900000
vt 0.625000 0.250000
vt 0.375000 0.300000
vt 0.625000 0.300000
vt 0.375000 0.350000
vt 0.625000 0.350000
vt 0.375000 0.400000
vt 0.625000 0.450000
vt 0.375000 0.450000
vt 0.625000 0.750000
vt 0.325000 0.500000
vt 0.625000 1.000000
vt 0.875000 0.750000
vt 0.625000 0.900000
vt 0.625000 0.400000
s 0
usemtl SBX_49
f 387/96/603 388/97/603 386/98/603
f 410/99/604 392/100/604 412/101/604
f 393/102/605 390/103/605 392/100/605
f 409/104/606 386/105/606 402/106/606
f 412/107/607 390/103/607 411/108/607
f 389/109/608 409/110/608 398/111/608
f 401/112/608 413/113/608 410/114/608
f 400/115/609 406/116/609 401/112/609
f 399/117/608 407/118/608 400/115/608
f 398/111/610 408/119/610 399/117/610
f 388/120/607 402/121/607 386/122/607
f 397/123/611 403/124/611 402/121/611
f 396/125/607 404/126/607 403/124/607
f 395/127/612 405/128/612 404/126/612
f 413/129/606 405/130/606 411/131/606
f 406/132/606 404/133/606 405/130/606
f 407/134/606 403/135/606 404/133/606
f 403/135/606 409/104/606 402/106/606
f 389/136/604 397/137/604 388/97/604
f 398/138/604 396/139/604 397/137/604
f 399/140/604 395/141/604 396/139/604
f 395/141/604 401/142/604 394/143/604
f 391/144/606 411/131/606 390/103/606
f 410/114/608 391/144/608 393/102/608
f 394/145/603 416/128/603 405/128/603
f 401/142/604 412/101/604 394/143/604
f 415/145/607 417/108/607 416/128/607
f 412/101/604 415/143/604 394/143/604
f 405/130/606 417/131/606 411/131/606
f 411/108/605 414/107/605 412/107/605
f 387/96/603 389/136/603 388/97/603
f 410/99/604 393/102/604 392/100/604
f 393/102/605 391/144/605 390/103/605
f 409/104/606 387/146/606 386/105/606
f 412/107/607 392/100/607 390/103/607
f 389/109/608 387/147/608 409/110/608
f 401/112/608 406/116/608 413/113/608
f 400/115/609 407/118/609 406/116/609
f 399/117/608 408/119/608 407/118/608
f 398/111/610 409/110/610 408/119/610
f 388/120/607 397/123/607 402/121/607
f 397/123/611 396/125/611 403/124/611
f 396/125/607 395/127/607 404/126/607
f 395/127/612 394/145/612 405/128/612
f 413/129/606 406/132/606 405/130/606
f 406/132/606 407/134/606 404/133/606
f 407/134/606 408/148/606 403/135/606
f 403/135/606 408/148/606 409/104/606
f 389/136/604 398/138/604 397/137/604
f 398/138/604 399/140/604 396/139/604
f 399/140/604 400/149/604 395/141/604
f 395/141/604 400/149/604 401/142/604
f 391/144/606 413/129/606 411/131/606
f 410/114/608 413/113/608 391/144/608
f 394/145/603 415/145/603 416/128/603
f 401/142/604 410/99/604 412/101/604
f 415/145/607 414/107/607 417/108/607
f 412/101/604 414/101/604 415/143/604
f 405/130/606 416/130/606 417/131/606
f 411/108/605 417/108/605 414/107/605
o Pyramid
v 1.474534 0.463773 3.541887
v 2.474534 0.463773 4.541887
v 1.474534 0.463773 5.541887
v 0.474534 0.463773 4.541887
v 1.474534 1.727676 4.541887
vn 0.6171 0.4882 -0.6171
vn 0.6171 0.4882 0.6171
vn -0.6171 0.4882 0.6171
vn -0.6171 0.4882 -0.6171
vt 0.250000 0.490000
vt 0.250000 0.250000
vt 0.490000 0.250000
vt 0.250000 0.010000
vt 0.010000 0.250000
s 0
usemtl SBX_41
f 418/150/613 422/151/613 419/152/613
f 419/152/614 422/151/614 420/153/614
f 420/153/615 422/151/615 421/154/615
f 421/154/616 422/151/616 418/150/616
o volcano
v -2.848569 1.893654 3.311476
v -2.536291 1.893654 3.425136
v -2.370131 1.893654 3.712933
v -2.427838 1.893654 4.040203
v -2.682409 1.893654 4.383488
v -2.976145 1.893654 4.466248
v -3.292197 1.893654 4.203924
v -3.342247 1.893654 3.425136
v -2.415216 2.618963 3.280844
v -2.848569 2.524795 3.112914
v -2.184634 2.618963 3.680224
v -2.264714 2.982262 4.134382
v -2.617987 3.116204 4.721150
v -3.079151 3.116204 4.721150
v -3.613824 2.982262 4.134382
v -3.512504 2.618963 3.680224
v -3.463322 2.524795 3.270641
v -1.704073 0.306552 2.021224
v -2.089281 0.294143 1.872583
v -1.599149 0.513175 2.199903
v -1.510693 0.578634 2.323365
v -1.141762 0.606008 3.450130
v -1.147428 0.584825 3.843448
v -1.704687 0.247067 6.691854
v -1.293666 0.315619 5.562469
v -1.118762 0.442583 4.928324
v -3.116585 0.147975 7.073124
v -2.780425 0.148836 7.083250
v -5.153063 0.131232 5.252266
v -5.034627 0.162944 3.415909
v -5.105254 0.149662 3.008642
v -4.365372 0.260384 2.318164
v -4.549685 0.229166 2.507077
v -3.681607 0.382394 1.959431
v -4.096628 0.319809 2.067932
v -2.865371 0.318156 1.618667
v -3.526638 0.389877 1.908114
v -1.560150 0.571270 2.245382
v -4.702844 0.144443 6.770814
v -5.088836 0.145913 5.826026
vn 0.2882 0.5384 -0.7919
vn 0.8372 0.4664 -0.2855
vn 0.8890 0.4563 0.0374
vn 0.8186 0.4728 0.3261
vn 0.2147 0.6004 0.7704
vn 0.2149 0.5991 0.7713
vn 0.2147 0.6010 0.7699
vn -0.7512 0.5812 0.3130
vn -0.7513 0.5807 0.3136
vn -0.8466 0.5304 -0.0438
vn -0.8466 0.5304 -0.0441
vn -0.8466 0.5305 -0.0441
vn 0.9829 0.1731 -0.0632
vn -0.6200 0.4957 -0.6082
vn -0.2909 0.5208 -0.8026
vn -0.3280 0.2835 0.9011
vn -0.8413 0.2371 0.4857
vn -0.9567 0.2371 -0.1687
vn -0.7916 0.1694 -0.5870
vn -0.2611 0.2698 -0.9268
vn 0.7006 0.2017 -0.6844
vn 0.2160 0.2710 0.9380
vn 0.7365 0.5261 -0.4252
vn 0.9183 0.3720 -0.1356
vn 0.7882 0.4987 0.3607
vn -0.0000 0.5680 0.8230
vn -0.0000 0.5678 0.8232
vn -0.6335 0.6430 0.4304
vn -0.8627 0.4986 0.0838
vn -0.0000 1.0000 -0.0000
vn 0.9592 0.2826 -0.0121
vn 0.9475 0.3173 0.0408
vn -0.2076 0.5496 -0.8092
vn -0.3959 0.2423 0.8858
vn -0.9396 0.1667 -0.2990
vn -0.8208 0.1918 -0.5380
vn -0.0000 0.2041 -0.9789
vn 0.6325 0.1382 -0.7621
vn 0.2377 0.2915 0.9266
vn 0.8191 0.4725 0.3253
vn -0.1451 0.6293 0.7635
vn -0.1451 0.6291 0.7636
vn -0.0251 0.6234 0.7815
vn -0.8206 0.5557 0.1338
vn -0.8212 0.5548 0.1339
vn -0.8216 0.5541 0.1339
vn -0.6600 0.4991 -0.5615
vn -0.6468 0.4999 -0.5759
vn -0.2944 0.5203 -0.8016
vn -0.2886 0.5210 -0.8033
vn 0.2122 0.5101 -0.8335
vn -0.8552 0.2945 -0.4264
vn -0.8183 0.5309 -0.2203
vt 0.906486 0.579188
vt 0.943171 0.533369
vt 1.000000 1.000000
vt 0.777778 1.000000
vt 0.777778 0.594870
vt 0.869031 0.589361
vt 0.748977 0.577327
vt 0.666667 1.000000
vt 0.560621 0.519931
vt 0.629647 0.502169
vt 0.504050 0.513112
vt 0.555556 0.518342
vt 0.555556 1.000000
vt 0.333333 0.551478
vt 0.442570 0.508434
vt 0.333333 1.000000
vt 0.222222 0.512885
vt 0.320061 0.559724
vt 0.222222 1.000000
vt 0.095731 0.433851
vt 0.100224 0.163527
vt 0.138832 0.382484
vt 0.111111 1.000000
vt 0.133667 0.528146
vt 0.211202 0.509744
vt 0.059153 0.553396
vt 0.070505 0.551830
vt 0.361168 0.382485
vt 0.250000 0.490000
vt 0.250000 0.422946
vt 0.420319 0.280032
vt 0.404269 0.433851
vt 0.399776 0.163527
vt 0.486354 0.291676
vt 0.309151 0.087484
vt 0.457846 0.130000
vt 0.190849 0.087484
vt 0.332085 0.024474
vt 0.042154 0.130000
vt 0.167915 0.024474
vt 0.888889 1.000000
vt 0.669361 0.512125
vt 0.559963 0.519835
vt 0.444444 1.000000
vt 0.446194 0.507873
vt 0.326119 0.557006
vt 0.000000 1.000000
vt 0.008616 0.538773
vt 0.914339 0.535965
vt 1.000000 0.538011
vt 0.666667 0.510167
vt 0.487962 0.512968
vt 0.219324 0.513043
vt 0.111111 0.526307
vt 0.099507 0.538738
vt 0.894225 0.588350
vt 0.888889 0.588319
s 0
usemtl SBX_41E
f 425/185/646 424/182/646 426/187/646
f 424/182/646 423/184/646 426/187/646
f 423/184/646 430/176/646 429/175/646
f 428/191/646 427/189/646 426/187/646
f 428/191/646 426/187/646 429/175/646
f 426/187/646 423/184/646 429/175/646
usemtl SBX_40
f 442/155/617 441/156/617 432/157/617
f 433/158/618 444/159/618 443/160/618
f 433/158/619 445/161/619 444/159/619
f 434/162/620 446/163/620 447/164/620
f 450/165/621 446/166/622 435/167/623
f 462/168/624 461/169/625 437/170/625
f 452/171/626 451/172/627 438/173/628
f 439/174/629 429/175/629 430/176/629
f 439/177/630 455/178/630 453/179/630
f 439/177/631 459/180/631 456/181/631
f 424/182/632 432/183/632 423/184/632
f 425/185/633 431/186/633 424/182/633
f 426/187/634 433/188/634 425/185/634
f 427/189/635 434/190/635 426/187/635
f 428/191/636 435/192/636 427/189/636
f 428/191/637 437/193/637 436/194/637
f 423/184/638 439/174/638 430/176/638
f 443/160/639 431/195/639 433/158/639
f 434/162/640 448/196/640 433/158/640
f 435/167/641 446/197/641 434/162/641
f 436/198/642 461/199/643 435/167/643
f 461/169/644 436/198/644 437/170/644
f 437/170/645 451/172/645 462/200/645
f 437/170/647 429/175/647 438/173/647
f 439/177/648 438/173/648 429/175/648
f 432/201/649 458/202/649 439/177/649
f 424/182/650 431/186/650 432/183/650
f 425/185/633 433/188/633 431/186/633
f 426/187/651 434/190/651 433/188/651
f 427/189/652 435/192/652 434/190/652
f 428/191/653 436/194/653 435/192/653
f 428/191/654 429/175/654 437/193/654
f 423/184/655 432/183/655 439/174/655
f 440/203/617 441/156/617 442/155/617
f 441/156/617 458/204/617 432/157/617
f 433/158/619 448/196/619 445/161/619
f 447/164/656 448/205/656 434/162/656
f 435/167/657 461/199/658 449/206/657
f 449/206/659 450/165/659 435/167/659
f 453/179/660 452/207/661 439/177/662
f 439/177/663 454/208/663 455/178/663
f 457/209/664 454/208/664 439/177/664
f 439/177/665 458/202/665 459/180/665
f 456/181/666 457/209/666 439/177/666
f 442/155/667 432/157/667 460/210/667
f 432/157/667 431/195/667 460/210/667
f 443/160/639 460/211/639 431/195/639
f 437/170/668 438/173/668 451/172/668
f 438/173/669 439/177/669 452/207/669
o Tree
v -1.223848 0.467532 -2.016363
v -1.095567 0.467532 -1.942300
v -1.095567 0.467532 -1.794173
v -1.223848 0.467532 -1.720109
v -1.352130 0.467532 -1.794173
v -1.352130 0.467532 -1.942300
v -1.223848 0.763785 -1.868236
v -1.223577 0.158968 -1.890033
v -1.223577 0.467532 -1.890033
v -1.201492 0.158968 -1.873988
v -1.201492 0.467532 -1.873988
v -1.209928 0.158968 -1.848026
v -1.209928 0.467532 -1.848026
v -1.237226 0.158968 -1.848026
v -1.237226 0.467532 -1.848026
v -1.245661 0.158968 -1.873988
v -1.245661 0.467532 -1.873988
vn 0.4588 0.3974 -0.7947
vn 0.9177 0.3974 -0.0000
vn 0.4588 0.3974 0.7947
vn -0.4588 0.3974 0.7947
vn -0.0000 -1.0000 -0.0000
vn -0.9177 0.3974 -0.0000
vn -0.4588 0.3974 -0.7947
vn 0.5878 -0.0000 -0.8090
vn 0.9511 -0.0000 0.3090
vn -0.0000 -0.0000 1.0000
vn -0.0000 1.0000 -0.0000
vn -0.9511 -0.0000 0.3090
vn -0.5878 -0.0000 -0.8090
vt 0.250000 0.490000
vt 0.250000 0.250000
vt 0.457846 0.370000
vt 0.457846 0.130000
vt 0.250000 0.010000
vt 0.042154 0.130000
vt 0.957846 0.370000
vt 0.750000 0.010000
vt 0.542154 0.370000
vt 0.042154 0.370000
vt 1.000000 1.000000
vt 0.800000 0.500000
vt 1.000000 0.500000
vt 0.800000 1.000000
vt 0.600000 0.500000
vt 0.600000 1.000000
vt 0.400000 0.500000
vt 0.021746 0.324164
vt 0.108932 0.055836
vt 0.400000 1.000000
vt 0.200000 0.500000
vt 0.200000 1.000000
vt 0.000000 0.500000
vt 0.978254 0.324164
vt 0.608932 0.055836
vt 0.521746 0.324164
vt 0.750000 0.490000
vt 0.957846 0.130000
vt 0.542154 0.130000
vt 0.391068 0.055836
vt 0.478254 0.324164
vt 0.000000 1.000000
vt 0.891068 0.055836
s 0
usemtl SBX_44
f 463/212/670 469/213/670 464/214/670
f 464/214/671 469/213/671 465/215/671
f 465/215/672 469/213/672 466/216/672
f 466/216/673 469/213/673 467/217/673
f 464/218/674 466/219/674 468/220/674
f 467/217/675 469/213/675 468/221/675
f 468/221/676 469/213/676 463/212/676
f 468/220/674 463/238/674 464/218/674
f 464/218/674 465/239/674 466/219/674
f 466/219/674 467/240/674 468/220/674
usemtl SBX_41
f 471/222/677 472/223/677 470/224/677
f 473/225/678 474/226/678 472/223/678
f 475/227/679 476/228/679 474/226/679
f 471/212/680 479/229/680 477/230/680
f 477/231/681 478/232/681 476/228/681
f 479/233/682 470/234/682 478/232/682
f 472/235/674 476/236/674 478/237/674
f 471/222/677 473/225/677 472/223/677
f 473/225/678 475/227/678 474/226/678
f 475/227/679 477/231/679 476/228/679
f 475/241/680 473/242/680 477/230/680
f 473/242/680 471/212/680 477/230/680
f 477/231/681 479/233/681 478/232/681
f 479/233/682 471/243/682 470/234/682
f 478/237/674 470/238/674 472/235/674
f 472/235/674 474/244/674 476/236/674
o Tree.001
v -2.536825 0.750122 -3.551462
v -2.408543 0.750122 -3.477398
v -2.408543 0.750122 -3.329272
v -2.536825 0.750122 -3.255208
v -2.665106 0.750122 -3.329272
v -2.665106 0.750122 -3.477398
v -2.536825 1.046375 -3.403335
v -2.536553 0.441558 -3.425132
v -2.536553 0.750122 -3.425132
v -2.514469 0.441558 -3.409087
v -2.514469 0.750122 -3.409087
v -2.522904 0.441558 -3.383125
v -2.522904 0.750122 -3.383125
v -2.550202 0.441558 -3.383125
v -2.550202 0.750122 -3.383125
v -2.558638 0.441558 -3.409087
v -2.558638 0.750122 -3.409087
vn 0.4588 0.3974 -0.7947
vn 0.9177 0.3974 -0.0000
vn 0.4588 0.3974 0.7947
vn -0.4588 0.3974 0.7947
vn -0.0000 -1.0000 -0.0000
vn -0.9177 0.3974 -0.0000
vn -0.4588 0.3974 -0.7947
vn 0.5878 -0.0000 -0.8090
vn 0.9511 -0.0000 0.3090
vn -0.0000 -0.0000 1.0000
vn -0.0000 1.0000 -0.0000
vn -0.9511 -0.0000 0.3090
vn -0.5878 -0.0000 -0.8090
vt 0.250000 0.490000
vt 0.250000 0.250000
vt 0.457846 0.370000
vt 0.457846 0.130000
vt 0.250000 0.010000
vt 0.042154 0.130000
vt 0.957846 0.370000
vt 0.750000 0.010000
vt 0.542154 0.370000
vt 0.042154 0.370000
vt 1.000000 1.000000
vt 0.800000 0.500000
vt 1.000000 0.500000
vt 0.800000 1.000000
vt 0.600000 0.500000
vt 0.600000 1.000000
vt 0.400000 0.500000
vt 0.021746 0.324164
vt 0.108932 0.055836
vt 0.400000 1.000000
vt 0.200000 0.500000
vt 0.200000 1.000000
vt 0.000000 0.500000
vt 0.978254 0.324164
vt 0.608932 0.055836
vt 0.521746 0.324164
vt 0.750000 0.490000
vt 0.957846 0.130000
vt 0.542154 0.130000
vt 0.391068 0.055836
vt 0.478254 0.324164
vt 0.000000 1.000000
vt 0.891068 0.055836
s 0
usemtl SBX_44
f 480/245/683 486/246/683 481/247/683
f 481/247/684 486/246/684 482/248/684
f 482/248/685 486/246/685 483/249/685
f 483/249/686 486/246/686 484/250/686
f 481/251/687 483/252/687 485/253/687
f 484/250/688 486/246/688 485/254/688
f 485/254/689 486/246/689 480/245/689
f 485/253/687 480/271/687 481/251/687
f 481/251/687 482/272/687 483/252/687
f 483/252/687 484/273/687 485/253/687
usemtl SBX_41
f 488/255/690 489/256/690 487/257/690
f 490/258/691 491/259/691 489/256/691
f 492/260/692 493/261/692 491/259/692
f 488/245/693 496/262/693 494/263/693
f 494/264/694 495/265/694 493/261/694
f 496/266/695 487/267/695 495/265/695
f 489/268/687 493/269/687 495/270/687
f 488/255/690 490/258/690 489/256/690
f 490/258/691 492/260/691 491/259/691
f 492/260/692 494/264/692 493/261/692
f 492/274/693 490/275/693 494/263/693
f 490/275/693 488/245/693 494/263/693
f 494/264/694 496/266/694 495/265/694
f 496/266/695 488/276/695 487/267/695
f 495/270/687 487/271/687 489/268/687
f 489/268/687 491/277/687 493/269/687
o Tree.002
v -1.846954 0.543722 -3.293803
v -1.718672 0.543722 -3.219739
v -1.718672 0.543722 -3.071612
v -1.846954 0.543722 -2.997549
v -1.975235 0.543722 -3.071612
v -1.975235 0.543722 -3.219739
v -1.846954 0.839976 -3.145676
v -1.846683 0.235158 -3.167473
v -1.846683 0.543722 -3.167473
v -1.824598 0.235158 -3.151428
v -1.824598 0.543722 -3.151428
v -1.833033 0.235158 -3.125465
v -1.833033 0.543722 -3.125465
v -1.860332 0.235158 -3.125465
v -1.860332 0.543722 -3.125465
v -1.868767 0.235158 -3.151428
v -1.868767 0.543722 -3.151428
vn 0.4588 0.3974 -0.7947
vn 0.9177 0.3974 -0.0000
vn 0.4588 0.3974 0.7947
vn -0.4588 0.3974 0.7947
vn -0.0000 -1.0000 -0.0000
vn -0.9177 0.3974 -0.0000
vn -0.4588 0.3974 -0.7947
vn 0.5878 -0.0000 -0.8090
vn 0.9511 -0.0000 0.3090
vn -0.0000 -0.0000 1.0000
vn -0.0000 1.0000 -0.0000
vn -0.9511 -0.0000 0.3090
vn -0.5878 -0.0000 -0.8090
vt 0.250000 0.490000
vt 0.250000 0.250000
vt 0.457846 0.370000
vt 0.457846 0.130000
vt 0.250000 0.010000
vt 0.042154 0.130000
vt 0.957846 0.370000
vt 0.750000 0.010000
vt 0.542154 0.370000
vt 0.042154 0.370000
vt 1.000000 1.000000
vt 0.800000 0.500000
vt 1.000000 0.500000
vt 0.800000 1.000000
vt 0.600000 0.500000
vt 0.600000 1.000000
vt 0.400000 0.500000
vt 0.021746 0.324164
vt 0.108932 0.055836
vt 0.400000 1.000000
vt 0.200000 0.500000
vt 0.200000 1.000000
vt 0.000000 0.500000
vt 0.978254 0.324164
vt 0.608932 0.055836
vt 0.521746 0.324164
vt 0.750000 0.490000
vt 0.957846 0.130000
vt 0.542154 0.130000
vt 0.391068 0.055836
vt 0.478254 0.324164
vt 0.000000 1.000000
vt 0.891068 0.055836
s 0
usemtl SBX_44
f 497/278/696 503/279/696 498/280/696
f 498/280/697 503/279/697 499/281/697
f 499/281/698 503/279/698 500/282/698
f 500/282/699 503/279/699 501/283/699
f 498/284/700 500/285/700 502/286/700
f 501/283/701 503/279/701 502/287/701
f 502/287/702 503/279/702 497/278/702
f 502/286/700 497/304/700 498/284/700
f 498/284/700 499/305/700 500/285/700
f 500/285/700 501/306/700 502/286/700
usemtl SBX_41
f 505/288/703 506/289/703 504/290/703
f 507/291/704 508/292/704 506/289/704
f 509/293/705 510/294/705 508/292/705
f 505/278/706 513/295/706 511/296/706
f 511/297/707 512/298/707 510/294/707
f 513/299/708 504/300/708 512/298/708
f 506/301/700 510/302/700 512/303/700
f 505/288/703 507/291/703 506/289/703
f 507/291/704 509/293/704 508/292/704
f 509/293/705 511/297/705 510/294/705
f 509/307/706 507/308/706 511/296/706
f 507/308/706 505/278/706 511/296/706
f 511/297/707 513/299/707 512/298/707
f 513/299/708 505/309/708 504/300/708
f 512/303/700 504/304/700 506/301/700
f 506/301/700 508/310/700 510/302/700
o Tree.003
v -2.248774 0.467535 -1.689379
v -2.120493 0.467535 -1.615315
v -2.120493 0.467535 -1.467188
v -2.248774 0.467535 -1.393125
v -2.377056 0.467535 -1.467188
v -2.377056 0.467535 -1.615315
v -2.248774 0.763788 -1.541252
v -2.248503 0.158971 -1.563049
v -2.248503 0.467535 -1.563049
v -2.226418 0.158971 -1.547003
v -2.226418 0.467535 -1.547003
v -2.234854 0.158971 -1.521041
v -2.234854 0.467535 -1.521041
v -2.262152 0.158971 -1.521041
v -2.262152 0.467535 -1.521041
v -2.270588 0.158971 -1.547003
v -2.270588 0.467535 -1.547003
vn 0.4588 0.3974 -0.7947
vn 0.9177 0.3974 -0.0000
vn 0.4588 0.3974 0.7947
vn -0.4588 0.3974 0.7947
vn -0.0000 -1.0000 -0.0000
vn -0.9177 0.3974 -0.0000
vn -0.4588 0.3974 -0.7947
vn 0.5878 -0.0000 -0.8090
vn 0.9511 -0.0000 0.3090
vn -0.0000 -0.0000 1.0000
vn -0.0000 1.0000 -0.0000
vn -0.9511 -0.0000 0.3090
vn -0.5878 -0.0000 -0.8090
vt 0.250000 0.490000
vt 0.250000 0.250000
vt 0.457846 0.370000
vt 0.457846 0.130000
vt 0.250000 0.010000
vt 0.042154 0.130000
vt 0.957846 0.370000
vt 0.750000 0.010000
vt 0.542154 0.370000
vt 0.042154 0.370000
vt 1.000000 1.000000
vt 0.800000 0.500000
vt 1.000000 0.500000
vt 0.800000 1.000000
vt 0.600000 0.500000
vt 0.600000 1.000000
vt 0.400000 0.500000
vt 0.021746 0.324164
vt 0.108932 0.055836
vt 0.400000 1.000000
vt 0.200000 0.500000
vt 0.200000 1.000000
vt 0.000000 0.500000
vt 0.978254 0.324164
vt 0.608932 0.055836
vt 0.521746 0.324164
vt 0.750000 0.490000
vt 0.957846 0.130000
vt 0.542154 0.130000
vt 0.391068 0.055836
vt 0.478254 0.324164
vt 0.000000 1.000000
vt 0.891068 0.055836
s 0
usemtl SBX_44
f 514/311/709 520/312/709 515/313/709
f 515/313/710 520/312/710 516/314/710
f 516/314/711 520/312/711 517/315/711
f 517/315/712 520/312/712 518/316/712
f 515/317/713 517/318/713 519/319/713
f 518/316/714 520/312/714 519/320/714
f 519/320/715 520/312/715 514/311/715
f 519/319/713 514/337/713 515/317/713
f 515/317/713 516/338/713 517/318/713
f 517/318/713 518/339/713 519/319/713
usemtl SBX_41
f 522/321/716 523/322/716 521/323/716
f 524/324/717 525/325/717 523/322/717
f 526/326/718 527/327/718 525/325/718
f 522/311/719 530/328/719 528/329/719
f 528/330/720 529/331/720 527/327/720
f 530/332/721 521/333/721 529/331/721
f 523/334/713 527/335/713 529/336/713
f 522/321/716 524/324/716 523/322/716
f 524/324/717 526/326/717 525/325/717
f 526/326/718 528/330/718 527/327/718
f 526/340/719 524/341/719 528/329/719
f 524/341/719 522/311/719 528/329/719
f 528/330/720 530/332/720 529/331/720
f 530/332/721 522/342/721 521/333/721
f 529/336/713 521/337/713 523/334/713
f 523/334/713 525/343/713 527/335/713
o Tree.004
v -1.874406 0.467535 -0.590553
v -1.746124 0.467535 -0.516490
v -1.746124 0.467535 -0.368363
v -1.874406 0.467535 -0.294299
v -2.002687 0.467535 -0.368363
v -2.002687 0.467535 -0.516490
v -1.874406 0.763788 -0.442426
v -1.874135 0.158971 -0.464223
v -1.874135 0.467535 -0.464223
v -1.852050 0.158971 -0.448178
v -1.852050 0.467535 -0.448178
v -1.860485 0.158971 -0.422216
v -1.860485 0.467535 -0.422216
v -1.887784 0.158971 -0.422216
v -1.887784 0.467535 -0.422216
v -1.896219 0.158971 -0.448178
v -1.896219 0.467535 -0.448178
vn 0.4588 0.3974 -0.7947
vn 0.9177 0.3974 -0.0000
vn 0.4588 0.3974 0.7947
vn -0.4588 0.3974 0.7947
vn -0.0000 -1.0000 -0.0000
vn -0.9177 0.3974 -0.0000
vn -0.4588 0.3974 -0.7947
vn 0.5878 -0.0000 -0.8090
vn 0.9511 -0.0000 0.3090
vn -0.0000 -0.0000 1.0000
vn -0.0000 1.0000 -0.0000
vn -0.9511 -0.0000 0.3090
vn -0.5878 -0.0000 -0.8090
vt 0.250000 0.490000
vt 0.250000 0.250000
vt 0.457846 0.370000
vt 0.457846 0.130000
vt 0.250000 0.010000
vt 0.042154 0.130000
vt 0.957846 0.370000
vt 0.750000 0.010000
vt 0.542154 0.370000
vt 0.042154 0.370000
vt 1.000000 1.000000
vt 0.800000 0.500000
vt 1.000000 0.500000
vt 0.800000 1.000000
vt 0.600000 0.500000
vt 0.600000 1.000000
vt 0.400000 0.500000
vt 0.021746 0.324164
vt 0.108932 0.055836
vt 0.400000 1.000000
vt 0.200000 0.500000
vt 0.200000 1.000000
vt 0.000000 0.500000
vt 0.978254 0.324164
vt 0.608932 0.055836
vt 0.521746 0.324164
vt 0.750000 0.490000
vt 0.957846 0.130000
vt 0.542154 0.130000
vt 0.391068 0.055836
vt 0.478254 0.324164
vt 0.000000 1.000000
vt 0.891068 0.055836
s 0
usemtl SBX_44
f 531/344/722 537/345/722 532/346/722
f 532/346/723 537/345/723 533/347/723
f 533/347/724 537/345/724 534/348/724
f 534/348/725 537/345/725 535/349/725
f 532/350/726 534/351/726 536/352/726
f 535/349/727 537/345/727 536/353/727
f 536/353/728 537/345/728 531/344/728
f 536/352/726 531/370/726 532/350/726
f 532/350/726 533/371/726 534/351/726
f 534/351/726 535/372/726 536/352/726
usemtl SBX_41
f 539/354/729 540/355/729 538/356/729
f 541/357/730 542/358/730 540/355/730
f 543/359/731 544/360/731 542/358/731
f 539/344/732 547/361/732 545/362/732
f 545/363/733 546/364/733 544/360/733
f 547/365/734 538/366/734 546/364/734
f 540/367/726 544/368/726 546/369/726
f 539/354/729 541/357/729 540/355/729
f 541/357/730 543/359/730 542/358/730
f 543/359/731 545/363/731 544/360/731
f 543/373/732 541/374/732 545/362/732
f 541/374/732 539/344/732 545/362/732
f 545/363/733 547/365/733 546/364/733
f 547/365/734 539/375/734 538/366/734
f 546/369/726 538/370/726 540/367/726
f 540/367/726 542/376/726 544/368/726
o Tree.005
v -2.701278 0.506304 -6.489196
v -2.572996 0.506304 -6.415133
v -2.572996 0.506304 -6.267006
v -2.701278 0.506304 -6.192943
v -2.829559 0.506304 -6.267006
v -2.829559 0.506304 -6.415133
v -2.701278 0.802558 -6.341069
v -2.701006 0.197740 -6.362866
v -2.701006 0.506304 -6.362866
v -2.678922 0.197740 -6.346821
v -2.678922 0.506304 -6.346821
v -2.687357 0.197740 -6.320859
v -2.687357 0.506304 -6.320859
v -2.714655 0.197740 -6.320859
v -2.714655 0.506304 -6.320859
v -2.723091 0.197740 -6.346821
v -2.723091 0.506304 -6.346821
vn 0.4588 0.3974 -0.7947
vn 0.9177 0.3974 -0.0000
vn 0.4588 0.3974 0.7947
vn -0.4588 0.3974 0.7947
vn -0.0000 -1.0000 -0.0000
vn -0.9177 0.3974 -0.0000
vn -0.4588 0.3974 -0.7947
vn 0.5878 -0.0000 -0.8090
vn 0.9511 -0.0000 0.3090
vn -0.0000 -0.0000 1.0000
vn -0.0000 1.0000 -0.0000
vn -0.9511 -0.0000 0.3090
vn -0.5878 -0.0000 -0.8090
vt 0.250000 0.490000
vt 0.250000 0.250000
vt 0.457846 0.370000
vt 0.457846 0.130000
vt 0.250000 0.010000
vt 0.042154 0.130000
vt 0.957846 0.370000
vt 0.750000 0.010000
vt 0.542154 0.370000
vt 0.042154 0.370000
vt 1.000000 1.000000
vt 0.800000 0.500000
vt 1.000000 0.500000
vt 0.800000 1.000000
vt 0.600000 0.500000
vt 0.600000 1.000000
vt 0.400000 0.500000
vt 0.021746 0.324164
vt 0.108932 0.055836
vt 0.400000 1.000000
vt 0.200000 0.500000
vt 0.200000 1.000000
vt 0.000000 0.500000
vt 0.978254 0.324164
vt 0.608932 0.055836
vt 0.521746 0.324164
vt 0.750000 0.490000
vt 0.957846 0.130000
vt 0.542154 0.130000
vt 0.391068 0.055836
vt 0.478254 0.324164
vt 0.000000 1.000000
vt 0.891068 0.055836
s 0
usemtl SBX_44
f 548/377/735 554/378/735 549/379/735
f 549/379/736 554/378/736 550/380/736
f 550/380/737 554/378/737 551/381/737
f 551/381/738 554/378/738 552/382/738
f 549/383/739 551/384/739 553/385/739
f 552/382/740 554/378/740 553/386/740
f 553/386/741 554/378/741 548/377/741
f 553/385/739 548/403/739 549/383/739
f 549/383/739 550/404/739 551/384/739
f 551/384/739 552/405/739 553/385/739
usemtl SBX_41
f 556/387/742 557/388/742 555/389/742
f 558/390/743 559/391/743 557/388/743
f 560/392/744 561/393/744 559/391/744
f 556/377/745 564/394/745 562/395/745
f 562/396/746 563/397/746 561/393/746
f 564/398/747 555/399/747 563/397/747
f 557/400/739 561/401/739 563/402/739
f 556/387/742 558/390/742 557/388/742
f 558/390/743 560/392/743 559/391/743
f 560/392/744 562/396/744 561/393/744
f 560/406/745 558/407/745 562/395/745
f 558/407/745 556/377/745 562/395/745
f 562/396/746 564/398/746 563/397/746
f 564/398/747 556/408/747 555/399/747
f 563/402/739 555/403/739 557/400/739
f 557/400/739 559/409/739 561/401/739
o Tree.006
v 2.224387 0.542464 0.863894
v 2.352669 0.542464 0.937958
v 2.352669 0.542464 1.086084
v 2.224387 0.542464 1.160148
v 2.096106 0.542464 1.086084
v 2.096106 0.542464 0.937958
v 2.224387 0.838718 1.012021
v 2.224658 0.233900 0.990224
v 2.224658 0.542464 0.990224
v 2.246743 0.233900 1.006269
v 2.246743 0.542464 1.006269
v 2.238308 0.233900 1.032231
v 2.238308 0.542464 1.032231
v 2.211010 0.233900 1.032231
v 2.211010 0.542464 1.032231
v 2.202574 0.233900 1.006269
v 2.202574 0.542464 1.006269
vn 0.4588 0.3974 -0.7947
vn 0.9177 0.3974 -0.0000
vn 0.4588 0.3974 0.7947
vn -0.4588 0.3974 0.7947
vn -0.0000 -1.0000 -0.0000
vn -0.9177 0.3974 -0.0000
vn -0.4588 0.3974 -0.7947
vn 0.5878 -0.0000 -0.8090
vn 0.9511 -0.0000 0.3090
vn -0.0000 -0.0000 1.0000
vn -0.0000 1.0000 -0.0000
vn -0.9511 -0.0000 0.3090
vn -0.5878 -0.0000 -0.8090
vt 0.250000 0.490000
vt 0.250000 0.250000
vt 0.457846 0.370000
vt 0.457846 0.130000
vt 0.250000 0.010000
vt 0.042154 0.130000
vt 0.957846 0.370000
vt 0.750000 0.010000
vt 0.542154 0.370000
vt 0.042154 0.370000
vt 1.000000 1.000000
vt 0.800000 0.500000
vt 1.000000 0.500000
vt 0.800000 1.000000
vt 0.600000 0.500000
vt 0.600000 1.000000
vt 0.400000 0.500000
vt 0.021746 0.324164
vt 0.108932 0.055836
vt 0.400000 1.000000
vt 0.200000 0.500000
vt 0.200000 1.000000
vt 0.000000 0.500000
vt 0.978254 0.324164
vt 0.608932 0.055836
vt 0.521746 0.324164
vt 0.750000 0.490000
vt 0.957846 0.130000
vt 0.542154 0.130000
vt 0.391068 0.055836
vt 0.478254 0.324164
vt 0.000000 1.000000
vt 0.891068 0.055836
s 0
usemtl SBX_44
f 565/410/748 571/411/748 566/412/748
f 566/412/749 571/411/749 567/413/749
f 567/413/750 571/411/750 568/414/750
f 568/414/751 571/411/751 569/415/751
f 566/416/752 568/417/752 570/418/752
f 569/415/753 571/411/753 570/419/753
f 570/419/754 571/411/754 565/410/754
f 570/418/752 565/436/752 566/416/752
f 566/416/752 567/437/752 568/417/752
f 568/417/752 569/438/752 570/418/752
usemtl SBX_41
f 573/420/755 574/421/755 572/422/755
f 575/423/756 576/424/756 574/421/756
f 577/425/757 578/426/757 576/424/757
f 573/410/758 581/427/758 579/428/758
f 579/429/759 580/430/759 578/426/759
f 581/431/760 572/432/760 580/430/760
f 574/433/752 578/434/752 580/435/752
f 573/420/755 575/423/755 574/421/755
f 575/423/756 577/425/756 576/424/756
f 577/425/757 579/429/757 578/426/757
f 577/439/758 575/440/758 579/428/758
f 575/440/758 573/410/758 579/428/758
f 579/429/759 581/431/759 580/430/759
f 581/431/760 573/441/760 572/432/760
f 580/435/752 572/436/752 574/433/752
f 574/433/752 576/442/752 578/434/752
o Tree.007
v 4.953697 0.479845 1.508069
v 5.081979 0.479845 1.582132
v 5.081979 0.479845 1.730259
v 4.953697 0.479845 1.804322
v 4.825416 0.479845 1.730259
v 4.825416 0.479845 1.582132
v 4.953697 0.776099 1.656196
v 4.953969 0.171281 1.634398
v 4.953969 0.479845 1.634398
v 4.976053 0.171281 1.650444
v 4.976053 0.479845 1.650444
v 4.967618 0.171281 1.676406
v 4.967618 0.479845 1.676406
v 4.940320 0.171281 1.676406
v 4.940320 0.479845 1.676406
v 4.931884 0.171281 1.650444
v 4.931884 0.479845 1.650444
vn 0.4588 0.3974 -0.7947
vn 0.9177 0.3974 -0.0000
vn 0.4588 0.3974 0.7947
vn -0.4588 0.3974 0.7947
vn -0.0000 -1.0000 -0.0000
vn -0.9177 0.3974 -0.0000
vn -0.4588 0.3974 -0.7947
vn 0.5878 -0.0000 -0.8090
vn 0.9511 -0.0000 0.3090
vn -0.0000 -0.0000 1.0000
vn -0.0000 1.0000 -0.0000
vn -0.9511 -0.0000 0.3090
vn -0.5878 -0.0000 -0.8090
vt 0.250000 0.490000
vt 0.250000 0.250000
vt 0.457846 0.370000
vt 0.457846 0.130000
vt 0.250000 0.010000
vt 0.042154 0.130000
vt 0.957846 0.370000
vt 0.750000 0.010000
vt 0.542154 0.370000
vt 0.042154 0.370000
vt 1.000000 1.000000
vt 0.800000 0.500000
vt 1.000000 0.500000
vt 0.800000 1.000000
vt 0.600000 0.500000
vt 0.600000 1.000000
vt 0.400000 0.500000
vt 0.021746 0.324164
vt 0.108932 0.055836
vt 0.400000 1.000000
vt 0.200000 0.500000
vt 0.200000 1.000000
vt 0.000000 0.500000
vt 0.978254 0.324164
vt 0.608932 0.055836
vt 0.521746 0.324164
vt 0.750000 0.490000
vt 0.957846 0.130000
vt 0.542154 0.130000
vt 0.391068 0.055836
vt 0.478254 0.324164
vt 0.000000 1.000000
vt 0.891068 0.055836
s 0
usemtl SBX_44
f 582/443/761 588/444/761 583/445/761
f 583/445/762 588/444/762 584/446/762
f 584/446/763 588/444/763 585/447/763
f 585/447/764 588/444/764 586/448/764
f 583/449/765 585/450/765 587/451/765
f 586/448/766 588/444/766 587/452/766
f 587/452/767 588/444/767 582/443/767
f 587/451/765 582/469/765 583/449/765
f 583/449/765 584/470/765 585/450/765
f 585/450/765 586/471/765 587/451/765
usemtl SBX_41
f 590/453/768 591/454/768 589/455/768
f 592/456/769 593/457/769 591/454/769
f 594/458/770 595/459/770 593/457/770
f 590/443/771 598/460/771 596/461/771
f 596/462/772 597/463/772 595/459/772
f 598/464/773 589/465/773 597/463/773
f 591/466/765 595/467/765 597/468/765
f 590/453/768 592/456/768 591/454/768
f 592/456/769 594/458/769 593/457/769
f 594/458/770 596/462/770 595/459/770
f 594/472/771 592/473/771 596/461/771
f 592/473/771 590/443/771 596/461/771
f 596/462/772 598/464/772 597/463/772
f 598/464/773 590/474/773 589/465/773
f 597/468/765 589/469/765 591/466/765
f 591/466/765 593/475/765 595/467/765
o Tree.008
v 2.949044 0.524555 -4.349756
v 3.077325 0.524555 -4.275693
v 3.077325 0.524555 -4.127566
v 2.949044 0.524555 -4.053503
v 2.820762 0.524555 -4.127566
v 2.820762 0.524555 -4.275693
v 2.949044 0.820809 -4.201630
v 2.949315 0.215991 -4.223427
v 2.949315 0.524555 -4.223427
v 2.971400 0.215991 -4.207381
v 2.971400 0.524555 -4.207381
v 2.962964 0.215991 -4.181419
v 2.962964 0.524555 -4.181419
v 2.935666 0.215991 -4.181419
v 2.935666 0.524555 -4.181419
v 2.927230 0.215991 -4.207381
v 2.927230 0.524555 -4.207381
vn 0.4588 0.3974 -0.7947
vn 0.9177 0.3974 -0.0000
vn 0.4588 0.3974 0.7947
vn -0.4588 0.3974 0.7947
vn -0.0000 -1.0000 -0.0000
vn -0.9177 0.3974 -0.0000
vn -0.4588 0.3974 -0.7947
vn 0.5878 -0.0000 -0.8090
vn 0.9511 -0.0000 0.3090
vn -0.0000 -0.0000 1.0000
vn -0.0000 1.0000 -0.0000
vn -0.9511 -0.0000 0.3090
vn -0.5878 -0.0000 -0.8090
vt 0.250000 0.490000
vt 0.250000 0.250000
vt 0.457846 0.370000
vt 0.457846 0.130000
vt 0.250000 0.010000
vt 0.042154 0.130000
vt 0.957846 0.370000
vt 0.750000 0.010000
vt 0.542154 0.370000
vt 0.042154 0.370000
vt 1.000000 1.000000
vt 0.800000 0.500000
vt 1.000000 0.500000
vt 0.800000 1.000000
vt 0.600000 0.500000
vt 0.600000 1.000000
vt 0.400000 0.500000
vt 0.021746 0.324164
vt 0.108932 0.055836
vt 0.400000 1.000000
vt 0.200000 0.500000
vt 0.200000 1.000000
vt 0.000000 0.500000
vt 0.978254 0.324164
vt 0.608932 0.055836
vt 0.521746 0.324164
vt 0.750000 0.490000
vt 0.957846 0.130000
vt 0.542154 0.130000
vt 0.391068 0.055836
vt 0.478254 0.324164
vt 0.000000 1.000000
vt 0.891068 0.055836
s 0
usemtl SBX_44
f 599/476/774 605/477/774 600/478/774
f 600/478/775 605/477/775 601/479/775
f 601/479/776 605/477/776 602/480/776
f 602/480/777 605/477/777 603/481/777
f 600/482/778 602/483/778 604/484/778
f 603/481/779 605/477/779 604/485/779
f 604/485/780 605/477/780 599/476/780
f 604/484/778 599/502/778 600/482/778
f 600/482/778 601/503/778 602/483/778
f 602/483/778 603/504/778 604/484/778
usemtl SBX_41
f 607/486/781 608/487/781 606/488/781
f 609/489/782 610/490/782 608/487/782
f 611/491/783 612/492/783 610/490/783
f 607/476/784 615/493/784 613/494/784
f 613/495/785 614/496/785 612/492/785
f 615/497/786 606/498/786 614/496/786
f 608/499/778 612/500/778 614/501/778
f 607/486/781 609/489/781 608/487/781
f 609/489/782 611/491/782 610/490/782
f 611/491/783 613/495/783 612/492/783
f 611/505/784 609/506/784 613/494/784
f 609/506/784 607/476/784 613/494/784
f 613/495/785 615/497/785 614/496/785
f 615/497/786 607/507/786 606/498/786
f 614/501/778 606/502/778 608/499/778
f 608/499/778 610/508/778 612/500/778
o Tree.009
v 2.604074 0.506332 -3.557736
v 2.732356 0.506332 -3.483672
v 2.732356 0.506332 -3.335546
v 2.604074 0.506332 -3.261482
v 2.475793 0.506332 -3.335546
v 2.475793 0.506332 -3.483672
v 2.604074 0.802586 -3.409609
v 2.604346 0.197768 -3.431406
v 2.604346 0.506332 -3.431406
v 2.626430 0.197768 -3.415360
v 2.626430 0.506332 -3.415360
v 2.617995 0.197768 -3.389398
v 2.617995 0.506332 -3.389398
v 2.590697 0.197768 -3.389398
v 2.590697 0.506332 -3.389398
v 2.582261 0.197768 -3.415360
v 2.582261 0.506332 -3.415360
vn 0.4588 0.3974 -0.7947
vn 0.9177 0.3974 -0.0000
vn 0.4588 0.3974 0.7947
vn -0.4588 0.3974 0.7947
vn -0.0000 -1.0000 -0.0000
vn -0.9177 0.3974 -0.0000
vn -0.4588 0.3974 -0.7947
vn 0.5878 -0.0000 -0.8090
vn 0.9511 -0.0000 0.3090
vn -0.0000 -0.0000 1.0000
vn -0.0000 1.0000 -0.0000
vn -0.9511 -0.0000 0.3090
vn -0.5878 -0.0000 -0.8090
vt 0.250000 0.490000
vt 0.250000 0.250000
vt 0.457846 0.370000
vt 0.457846 0.130000
vt 0.250000 0.010000
vt 0.042154 0.130000
vt 0.957846 0.370000
vt 0.750000 0.010000
vt 0.542154 0.370000
vt 0.042154 0.370000
vt 1.000000 1.000000
vt 0.800000 0.500000
vt 1.000000 0.500000
vt 0.800000 1.000000
vt 0.600000 0.500000
vt 0.600000 1.000000
vt 0.400000 0.500000
vt 0.021746 0.324164
vt 0.108932 0.055836
vt 0.400000 1.000000
vt 0.200000 0.500000
vt 0.200000 1.000000
vt 0.000000 0.500000
vt 0.978254 0.324164
vt 0.608932 0.055836
vt 0.521746 0.324164
vt 0.750000 0.490000
vt 0.957846 0.130000
vt 0.542154 0.130000
vt 0.391068 0.055836
vt 0.478254 0.324164
vt 0.000000 1.000000
vt 0.891068 0.055836
s 0
usemtl SBX_44
f 616/509/787 622/510/787 617/511/787
f 617/511/788 622/510/788 618/512/788
f 618/512/789 622/510/789 619/513/789
f 619/513/790 622/510/790 620/514/790
f 617/515/791 619/516/791 621/517/791
f 620/514/792 622/510/792 621/518/792
f 621/518/793 622/510/793 616/509/793
f 621/517/791 616/535/791 617/515/791
f 617/515/791 618/536/791 619/516/791
f 619/516/791 620/537/791 621/517/791
usemtl SBX_41
f 624/519/794 625/520/794 623/521/794
f 626/522/795 627/523/795 625/520/795
f 628/524/796 629/525/796 627/523/796
f 624/509/797 632/526/797 630/527/797
f 630/528/798 631/529/798 629/525/798
f 632/530/799 623/531/799 631/529/799
f 625/532/791 629/533/791 631/534/791
f 624/519/794 626/522/794 625/520/794
f 626/522/795 628/524/795 627/523/795
f 628/524/796 630/528/796 629/525/796
f 628/538/797 626/539/797 630/527/797
f 626/539/797 624/509/797 630/527/797
f 630/528/798 632/530/798 631/529/798
f 632/530/799 624/540/799 623/531/799
f 631/534/791 623/535/791 625/532/791
f 625/532/791 627/541/791 629/533/791
o Tree.010
v 2.387445 0.562977 -2.343268
v 2.515727 0.562977 -2.269205
v 2.515727 0.562977 -2.121078
v 2.387445 0.562977 -2.047014
v 2.259164 0.562977 -2.121078
v 2.259164 0.562977 -2.269205
v 2.387445 0.859230 -2.195141
v 2.387717 0.254413 -2.216938
v 2.387717 0.562977 -2.216938
v 2.409801 0.254413 -2.200893
v 2.409801 0.562977 -2.200893
v 2.401366 0.254413 -2.174931
v 2.401366 0.562977 -2.174931
v 2.374068 0.254413 -2.174931
v 2.374068 0.562977 -2.174931
v 2.365632 0.254413 -2.200893
v 2.365632 0.562977 -2.200893
vn 0.4588 0.3974 -0.7947
vn 0.9177 0.3974 -0.0000
vn 0.4588 0.3974 0.7947
vn -0.4588 0.3974 0.7947
vn -0.0000 -1.0000 -0.0000
vn -0.9177 0.3974 -0.0000
vn -0.4588 0.3974 -0.7947
vn 0.5878 -0.0000 -0.8090
vn 0.9511 -0.0000 0.3090
vn -0.0000 -0.0000 1.0000
vn -0.0000 1.0000 -0.0000
vn -0.9511 -0.0000 0.3090
vn -0.5878 -0.0000 -0.8090
vt 0.250000 0.490000
vt 0.250000 0.250000
vt 0.457846 0.370000
vt 0.457846 0.130000
vt 0.250000 0.010000
vt 0.042154 0.130000
vt 0.957846 0.370000
vt 0.750000 0.010000
vt 0.542154 0.370000
vt 0.042154 0.370000
vt 1.000000 1.000000
vt 0.800000 0.500000
vt 1.000000 0.500000
vt 0.800000 1.000000
vt 0.600000 0.500000
vt 0.600000 1.000000
vt 0.400000 0.500000
vt 0.021746 0.324164
vt 0.108932 0.055836
vt 0.400000 1.000000
vt 0.200000 0.500000
vt 0.200000 1.000000
vt 0.000000 0.500000
vt 0.978254 0.324164
vt 0.608932 0.055836
vt 0.521746 0.324164
vt 0.750000 0.490000
vt 0.957846 0.130000
vt 0.542154 0.130000
vt 0.391068 0.055836
vt 0.478254 0.324164
vt 0.000000 1.000000
vt 0.891068 0.055836
s 0
usemtl SBX_44
f 633/542/800 639/543/800 634/544/800
f 634/544/801 639/543/801 635/545/801
f 635/545/802 639/543/802 636/546/802
f 636/546/803 639/543/803 637/547/803
f 634/548/804 636/549/804 638/550/804
f 637/547/805 639/543/805 638/551/805
f 638/551/806 639/543/806 633/542/806
f 638/550/804 633/568/804 634/548/804
f 634/548/804 635/569/804 636/549/804
f 636/549/804 637/570/804 638/550/804
usemtl SBX_41
f 641/552/807 642/553/807 640/554/807
f 643/555/808 644/556/808 642/553/808
f 645/557/809 646/558/809 644/556/809
f 641/542/810 649/559/810 647/560/810
f 647/561/811 648/562/811 646/558/811
f 649/563/812 640/564/812 648/562/812
f 642/565/804 646/566/804 648/567/804
f 641/552/807 643/555/807 642/553/807
f 643/555/808 645/557/808 644/556/808
f 645/557/809 647/561/809 646/558/809
f 645/571/810 643/572/810 647/560/810
f 643/572/810 641/542/810 647/560/810
f 647/561/811 649/563/811 648/562/811
f 649/563/812 641/573/812 640/564/812
f 648/567/804 640/568/804 642/565/804
f 642/565/804 644/574/804 646/566/804
o Tree.011
v 2.081542 0.498925 -1.814672
v 2.209823 0.498925 -1.740608
v 2.209823 0.498925 -1.592482
v 2.081542 0.498925 -1.518418
v 1.953260 0.498925 -1.592482
v 1.953260 0.498925 -1.740608
v 2.081542 0.795179 -1.666545
v 2.081813 0.190361 -1.688342
v 2.081813 0.498925 -1.688342
v 2.103898 0.190361 -1.672297
v 2.103898 0.498925 -1.672297
v 2.095462 0.190361 -1.646335
v 2.095462 0.498925 -1.646335
v 2.068164 0.190361 -1.646335
v 2.068164 0.498925 -1.646335
v 2.059728 0.190361 -1.672297
v 2.059728 0.498925 -1.672297
vn 0.4588 0.3974 -0.7947
vn 0.9177 0.3974 -0.0000
vn 0.4588 0.3974 0.7947
vn -0.4588 0.3974 0.7947
vn -0.0000 -1.0000 -0.0000
vn -0.9177 0.3974 -0.0000
vn -0.4588 0.3974 -0.7947
vn 0.5878 -0.0000 -0.8090
vn 0.9511 -0.0000 0.3090
vn -0.0000 -0.0000 1.0000
vn -0.0000 1.0000 -0.0000
vn -0.9511 -0.0000 0.3090
vn -0.5878 -0.0000 -0.8090
vt 0.250000 0.490000
vt 0.250000 0.250000
vt 0.457846 0.370000
vt 0.457846 0.130000
vt 0.250000 0.010000
vt 0.042154 0.130000
vt 0.957846 0.370000
vt 0.750000 0.010000
vt 0.542154 0.370000
vt 0.042154 0.370000
vt 1.000000 1.000000
vt 0.800000 0.500000
vt 1.000000 0.500000
vt 0.800000 1.000000
vt 0.600000 0.500000
vt 0.600000 1.000000
vt 0.400000 0.500000
vt 0.021746 0.324164
vt 0.108932 0.055836
vt 0.400000 1.000000
vt 0.200000 0.500000
vt 0.200000 1.000000
vt 0.000000 0.500000
vt 0.978254 0.324164
vt 0.608932 0.055836
vt 0.521746 0.324164
vt 0.750000 0.490000
vt 0.957846 0.130000
vt 0.542154 0.130000
vt 0.391068 0.055836
vt 0.478254 0.324164
vt 0.000000 1.000000
vt 0.891068 0.055836
s 0
usemtl SBX_44
f 650/575/813 656/576/813 651/577/813
f 651/577/814 656/576/814 652/578/814
f 652/578/815 656/576/815 653/579/815
f 653/579/816 656/576/816 654/580/816
f 651/581/817 653/582/817 655/583/817
f 654/580/818 656/576/818 655/584/818
f 655/584/819 656/576/819 650/575/819
f 655/583/817 650/601/817 651/581/817
f 651/581/817 652/602/817 653/582/817
f 653/582/817 654/603/817 655/583/817
usemtl SBX_41
f 658/585/820 659/586/820 657/587/820
f 660/588/821 661/589/821 659/586/821
f 662/590/822 663/591/822 661/589/822
f 658/575/823 666/592/823 664/593/823
f 664/594/824 665/595/824 663/591/824
f 666/596/825 657/597/825 665/595/825
f 659/598/817 663/599/817 665/600/817
f 658/585/820 660/588/820 659/586/820
f 660/588/821 662/590/821 661/589/821
f 662/590/822 664/594/822 663/591/822
f 662/604/823 660/605/823 664/593/823
f 660/605/823 658/575/823 664/593/823
f 664/594/824 666/596/824 665/595/824
f 666/596/825 658/606/825 657/597/825
f 665/600/817 657/601/817 659/598/817
f 659/598/817 661/607/817 663/599/817
o Tree.012
v 1.878708 0.484438 -1.047782
v 2.006989 0.484438 -0.973719
v 2.006989 0.484438 -0.825592
v 1.878708 0.484438 -0.751529
v 1.750426 0.484438 -0.825592
v 1.750426 0.484438 -0.973719
v 1.878708 0.780692 -0.899656
v 1.878979 0.175874 -0.921453
v 1.878979 0.484438 -0.921453
v 1.901064 0.175874 -0.905407
v 1.901064 0.484438 -0.905407
v 1.892628 0.175874 -0.879445
v 1.892628 0.484438 -0.879445
v 1.865330 0.175874 -0.879445
v 1.865330 0.484438 -0.879445
v 1.856895 0.175874 -0.905407
v 1.856895 0.484438 -0.905407
vn 0.4588 0.3974 -0.7947
vn 0.9177 0.3974 -0.0000
vn 0.4588 0.3974 0.7947
vn -0.4588 0.3974 0.7947
vn -0.0000 -1.0000 -0.0000
vn -0.9177 0.3974 -0.0000
vn -0.4588 0.3974 -0.7947
vn 0.5878 -0.0000 -0.8090
vn 0.9511 -0.0000 0.3090
vn -0.0000 -0.0000 1.0000
vn -0.0000 1.0000 -0.0000
vn -0.9511 -0.0000 0.3090
vn -0.5878 -0.0000 -0.8090
vt 0.250000 0.490000
vt 0.250000 0.250000
vt 0.457846 0.370000
vt 0.457846 0.130000
vt 0.250000 0.010000
vt 0.042154 0.130000
vt 0.957846 0.370000
vt 0.750000 0.010000
vt 0.542154 0.370000
vt 0.042154 0.370000
vt 1.000000 1.000000
vt 0.800000 0.500000
vt 1.000000 0.500000
vt 0.800000 1.000000
vt 0.600000 0.500000
vt 0.600000 1.000000
vt 0.400000 0.500000
vt 0.021746 0.324164
vt 0.108932 0.055836
vt 0.400000 1.000000
vt 0.200000 0.500000
vt 0.200000 1.000000
vt 0.000000 0.500000
vt 0.978254 0.324164
vt 0.608932 0.055836
vt 0.521746 0.324164
vt 0.750000 0.490000
vt 0.957846 0.130000
vt 0.542154 0.130000
vt 0.391068 0.055836
vt 0.478254 0.324164
vt 0.000000 1.000000
vt 0.891068 0.055836
s 0
usemtl SBX_44
f 667/608/826 673/609/826 668/610/826
f 668/610/827 673/609/827 669/611/827
f 669/611/828 673/609/828 670/612/828
f 670/612/829 673/609/829 671/613/829
f 668/614/830 670/615/830 672/616/830
f 671/613/831 673/609/831 672/617/831
f 672/617/832 673/609/832 667/608/832
f 672/616/830 667/634/830 668/614/830
f 668/614/830 669/635/830 670/615/830
f 670/615/830 671/636/830 672/616/830
usemtl SBX_41
f 675/618/833 676/619/833 674/620/833
f 677/621/834 678/622/834 676/619/834
f 679/623/835 680/624/835 678/622/835
f 675/608/836 683/625/836 681/626/836
f 681/627/837 682/628/837 680/624/837
f 683/629/838 674/630/838 682/628/838
f 676/631/830 680/632/830 682/633/830
f 675/618/833 677/621/833 676/619/833
f 677/621/834 679/623/834 678/622/834
f 679/623/835 681/627/835 680/624/835
f 679/637/836 677/638/836 681/626/836
f 677/638/836 675/608/836 681/626/836
f 681/627/837 683/629/837 682/628/837
f 683/629/838 675/639/838 674/630/838
f 682/633/830 674/634/830 676/631/830
f 676/631/830 678/640/830 680/632/830
o Tree.013
v -1.207599 0.559448 0.482454
v -1.079317 0.559448 0.556517
v -1.079317 0.559448 0.704644
v -1.207599 0.559448 0.778708
v -1.335880 0.559448 0.704644
v -1.335880 0.559448 0.556517
v -1.207599 0.855702 0.630581
v -1.207327 0.250885 0.608784
v -1.207327 0.559448 0.608784
v -1.185243 0.250885 0.624829
v -1.185243 0.559448 0.624829
v -1.193678 0.250885 0.650791
v -1.193678 0.559448 0.650791
v -1.220976 0.250885 0.650791
v -1.220976 0.559448 0.650791
v -1.229412 0.250885 0.624829
v -1.229412 0.559448 0.624829
vn 0.4588 0.3974 -0.7947
vn 0.9177 0.3974 -0.0000
vn 0.4588 0.3974 0.7947
vn -0.4588 0.3974 0.7947
vn -0.0000 -1.0000 -0.0000
vn -0.9177 0.3974 -0.0000
vn -0.4588 0.3974 -0.7947
vn 0.5878 -0.0000 -0.8090
vn 0.9511 -0.0000 0.3090
vn -0.0000 -0.0000 1.0000
vn -0.0000 1.0000 -0.0000
vn -0.9511 -0.0000 0.3090
vn -0.5878 -0.0000 -0.8090
vt 0.250000 0.490000
vt 0.250000 0.250000
vt 0.457846 0.370000
vt 0.457846 0.130000
vt 0.250000 0.010000
vt 0.042154 0.130000
vt 0.957846 0.370000
vt 0.750000 0.010000
vt 0.542154 0.370000
vt 0.042154 0.370000
vt 1.000000 1.000000
vt 0.800000 0.500000
vt 1.000000 0.500000
vt 0.800000 1.000000
vt 0.600000 0.500000
vt 0.600000 1.000000
vt 0.400000 0.500000
vt 0.021746 0.324164
vt 0.108932 0.055836
vt 0.400000 1.000000
vt 0.200000 0.500000
vt 0.200000 1.000000
vt 0.000000 0.500000
vt 0.978254 0.324164
vt 0.608932 0.055836
vt 0.521746 0.324164
vt 0.750000 0.490000
vt 0.957846 0.130000
vt 0.542154 0.130000
vt 0.391068 0.055836
vt 0.478254 0.324164
vt 0.000000 1.000000
vt 0.891068 0.055836
s 0
usemtl SBX_44
f 684/641/839 690/642/839 685/643/839
f 685/643/840 690/642/840 686/644/840
f 686/644/841 690/642/841 687/645/841
f 687/645/842 690/642/842 688/646/842
f 685/647/843 687/648/843 689/649/843
f 688/646/844 690/642/844 689/650/844
f 689/650/845 690/642/845 684/641/845
f 689/649/843 684/667/843 685/647/843
f 685/647/843 686/668/843 687/648/843
f 687/648/843 688/669/843 689/649/843
usemtl SBX_41
f 692/651/846 693/652/846 691/653/846
f 694/654/847 695/655/847 693/652/847
f 696/656/848 697/657/848 695/655/848
f 692/641/849 700/658/849 698/659/849
f 698/660/850 699/661/850 697/657/850
f 700/662/851 691/663/851 699/661/851
f 693/664/843 697/665/843 699/666/843
f 692/651/846 694/654/846 693/652/846
f 694/654/847 696/656/847 695/655/847
f 696/656/848 698/660/848 697/657/848
f 696/670/849 694/671/849 698/659/849
f 694/671/849 692/641/849 698/659/849
f 698/660/850 700/662/850 699/661/850
f 700/662/851 692/672/851 691/663/851
f 699/666/843 691/667/843 693/664/843
f 693/664/843 695/673/843 697/665/843
o Tree.014
v 1.266565 0.745382 2.702223
v 1.394847 0.745382 2.776287
v 1.394847 0.745382 2.924414
v 1.266565 0.745382 2.998477
v 1.138284 0.745382 2.924414
v 1.138284 0.745382 2.776287
v 1.266565 1.041636 2.850350
v 1.266837 0.436818 2.828553
v 1.266837 0.745382 2.828553
v 1.288921 0.436818 2.844599
v 1.288921 0.745382 2.844599
v 1.280486 0.436818 2.870561
v 1.280486 0.745382 2.870561
v 1.253188 0.436818 2.870561
v 1.253188 0.745382 2.870561
v 1.244752 0.436818 2.844599
v 1.244752 0.745382 2.844599
vn 0.4588 0.3974 -0.7947
vn 0.9177 0.3974 -0.0000
vn 0.4588 0.3974 0.7947
vn -0.4588 0.3974 0.7947
vn -0.0000 -1.0000 -0.0000
vn -0.9177 0.3974 -0.0000
vn -0.4588 0.3974 -0.7947
vn 0.5878 -0.0000 -0.8090
vn 0.9511 -0.0000 0.3090
vn -0.0000 -0.0000 1.0000
vn -0.0000 1.0000 -0.0000
vn -0.9511 -0.0000 0.3090
vn -0.5878 -0.0000 -0.8090
vt 0.250000 0.490000
vt 0.250000 0.250000
vt 0.457846 0.370000
vt 0.457846 0.130000
vt 0.250000 0.010000
vt 0.042154 0.130000
vt 0.957846 0.370000
vt 0.750000 0.010000
vt 0.542154 0.370000
vt 0.042154 0.370000
vt 1.000000 1.000000
vt 0.800000 0.500000
vt 1.000000 0.500000
vt 0.800000 1.000000
vt 0.600000 0.500000
vt 0.600000 1.000000
vt 0.400000 0.500000
vt 0.021746 0.324164
vt 0.108932 0.055836
vt 0.400000 1.000000
vt 0.200000 0.500000
vt 0.200000 1.000000
vt 0.000000 0.500000
vt 0.978254 0.324164
vt 0.608932 0.055836
vt 0.521746 0.324164
vt 0.750000 0.490000
vt 0.957846 0.130000
vt 0.542154 0.130000
vt 0.391068 0.055836
vt 0.478254 0.324164
vt 0.000000 1.000000
vt 0.891068 0.055836
s 0
usemtl SBX_44
f 701/674/852 707/675/852 702/676/852
f 702/676/853 707/675/853 703/677/853
f 703/677/854 707/675/854 704/678/854
f 704/678/855 707/675/855 705/679/855
f 702/680/856 704/681/856 706/682/856
f 705/679/857 707/675/857 706/683/857
f 706/683/858 707/675/858 701/674/858
f 706/682/856 701/700/856 702/680/856
f 702/680/856 703/701/856 704/681/856
f 704/681/856 705/702/856 706/682/856
usemtl SBX_41
f 709/684/859 710/685/859 708/686/859
f 711/687/860 712/688/860 710/685/860
f 713/689/861 714/690/861 712/688/861
f 709/674/862 717/691/862 715/692/862
f 715/693/863 716/694/863 714/690/863
f 717/695/864 708/696/864 716/694/864
f 710/697/856 714/698/856 716/699/856
f 709/684/859 711/687/859 710/685/859
f 711/687/860 713/689/860 712/688/860
f 713/689/861 715/693/861 714/690/861
f 713/703/862 711/704/862 715/692/862
f 711/704/862 709/674/862 715/692/862
f 715/693/863 717/695/863 716/694/863
f 717/695/864 709/705/864 708/696/864
f 716/699/856 708/700/856 710/697/856
f 710/697/856 712/706/856 714/698/856
o Tree.015
v 2.952120 0.723231 3.222025
v 3.080402 0.723231 3.296089
v 3.080402 0.723231 3.444215
v 2.952120 0.723231 3.518279
v 2.823838 0.723231 3.444215
v 2.823838 0.723231 3.296089
v 2.952120 1.019485 3.370152
v 2.952391 0.414667 3.348355
v 2.952391 0.723231 3.348355
v 2.974476 0.414667 3.364400
v 2.974476 0.723231 3.364400
v 2.966041 0.414667 3.390363
v 2.966041 0.723231 3.390363
v 2.938742 0.414667 3.390363
v 2.938742 0.723231 3.390363
v 2.930307 0.414667 3.364400
v 2.930307 0.723231 3.364400
vn 0.4588 0.3974 -0.7947
vn 0.9177 0.3974 -0.0000
vn 0.4588 0.3974 0.7947
vn -0.4588 0.3974 0.7947
vn -0.0000 -1.0000 -0.0000
vn -0.9177 0.3974 -0.0000
vn -0.4588 0.3974 -0.7947
vn 0.5878 -0.0000 -0.8090
vn 0.9511 -0.0000 0.3090
vn -0.0000 -0.0000 1.0000
vn -0.0000 1.0000 -0.0000
vn -0.9511 -0.0000 0.3090
vn -0.5878 -0.0000 -0.8090
vt 0.250000 0.490000
vt 0.250000 0.250000
vt 0.457846 0.370000
vt 0.457846 0.130000
vt 0.250000 0.010000
vt 0.042154 0.130000
vt 0.957846 0.370000
vt 0.750000 0.010000
vt 0.542154 0.370000
vt 0.042154 0.370000
vt 1.000000 1.000000
vt 0.800000 0.500000
vt 1.000000 0.500000
vt 0.800000 1.000000
vt 0.600000 0.500000
vt 0.600000 1.000000
vt 0.400000 0.500000
vt 0.021746 0.324164
vt 0.108932 0.055836
vt 0.400000 1.000000
vt 0.200000 0.500000
vt 0.200000 1.000000
vt 0.000000 0.500000
vt 0.978254 0.324164
vt 0.608932 0.055836
vt 0.521746 0.324164
vt 0.750000 0.490000
vt 0.957846 0.130000
vt 0.542154 0.130000
vt 0.391068 0.055836
vt 0.478254 0.324164
vt 0.000000 1.000000
vt 0.891068 0.055836
s 0
usemtl SBX_44
f 718/707/865 724/708/865 719/709/865
f 719/709/866 724/708/866 720/710/866
f 720/710/867 724/708/867 721/711/867
f 721/711/868 724/708/868 722/712/868
f 719/713/869 721/714/869 723/715/869
f 722/712/870 724/708/870 723/716/870
f 723/716/871 724/708/871 718/707/871
f 723/715/869 718/733/869 719/713/869
f 719/713/869 720/734/869 721/714/869
f 721/714/869 722/735/869 723/715/869
usemtl SBX_41
f 726/717/872 727/718/872 725/719/872
f 728/720/873 729/721/873 727/718/873
f 730/722/874 731/723/874 729/721/874
f 726/707/875 734/724/875 732/725/875
f 732/726/876 733/727/876 731/723/876
f 734/728/877 725/729/877 733/727/877
f 727/730/869 731/731/869 733/732/869
f 726/717/872 728/720/872 727/718/872
f 728/720/873 730/722/873 729/721/873
f 730/722/874 732/726/874 731/723/874
f 730/736/875 728/737/875 732/725/875
f 728/737/875 726/707/875 732/725/875
f 732/726/876 734/728/876 733/727/876
f 734/728/877 726/738/877 725/729/877
f 733/732/869 725/733/869 727/730/869
f 727/730/869 729/739/869 731/731/869
o Tree.016
v 4.231999 0.519308 4.040563
v 4.360281 0.519308 4.114626
v 4.360281 0.519308 4.262753
v 4.231999 0.519308 4.336816
v 4.103718 0.519308 4.262753
v 4.103718 0.519308 4.114626
v 4.231999 0.815562 4.188689
v 4.232271 0.210744 4.166892
v 4.232271 0.519308 4.166892
v 4.254355 0.210744 4.182938
v 4.254355 0.519308 4.182938
v 4.245920 0.210744 4.208899
v 4.245920 0.519308 4.208899
v 4.218622 0.210744 4.208899
v 4.218622 0.519308 4.208899
v 4.210186 0.210744 4.182938
v 4.210186 0.519308 4.182938
vn 0.4588 0.3974 -0.7947
vn 0.9177 0.3974 -0.0000
vn 0.4588 0.3974 0.7947
vn -0.4588 0.3974 0.7947
vn -0.0000 -1.0000 -0.0000
vn -0.9177 0.3974 -0.0000
vn -0.4588 0.3974 -0.7947
vn 0.5878 -0.0000 -0.8090
vn 0.9511 -0.0000 0.3090
vn -0.0000 -0.0000 1.0000
vn -0.0000 1.0000 -0.0000
vn -0.9511 -0.0000 0.3090
vn -0.5878 -0.0000 -0.8090
vt 0.250000 0.490000
vt 0.250000 0.250000
vt 0.457846 0.370000
vt 0.457846 0.130000
vt 0.250000 0.010000
vt 0.042154 0.130000
vt 0.957846 0.370000
vt 0.750000 0.010000
vt 0.542154 0.370000
vt 0.042154 0.370000
vt 1.000000 1.000000
vt 0.800000 0.500000
vt 1.000000 0.500000
vt 0.800000 1.000000
vt 0.600000 0.500000
vt 0.600000 1.000000
vt 0.400000 0.500000
vt 0.021746 0.324164
vt 0.108932 0.055836
vt 0.400000 1.000000
vt 0.200000 0.500000
vt 0.200000 1.000000
vt 0.000000 0.500000
vt 0.978254 0.324164
vt 0.608932 0.055836
vt 0.521746 0.324164
vt 0.750000 0.490000
vt 0.957846 0.130000
vt 0.542154 0.130000
vt 0.391068 0.055836
vt 0.478254 0.324164
vt 0.000000 1.000000
vt 0.891068 0.055836
s 0
usemtl SBX_44
f 735/740/878 741/741/878 736/742/878
f 736/742/879 741/741/879 737/743/879
f 737/743/880 741/741/880 738/744/880
f 738/744/881 741/741/881 739/745/881
f 736/746/882 738/747/882 740/748/882
f 739/745/883 741/741/883 740/749/883
f 740/749/884 741/741/884 735/740/884
f 740/748/882 735/766/882 736/746/882
f 736/746/882 737/767/882 738/747/882
f 738/747/882 739/768/882 740/748/882
usemtl SBX_41
f 743/750/885 744/751/885 742/752/885
f 745/753/886 746/754/886 744/751/886
f 747/755/887 748/756/887 746/754/887
f 743/740/888 751/757/888 749/758/888
f 749/759/889 750/760/889 748/756/889
f 751/761/890 742/762/890 750/760/890
f 744/763/882 748/764/882 750/765/882
f 743/750/885 745/753/885 744/751/885
f 745/753/886 747/755/886 746/754/886
f 747/755/887 749/759/887 748/756/887
f 747/769/888 745/770/888 749/758/888
f 745/770/888 743/740/888 749/758/888
f 749/759/889 751/761/889 750/760/889
f 751/761/890 743/771/890 742/762/890
f 750/765/882 742/766/882 744/763/882
f 744/763/882 746/772/882 748/764/882
o Tree.017
v 5.314907 0.459057 3.857424
v 5.443189 0.459057 3.931487
v 5.443189 0.459057 4.079614
v 5.314907 0.459057 4.153677
v 5.186625 0.459057 4.079614
v 5.186625 0.459057 3.931487
v 5.314907 0.755311 4.005550
v 5.315178 0.150493 3.983753
v 5.315178 0.459057 3.983753
v 5.337263 0.150493 3.999799
v 5.337263 0.459057 3.999799
v 5.328827 0.150493 4.025761
v 5.328827 0.459057 4.025761
v 5.301529 0.150493 4.025761
v 5.301529 0.459057 4.025761
v 5.293094 0.150493 3.999799
v 5.293094 0.459057 3.999799
vn 0.4588 0.3974 -0.7947
vn 0.9177 0.3974 -0.0000
vn 0.4588 0.3974 0.7947
vn -0.4588 0.3974 0.7947
vn -0.0000 -1.0000 -0.0000
vn -0.9177 0.3974 -0.0000
vn -0.4588 0.3974 -0.7947
vn 0.5878 -0.0000 -0.8090
vn 0.9511 -0.0000 0.3090
vn -0.0000 -0.0000 1.0000
vn -0.0000 1.0000 -0.0000
vn -0.9511 -0.0000 0.3090
vn -0.5878 -0.0000 -0.8090
vt 0.250000 0.490000
vt 0.250000 0.250000
vt 0.457846 0.370000
vt 0.457846 0.130000
vt 0.250000 0.010000
vt 0.042154 0.130000
vt 0.957846 0.370000
vt 0.750000 0.010000
vt 0.542154 0.370000
vt 0.042154 0.370000
vt 1.000000 1.000000
vt 0.800000 0.500000
vt 1.000000 0.500000
vt 0.800000 1.000000
vt 0.600000 0.500000
vt 0.600000 1.000000
vt 0.400000 0.500000
vt 0.021746 0.324164
vt 0.108932 0.055836
vt 0.400000 1.000000
vt 0.200000 0.500000
vt 0.200000 1.000000
vt 0.000000 0.500000
vt 0.978254 0.324164
vt 0.608932 0.055836
vt 0.521746 0.324164
vt 0.750000 0.490000
vt 0.957846 0.130000
vt 0.542154 0.130000
vt 0.391068 0.055836
vt 0.478254 0.324164
vt 0.000000 1.000000
vt 0.891068 0.055836
s 0
usemtl SBX_44
f 752/773/891 758/774/891 753/775/891
f 753/775/892 758/774/892 754/776/892
f 754/776/893 758/774/893 755/777/893
f 755/777/894 758/774/894 756/778/894
f 753/779/895 755/780/895 757/781/895
f 756/778/896 758/774/896 757/782/896
f 757/782/897 758/774/897 752/773/897
f 757/781/895 752/799/895 753/779/895
f 753/779/895 754/800/895 755/780/895
f 755/780/895 756/801/895 757/781/895
usemtl SBX_41
f 760/783/898 761/784/898 759/785/898
f 762/786/899 763/787/899 761/784/899
f 764/788/900 765/789/900 763/787/900
f 760/773/901 768/790/901 766/791/901
f 766/792/902 767/793/902 765/789/902
f 768/794/903 759/795/903 767/793/903
f 761/796/895 765/797/895 767/798/895
f 760/783/898 762/786/898 761/784/898
f 762/786/899 764/788/899 763/787/899
f 764/788/900 766/792/900 765/789/900
f 764/802/901 762/803/901 766/791/901
f 762/803/901 760/773/901 766/791/901
f 766/792/902 768/794/902 767/793/902
f 768/794/903 760/804/903 759/795/903
f 767/798/895 759/799/895 761/796/895
f 761/796/895 763/805/895 765/797/895
o Tree.018
v 4.155775 0.470652 0.671720
v 4.284057 0.470652 0.745784
v 4.284057 0.470652 0.893911
v 4.155775 0.470652 0.967974
v 4.027493 0.470652 0.893911
v 4.027493 0.470652 0.745784
v 4.155775 0.766906 0.819847
v 4.156046 0.162088 0.798050
v 4.156046 0.470652 0.798050
v 4.178131 0.162088 0.814095
v 4.178131 0.470652 0.814095
v 4.169695 0.162088 0.840058
v 4.169695 0.470652 0.840058
v 4.142397 0.162088 0.840058
v 4.142397 0.470652 0.840058
v 4.133962 0.162088 0.814095
v 4.133962 0.470652 0.814095
vn 0.4588 0.3974 -0.7947
vn 0.9177 0.3974 -0.0000
vn 0.4588 0.3974 0.7947
vn -0.4588 0.3974 0.7947
vn -0.0000 -1.0000 -0.0000
vn -0.9177 0.3974 -0.0000
vn -0.4588 0.3974 -0.7947
vn 0.5878 -0.0000 -0.8090
vn 0.9511 -0.0000 0.3090
vn -0.0000 -0.0000 1.0000
vn -0.0000 1.0000 -0.0000
vn -0.9511 -0.0000 0.3090
vn -0.5878 -0.0000 -0.8090
vt 0.250000 0.490000
vt 0.250000 0.250000
vt 0.457846 0.370000
vt 0.457846 0.130000
vt 0.250000 0.010000
vt 0.042154 0.130000
vt 0.957846 0.370000
vt 0.750000 0.010000
vt 0.542154 0.370000
vt 0.042154 0.370000
vt 1.000000 1.000000
vt 0.800000 0.500000
vt 1.000000 0.500000
vt 0.800000 1.000000
vt 0.600000 0.500000
vt 0.600000 1.000000
vt 0.400000 0.500000
vt 0.021746 0.324164
vt 0.108932 0.055836
vt 0.400000 1.000000
vt 0.200000 0.500000
vt 0.200000 1.000000
vt 0.000000 0.500000
vt 0.978254 0.324164
vt 0.608932 0.055836
vt 0.521746 0.324164
vt 0.750000 0.490000
vt 0.957846 0.130000
vt 0.542154 0.130000
vt 0.391068 0.055836
vt 0.478254 0.324164
vt 0.000000 1.000000
vt 0.891068 0.055836
s 0
usemtl SBX_44
f 769/806/904 775/807/904 770/808/904
f 770/808/905 775/807/905 771/809/905
f 771/809/906 775/807/906 772/810/906
f 772/810/907 775/807/907 773/811/907
f 770/812/908 772/813/908 774/814/908
f 773/811/909 775/807/909 774/815/909
f 774/815/910 775/807/910 769/806/910
f 774/814/908 769/832/908 770/812/908
f 770/812/908 771/833/908 772/813/908
f 772/813/908 773/834/908 774/814/908
usemtl SBX_41
f 777/816/911 778/817/911 776/818/911
f 779/819/912 780/820/912 778/817/912
f 781/821/913 782/822/913 780/820/913
f 777/806/914 785/823/914 783/824/914
f 783/825/915 784/826/915 782/822/915
f 785/827/916 776/828/916 784/826/916
f 778/829/908 782/830/908 784/831/908
f 777/816/911 779/819/911 778/817/911
f 779/819/912 781/821/912 780/820/912
f 781/821/913 783/825/913 782/822/913
f 781/835/914 779/836/914 783/824/914
f 779/836/914 777/806/914 783/824/914
f 783/825/915 785/827/915 784/826/915
f 785/827/916 777/837/916 776/828/916
f 784/831/908 776/832/908 778/829/908
f 778/829/908 780/838/908 782/830/908
o Tree.019
v 4.441679 0.932680 -3.064492
v 4.569960 0.932680 -2.990429
v 4.569960 0.932680 -2.842302
v 4.441679 0.932680 -2.768239
v 4.313397 0.932680 -2.842302
v 4.313397 0.932680 -2.990429
v 4.441679 1.228934 -2.916366
v 4.441950 0.624116 -2.938163
v 4.441950 0.932680 -2.938163
v 4.464035 0.624116 -2.922117
v 4.464035 0.932680 -2.922117
v 4.455599 0.624116 -2.896155
v 4.455599 0.932680 -2.896155
v 4.428301 0.624116 -2.896155
v 4.428301 0.932680 -2.896155
v 4.419865 0.624116 -2.922117
v 4.419865 0.932680 -2.922117
vn 0.4588 0.3974 -0.7947
vn 0.9177 0.3974 -0.0000
vn 0.4588 0.3974 0.7947
vn -0.4588 0.3974 0.7947
vn -0.0000 -1.0000 -0.0000
vn -0.9177 0.3974 -0.0000
vn -0.4588 0.3974 -0.7947
vn 0.5878 -0.0000 -0.8090
vn 0.9511 -0.0000 0.3090
vn -0.0000 -0.0000 1.0000
vn -0.0000 1.0000 -0.0000
vn -0.9511 -0.0000 0.3090
vn -0.5878 -0.0000 -0.8090
vt 0.250000 0.490000
vt 0.250000 0.250000
vt 0.457846 0.370000
vt 0.457846 0.130000
vt 0.250000 0.010000
vt 0.042154 0.130000
vt 0.957846 0.370000
vt 0.750000 0.010000
vt 0.542154 0.370000
vt 0.042154 0.370000
vt 1.000000 1.000000
vt 0.800000 0.500000
vt 1.000000 0.500000
vt 0.800000 1.000000
vt 0.600000 0.500000
vt 0.600000 1.000000
vt 0.400000 0.500000
vt 0.021746 0.324164
vt 0.108932 0.055836
vt 0.400000 1.000000
vt 0.200000 0.500000
vt 0.200000 1.000000
vt 0.000000 0.500000
vt 0.978254 0.324164
vt 0.608932 0.055836
vt 0.521746 0.324164
vt 0.750000 0.490000
vt 0.957846 0.130000
vt 0.542154 0.130000
vt 0.391068 0.055836
vt 0.478254 0.324164
vt 0.000000 1.000000
vt 0.891068 0.055836
s 0
usemtl SBX_44
f 786/839/917 792/840/917 787/841/917
f 787/841/918 792/840/918 788/842/918
f 788/842/919 792/840/919 789/843/919
f 789/843/920 792/840/920 790/844/920
f 787/845/921 789/846/921 791/847/921
f 790/844/922 792/840/922 791/848/922
f 791/848/923 792/840/923 786/839/923
f 791/847/921 786/865/921 787/845/921
f 787/845/921 788/866/921 789/846/921
f 789/846/921 790/867/921 791/847/921
usemtl SBX_41
f 794/849/924 795/850/924 793/851/924
f 796/852/925 797/853/925 795/850/925
f 798/854/926 799/855/926 797/853/926
f 794/839/927 802/856/927 800/857/927
f 800/858/928 801/859/928 799/855/928
f 802/860/929 793/861/929 801/859/929
f 795/862/921 799/863/921 801/864/921
f 794/849/924 796/852/924 795/850/924
f 796/852/925 798/854/925 797/853/925
f 798/854/926 800/858/926 799/855/926
f 798/868/927 796/869/927 800/857/927
f 796/869/927 794/839/927 800/857/927
f 800/858/928 802/860/928 801/859/928
f 802/860/929 794/870/929 793/861/929
f 801/864/921 793/865/921 795/862/921
f 795/862/921 797/871/921 799/863/921
o Tree.020
v 4.565020 0.937847 -3.671894
v 4.693301 0.937847 -3.597830
v 4.693301 0.937847 -3.449704
v 4.565020 0.937847 -3.375640
v 4.436738 0.937847 -3.449704
v 4.436738 0.937847 -3.597830
v 4.565020 1.234100 -3.523767
v 4.565291 0.629283 -3.545564
v 4.565291 0.937847 -3.545564
v 4.587376 0.629283 -3.529519
v 4.587376 0.937847 -3.529519
v 4.578940 0.629283 -3.503556
v 4.578940 0.937847 -3.503556
v 4.551642 0.629283 -3.503556
v 4.551642 0.937847 -3.503556
v 4.543206 0.629283 -3.529519
v 4.543206 0.937847 -3.529519
vn 0.4588 0.3974 -0.7947
vn 0.9177 0.3974 -0.0000
vn 0.4588 0.3974 0.7947
vn -0.4588 0.3974 0.7947
vn -0.0000 -1.0000 -0.0000
vn -0.9177 0.3974 -0.0000
vn -0.4588 0.3974 -0.7947
vn 0.5878 -0.0000 -0.8090
vn 0.9511 -0.0000 0.3090
vn -0.0000 -0.0000 1.0000
vn -0.0000 1.0000 -0.0000
vn -0.9511 -0.0000 0.3090
vn -0.5878 -0.0000 -0.8090
vt 0.250000 0.490000
vt 0.250000 0.250000
vt 0.457846 0.370000
vt 0.457846 0.130000
vt 0.250000 0.010000
vt 0.042154 0.130000
vt 0.957846 0.370000
vt 0.750000 0.010000
vt 0.542154 0.370000
vt 0.042154 0.370000
vt 1.000000 1.000000
vt 0.800000 0.500000
vt 1.000000 0.500000
vt 0.800000 1.000000
vt 0.600000 0.500000
vt 0.600000 1.000000
vt 0.400000 0.500000
vt 0.021746 0.324164
vt 0.108932 0.055836
vt 0.400000 1.000000
vt 0.200000 0.500000
vt 0.200000 1.000000
vt 0.000000 0.500000
vt 0.978254 0.324164
vt 0.608932 0.055836
vt 0.521746 0.324164
vt 0.750000 0.490000
vt 0.957846 0.130000
vt 0.542154 0.130000
vt 0.391068 0.055836
vt 0.478254 0.324164
vt 0.000000 1.000000
vt 0.891068 0.055836
s 0
usemtl SBX_44
f 803/872/930 809/873/930 804/874/930
f 804/874/931 809/873/931 805/875/931
f 805/875/932 809/873/932 806/876/932
f 806/876/933 809/873/933 807/877/933
f 804/878/934 806/879/934 808/880/934
f 807/877/935 809/873/935 808/881/935
f 808/881/936 809/873/936 803/872/936
f 808/880/934 803/898/934 804/878/934
f 804/878/934 805/899/934 806/879/934
f 806/879/934 807/900/934 808/880/934
usemtl SBX_41
f 811/882/937 812/883/937 810/884/937
f 813/885/938 814/886/938 812/883/938
f 815/887/939 816/888/939 814/886/939
f 811/872/940 819/889/940 817/890/940
f 817/891/941 818/892/941 816/888/941
f 819/893/942 810/894/942 818/892/942
f 812/895/934 816/896/934 818/897/934
f 811/882/937 813/885/937 812/883/937
f 813/885/938 815/887/938 814/886/938
f 815/887/939 817/891/939 816/888/939
f 815/901/940 813/902/940 817/890/940
f 813/902/940 811/872/940 817/890/940
f 817/891/941 819/893/941 818/892/941
f 819/893/942 811/903/942 810/894/942
f 818/897/934 810/898/934 812/895/934
f 812/895/934 814/904/934 816/896/934
