#include <stdint.h>

// Image Params //
// non compressed 





#include <stdint.h>

// Image Params //
// non compressed 

uint8_t txt_lava[] = {
    0x24, 0x24, 0x24, 0x0E, 0x0B, 0x0B, 0x0E, 0x0E, 0x24, 0x24, 0x28, 0x24, 0x24, 0x24, 0x24, 0x24, 
    0x24, 0x28, 0x0B, 0x0B, 0x0B, 0x0E, 0x0E, 0x0E, 0x2E, 0x24, 0x24, 0x28, 0x28, 0x28, 0x28, 0x24, 
    0x24, 0x24, 0x24, 0x0E, 0x0B, 0x0B, 0x0E, 0x0E, 0x24, 0x24, 0x28, 0x24, 0x24, 0x24, 0x24, 0x24, 
    0x24, 0x28, 0x0B, 0x0B, 0x0B, 0x0E, 0x0E, 0x0E, 0x2E, 0x24, 0x24, 0x28, 0x28, 0x28, 0x28, 0x24, 
    0x24, 0x28, 0x28, 0x3C, 0x0B, 0x0B, 0x3C, 0x0F, 0x43, 0x43, 0x43, 0x28, 0x28, 0x28, 0x28, 0x28, 
    0x28, 0x0F, 0x2E, 0x0B, 0x3C, 0x3C, 0x2E, 0x2E, 0x3C, 0x28, 0x43, 0x43, 0x28, 0x43, 0x43, 0x43, 
    0x28, 0x28, 0x43, 0x3C, 0x0B, 0x0B, 0x3C, 0x0F, 0x43, 0x43, 0x43, 0x28, 0x28, 0x28, 0x28, 0x28, 
    0x28, 0x0F, 0x2E, 0x0B, 0x3C, 0x3C, 0x2E, 0x2E, 0x3C, 0x28, 0x43, 0x43, 0x28, 0x43, 0x43, 0x28, 
    0x28, 0x3C, 0x3C, 0x2E, 0x0B, 0x0B, 0x0B, 0x3C, 0x28, 0x28, 0x43, 0x43, 0x28, 0x28, 0x3C, 0x3C, 
    0x3C, 0x2E, 0x0B, 0x0B, 0x2E, 0x2E, 0x2E, 0x2E, 0x2E, 0x2E, 0x3C, 0x3C, 0x43, 0x28, 0x28, 0x43, 
    0x43, 0x3C, 0x3C, 0x2E, 0x0B, 0x0B, 0x0B, 0x3C, 0x28, 0x43, 0x43, 0x43, 0x28, 0x28, 0x3C, 0x3C, 
    0x3C, 0x2E, 0x0B, 0x0B, 0x2E, 0x2E, 0x2E, 0x2E, 0x2E, 0x2E, 0x3C, 0x3C, 0x43, 0x28, 0x28, 0x28, 
    0x0E, 0x3C, 0x2E, 0x2E, 0x0B, 0x0B, 0x0B, 0x0B, 0x2E, 0x28, 0x28, 0x28, 0x28, 0x2E, 0x2E, 0x2E, 
    0x2E, 0x0B, 0x0B, 0x0B, 0x2E, 0x42, 0x0F, 0x3C, 0x0B, 0x0B, 0x2E, 0x2E, 0x2E, 0x2E, 0x3C, 0x0F, 
    0x3C, 0x0F, 0x2E, 0x2E, 0x0B, 0x0B, 0x0B, 0x0B, 0x2E, 0x28, 0x28, 0x28, 0x28, 0x2E, 0x2E, 0x2E, 
    0x2E, 0x0B, 0x0B, 0x0B, 0x2E, 0x42, 0x0F, 0x3C, 0x0B, 0x0B, 0x2E, 0x2E, 0x2E, 0x2E, 0x3C, 0x3C, 
    0x0E, 0x0F, 0x3C, 0x0B, 0x2E, 0x2E, 0x28, 0x28, 0x2E, 0x3C, 0x2E, 0x2E, 0x3C, 0x2E, 0x3C, 0x3C, 
    0x2E, 0x2E, 0x3C, 0x43, 0x43, 0x43, 0x43, 0x3C, 0x0B, 0x0B, 0x2E, 0x2E, 0x2E, 0x2E, 0x2E, 0x0F, 
    0x0F, 0x0F, 0x3C, 0x0B, 0x2E, 0x2E, 0x28, 0x28, 0x2E, 0x3C, 0x2E, 0x2E, 0x3C, 0x2E, 0x3C, 0x3C, 
    0x2E, 0x2E, 0x3C, 0x43, 0x43, 0x43, 0x43, 0x3C, 0x0B, 0x0B, 0x2E, 0x2E, 0x2E, 0x2E, 0x2E, 0x0F, 
    0x0E, 0x0F, 0x0F, 0x0B, 0x0B, 0x0E, 0x42, 0x43, 0x43, 0x43, 0x28, 0x28, 0x43, 0x3C, 0x0F, 0x0F, 
    0x2E, 0x3C, 0x0F, 0x43, 0x42, 0x43, 0x28, 0x3C, 0x0B, 0x0B, 0x3C, 0x0F, 0x0F, 0x43, 0x43, 0x0F, 
    0x0F, 0x0F, 0x0F, 0x0B, 0x0B, 0x0E, 0x42, 0x43, 0x43, 0x43, 0x28, 0x28, 0x28, 0x3C, 0x0F, 0x0F, 
    0x2E, 0x3C, 0x0F, 0x43, 0x42, 0x43, 0x28, 0x3C, 0x0B, 0x0B, 0x3C, 0x0F, 0x0F, 0x42, 0x42, 0x3C, 
    0x28, 0x42, 0x0F, 0x2E, 0x0E, 0x0B, 0x3C, 0x28, 0x43, 0x43, 0x28, 0x28, 0x28, 0x28, 0x28, 0x2E, 
    0x3C, 0x0F, 0x42, 0x43, 0x43, 0x43, 0x28, 0x3C, 0x0F, 0x2E, 0x3C, 0x0F, 0x0F, 0x42, 0x42, 0x42, 
    0x42, 0x42, 0x0F, 0x2E, 0x0E, 0x0B, 0x3C, 0x28, 0x43, 0x43, 0x28, 0x28, 0x28, 0x28, 0x28, 0x2E, 
    0x3C, 0x0F, 0x42, 0x43, 0x43, 0x43, 0x28, 0x3C, 0x0F, 0x2E, 0x3C, 0x0F, 0x0F, 0x42, 0x43, 0x43, 
    0x28, 0x42, 0x0F, 0x2E, 0x43, 0x3C, 0x0B, 0x3C, 0x43, 0x43, 0x28, 0x28, 0x28, 0x28, 0x28, 0x2E, 
    0x28, 0x28, 0x43, 0x43, 0x42, 0x43, 0x28, 0x43, 0x3C, 0x2E, 0x2E, 0x42, 0x42, 0x43, 0x43, 0x42, 
    0x43, 0x42, 0x0F, 0x2E, 0x43, 0x3C, 0x0B, 0x3C, 0x43, 0x43, 0x43, 0x28, 0x28, 0x28, 0x28, 0x2E, 
    0x28, 0x28, 0x43, 0x43, 0x42, 0x43, 0x28, 0x43, 0x3C, 0x2E, 0x2E, 0x42, 0x42, 0x43, 0x43, 0x43, 
    0x28, 0x42, 0x3C, 0x43, 0x28, 0x43, 0x0B, 0x3C, 0x43, 0x28, 0x42, 0x43, 0x28, 0x28, 0x28, 0x2E, 
    0x28, 0x28, 0x43, 0x43, 0x43, 0x42, 0x43, 0x28, 0x28, 0x0B, 0x0B, 0x28, 0x43, 0x43, 0x42, 0x43, 
    0x43, 0x42, 0x0F, 0x43, 0x28, 0x43, 0x0B, 0x3C, 0x43, 0x28, 0x42, 0x43, 0x28, 0x28, 0x28, 0x2E, 
    0x28, 0x28, 0x43, 0x43, 0x43, 0x42, 0x43, 0x28, 0x28, 0x0B, 0x0B, 0x28, 0x43, 0x42, 0x43, 0x28, 
    0x28, 0x42, 0x0F, 0x43, 0x28, 0x28, 0x2E, 0x0B, 0x3C, 0x28, 0x43, 0x43, 0x28, 0x28, 0x28, 0x28, 
    0x28, 0x28, 0x43, 0x43, 0x42, 0x43, 0x43, 0x43, 0x0E, 0x0B, 0x0B, 0x28, 0x43, 0x43, 0x28, 0x42, 
    0x43, 0x42, 0x0F, 0x43, 0x28, 0x43, 0x2E, 0x0B, 0x3C, 0x28, 0x43, 0x43, 0x28, 0x28, 0x28, 0x28, 
    0x28, 0x28, 0x43, 0x43, 0x42, 0x43, 0x43, 0x43, 0x0E, 0x0B, 0x0B, 0x28, 0x43, 0x43, 0x28, 0x43, 
    0x28, 0x0F, 0x0F, 0x28, 0x28, 0x28, 0x3C, 0x0B, 0x0B, 0x3C, 0x43, 0x43, 0x3C, 0x0B, 0x3C, 0x43, 
    0x28, 0x28, 0x28, 0x43, 0x43, 0x42, 0x43, 0x28, 0x0B, 0x0B, 0x0B, 0x43, 0x28, 0x28, 0x28, 0x28, 
    0x42, 0x0F, 0x0F, 0x28, 0x28, 0x28, 0x3C, 0x0B, 0x0B, 0x3C, 0x43, 0x43, 0x3C, 0x0B, 0x3C, 0x43, 
    0x28, 0x28, 0x28, 0x43, 0x43, 0x42, 0x43, 0x28, 0x0B, 0x0B, 0x0B, 0x43, 0x28, 0x28, 0x28, 0x28, 
    0x28, 0x0F, 0x43, 0x28, 0x28, 0x28, 0x43, 0x43, 0x0E, 0x0B, 0x3C, 0x3C, 0x3C, 0x0B, 0x0B, 0x28, 
    0x28, 0x28, 0x28, 0x28, 0x43, 0x28, 0x43, 0x28, 0x0B, 0x3C, 0x0F, 0x28, 0x28, 0x28, 0x28, 0x28, 
    0x42, 0x0F, 0x43, 0x28, 0x28, 0x28, 0x43, 0x43, 0x0E, 0x0B, 0x3C, 0x3C, 0x3C, 0x0B, 0x0B, 0x28, 
    0x28, 0x28, 0x28, 0x28, 0x43, 0x28, 0x43, 0x28, 0x0B, 0x3C, 0x0F, 0x28, 0x28, 0x28, 0x28, 0x28, 
    0x0E, 0x0F, 0x43, 0x28, 0x28, 0x28, 0x28, 0x43, 0x42, 0x3C, 0x2E, 0x0B, 0x0B, 0x0B, 0x0B, 0x43, 
    0x28, 0x43, 0x28, 0x28, 0x28, 0x28, 0x28, 0x3C, 0x3C, 0x42, 0x42, 0x28, 0x28, 0x28, 0x28, 0x43, 
    0x0F, 0x0F, 0x43, 0x28, 0x28, 0x28, 0x28, 0x43, 0x42, 0x3C, 0x2E, 0x0B, 0x0B, 0x0B, 0x0B, 0x43, 
    0x28, 0x43, 0x28, 0x28, 0x28, 0x28, 0x28, 0x3C, 0x3C, 0x42, 0x42, 0x28, 0x28, 0x28, 0x28, 0x28, 
    0x0E, 0x0F, 0x0F, 0x28, 0x28, 0x28, 0x28, 0x28, 0x43, 0x43, 0x3C, 0x0B, 0x0B, 0x3C, 0x0F, 0x43, 
    0x43, 0x43, 0x43, 0x28, 0x28, 0x28, 0x28, 0x3C, 0x2E, 0x42, 0x42, 0x43, 0x28, 0x28, 0x43, 0x0F, 
    0x0F, 0x0F, 0x0F, 0x28, 0x28, 0x28, 0x28, 0x28, 0x43, 0x43, 0x3C, 0x0B, 0x0B, 0x3C, 0x0F, 0x43, 
    0x43, 0x43, 0x43, 0x28, 0x28, 0x28, 0x28, 0x3C, 0x2E, 0x42, 0x42, 0x43, 0x28, 0x28, 0x28, 0x3C, 
    0x0E, 0x2E, 0x0F, 0x28, 0x28, 0x28, 0x28, 0x28, 0x28, 0x43, 0x43, 0x2E, 0x3C, 0x0F, 0x42, 0x43, 
    0x43, 0x42, 0x43, 0x28, 0x28, 0x28, 0x28, 0x3C, 0x0B, 0x3C, 0x0F, 0x42, 0x42, 0x43, 0x3C, 0x0F, 
    0x0F, 0x2E, 0x0F, 0x28, 0x28, 0x28, 0x28, 0x28, 0x28, 0x43, 0x43, 0x2E, 0x3C, 0x0F, 0x42, 0x43, 
    0x43, 0x42, 0x43, 0x28, 0x28, 0x28, 0x28, 0x3C, 0x0B, 0x3C, 0x0F, 0x42, 0x43, 0x42, 0x0F, 0x0F, 
    0x0B, 0x2E, 0x3C, 0x43, 0x28, 0x28, 0x28, 0x28, 0x28, 0x28, 0x28, 0x3C, 0x2E, 0x3C, 0x0F, 0x43, 
    0x43, 0x43, 0x42, 0x28, 0x28, 0x28, 0x43, 0x0F, 0x0B, 0x0B, 0x2E, 0x0F, 0x42, 0x0F, 0x2E, 0x0F, 
    0x2E, 0x2E, 0x3C, 0x43, 0x28, 0x28, 0x28, 0x28, 0x28, 0x28, 0x28, 0x3C, 0x2E, 0x3C, 0x0F, 0x43, 
    0x43, 0x43, 0x42, 0x28, 0x28, 0x28, 0x43, 0x0F, 0x0B, 0x0B, 0x2E, 0x0F, 0x42, 0x3C, 0x2E, 0x3C, 
    0x0B, 0x0B, 0x3C, 0x43, 0x28, 0x28, 0x28, 0x28, 0x28, 0x28, 0x28, 0x3C, 0x0B, 0x0B, 0x0F, 0x0F, 
    0x28, 0x43, 0x43, 0x43, 0x43, 0x3C, 0x0F, 0x2E, 0x0B, 0x2E, 0x3C, 0x0F, 0x0F, 0x0F, 0x0B, 0x0B, 
    0x0B, 0x0B, 0x3C, 0x43, 0x28, 0x28, 0x28, 0x28, 0x28, 0x28, 0x28, 0x3C, 0x0B, 0x0B, 0x0F, 0x0F, 
    0x28, 0x43, 0x43, 0x43, 0x43, 0x3C, 0x0F, 0x2E, 0x0B, 0x2E, 0x3C, 0x0F, 0x0F, 0x0F, 0x0B, 0x0B, 
    0x0B, 0x0B, 0x3C, 0x43, 0x28, 0x28, 0x28, 0x28, 0x28, 0x28, 0x28, 0x28, 0x0F, 0x3C, 0x2E, 0x0F, 
    0x2E, 0x28, 0x43, 0x43, 0x43, 0x0F, 0x0F, 0x0F, 0x0B, 0x3C, 0x0F, 0x42, 0x0F, 0x0F, 0x2E, 0x0B, 
    0x0B, 0x0B, 0x3C, 0x43, 0x28, 0x28, 0x28, 0x28, 0x28, 0x28, 0x28, 0x43, 0x0F, 0x3C, 0x2E, 0x3C, 
    0x2E, 0x28, 0x42, 0x43, 0x43, 0x0F, 0x0F, 0x0F, 0x0B, 0x3C, 0x0F, 0x42, 0x0F, 0x0F, 0x2E, 0x0B, 
    0x0B, 0x0B, 0x3C, 0x43, 0x43, 0x43, 0x28, 0x28, 0x28, 0x28, 0x28, 0x28, 0x43, 0x0F, 0x0B, 0x0B, 
    0x0B, 0x0E, 0x43, 0x43, 0x0F, 0x0F, 0x43, 0x43, 0x0B, 0x3C, 0x42, 0x42, 0x42, 0x0F, 0x0F, 0x2E, 
    0x0B, 0x0B, 0x3C, 0x43, 0x43, 0x43, 0x28, 0x28, 0x28, 0x28, 0x28, 0x28, 0x28, 0x0F, 0x0B, 0x0B, 
    0x0B, 0x3C, 0x28, 0x43, 0x0F, 0x0F, 0x43, 0x43, 0x0B, 0x3C, 0x42, 0x42, 0x42, 0x0F, 0x0F, 0x2E, 
    0x0B, 0x2E, 0x3C, 0x43, 0x43, 0x43, 0x43, 0x43, 0x28, 0x28, 0x28, 0x28, 0x28, 0x3C, 0x2E, 0x0B, 
    0x0B, 0x3C, 0x0F, 0x0F, 0x0F, 0x43, 0x28, 0x28, 0x0B, 0x28, 0x42, 0x43, 0x42, 0x42, 0x0F, 0x0F, 
    0x2E, 0x2E, 0x3C, 0x43, 0x43, 0x43, 0x43, 0x28, 0x28, 0x28, 0x28, 0x28, 0x28, 0x0F, 0x2E, 0x0B, 
    0x0B, 0x3C, 0x0F, 0x0F, 0x0F, 0x42, 0x28, 0x28, 0x0B, 0x28, 0x42, 0x43, 0x42, 0x42, 0x0F, 0x0F, 
    0x0E, 0x2E, 0x3C, 0x43, 0x43, 0x43, 0x42, 0x43, 0x43, 0x28, 0x28, 0x28, 0x28, 0x28, 0x0F, 0x0B, 
    0x0B, 0x2E, 0x0F, 0x0F, 0x43, 0x43, 0x43, 0x0E, 0x0B, 0x28, 0x43, 0x43, 0x43, 0x42, 0x42, 0x0F, 
    0x0F, 0x2E, 0x0F, 0x43, 0x43, 0x43, 0x42, 0x43, 0x43, 0x28, 0x28, 0x28, 0x28, 0x28, 0x0F, 0x0B, 
    0x0B, 0x2E, 0x0F, 0x0F, 0x43, 0x43, 0x28, 0x0E, 0x0B, 0x28, 0x43, 0x43, 0x42, 0x42, 0x42, 0x0F, 
    0x0E, 0x0F, 0x0F, 0x0F, 0x28, 0x43, 0x43, 0x43, 0x43, 0x43, 0x28, 0x28, 0x28, 0x28, 0x3C, 0x0B, 
    0x2E, 0x2E, 0x0F, 0x43, 0x28, 0x28, 0x28, 0x3C, 0x2E, 0x3C, 0x42, 0x43, 0x42, 0x43, 0x43, 0x43, 
    0x0F, 0x0F, 0x0F, 0x0F, 0x28, 0x43, 0x43, 0x43, 0x43, 0x43, 0x28, 0x28, 0x28, 0x28, 0x3C, 0x0B, 
    0x2E, 0x2E, 0x0F, 0x43, 0x28, 0x43, 0x28, 0x0F, 0x2E, 0x3C, 0x42, 0x43, 0x43, 0x43, 0x43, 0x28, 
    0x28, 0x2E, 0x2E, 0x0F, 0x43, 0x43, 0x43, 0x43, 0x43, 0x43, 0x43, 0x28, 0x28, 0x28, 0x0B, 0x0B, 
    0x2E, 0x0F, 0x0F, 0x2E, 0x2E, 0x2E, 0x2E, 0x2E, 0x2E, 0x43, 0x43, 0x43, 0x43, 0x43, 0x43, 0x43, 
    0x28, 0x2E, 0x2E, 0x0F, 0x43, 0x43, 0x43, 0x43, 0x43, 0x43, 0x43, 0x28, 0x28, 0x28, 0x0B, 0x0B, 
    0x2E, 0x0F, 0x0F, 0x2E, 0x2E, 0x2E, 0x2E, 0x2E, 0x2E, 0x43, 0x43, 0x43, 0x43, 0x42, 0x43, 0x28, 
    0x24, 0x2E, 0x0B, 0x0F, 0x0F, 0x28, 0x28, 0x28, 0x43, 0x43, 0x43, 0x28, 0x2E, 0x0B, 0x0B, 0x2E, 
    0x0F, 0x42, 0x42, 0x28, 0x2E, 0x3C, 0x0F, 0x3C, 0x43, 0x28, 0x28, 0x28, 0x43, 0x42, 0x43, 0x43, 
    0x28, 0x2E, 0x0B, 0x0F, 0x0F, 0x28, 0x28, 0x28, 0x43, 0x43, 0x43, 0x28, 0x2E, 0x0B, 0x0B, 0x2E, 
    0x0F, 0x42, 0x42, 0x28, 0x2E, 0x3C, 0x0F, 0x3C, 0x43, 0x28, 0x28, 0x28, 0x43, 0x43, 0x43, 0x28, 
    0x24, 0x0B, 0x0B, 0x2E, 0x3C, 0x2E, 0x0B, 0x0E, 0x3C, 0x28, 0x28, 0x3C, 0x0B, 0x0B, 0x3C, 0x0F, 
    0x43, 0x43, 0x42, 0x43, 0x43, 0x2E, 0x0F, 0x0F, 0x28, 0x28, 0x28, 0x28, 0x28, 0x43, 0x43, 0x28, 
    0x28, 0x0B, 0x0B, 0x2E, 0x3C, 0x2E, 0x0B, 0x3C, 0x3C, 0x28, 0x28, 0x3C, 0x0B, 0x0B, 0x3C, 0x0F, 
    0x43, 0x43, 0x42, 0x43, 0x28, 0x2E, 0x0F, 0x0F, 0x28, 0x28, 0x28, 0x28, 0x28, 0x43, 0x42, 0x28, 
    0x24, 0x0E, 0x0B, 0x0B, 0x2E, 0x2E, 0x0B, 0x2E, 0x2E, 0x2E, 0x2E, 0x2E, 0x0F, 0x3C, 0x3C, 0x28, 
    0x28, 0x43, 0x43, 0x43, 0x28, 0x28, 0x2E, 0x2E, 0x43, 0x28, 0x43, 0x28, 0x28, 0x28, 0x43, 0x43, 
    0x28, 0x0E, 0x0B, 0x0B, 0x2E, 0x2E, 0x0B, 0x2E, 0x2E, 0x2E, 0x2E, 0x2E, 0x0F, 0x3C, 0x0F, 0x28, 
    0x28, 0x28, 0x43, 0x42, 0x43, 0x28, 0x2E, 0x2E, 0x43, 0x28, 0x43, 0x28, 0x28, 0x28, 0x43, 0x28, 
    0x24, 0x3C, 0x3C, 0x0B, 0x0B, 0x0B, 0x0B, 0x2E, 0x0F, 0x3C, 0x3C, 0x43, 0x42, 0x42, 0x43, 0x28, 
    0x28, 0x28, 0x28, 0x43, 0x43, 0x3C, 0x3C, 0x2E, 0x3C, 0x28, 0x28, 0x28, 0x28, 0x28, 0x28, 0x28, 
    0x28, 0x3C, 0x3C, 0x0B, 0x0B, 0x0B, 0x0B, 0x2E, 0x0F, 0x3C, 0x3C, 0x43, 0x42, 0x42, 0x43, 0x28, 
    0x28, 0x28, 0x28, 0x43, 0x43, 0x3C, 0x3C, 0x2E, 0x3C, 0x28, 0x28, 0x43, 0x28, 0x28, 0x28, 0x28, 
    0x24, 0x3C, 0x0F, 0x3C, 0x0B, 0x0B, 0x43, 0x42, 0x42, 0x43, 0x43, 0x43, 0x43, 0x43, 0x43, 0x28, 
    0x28, 0x28, 0x28, 0x28, 0x0F, 0x0F, 0x2E, 0x2E, 0x43, 0x28, 0x28, 0x28, 0x43, 0x28, 0x28, 0x28, 
    0x28, 0x3C, 0x0F, 0x3C, 0x0B, 0x0B, 0x43, 0x42, 0x42, 0x43, 0x43, 0x43, 0x43, 0x43, 0x43, 0x28, 
    0x28, 0x28, 0x28, 0x28, 0x0F, 0x0F, 0x2E, 0x2E, 0x43, 0x28, 0x28, 0x28, 0x28, 0x28, 0x28, 0x28, 
    0x24, 0x28, 0x0B, 0x0B, 0x0F, 0x0F, 0x43, 0x43, 0x43, 0x28, 0x28, 0x28, 0x43, 0x42, 0x43, 0x42, 
    0x28, 0x28, 0x28, 0x28, 0x2E, 0x0F, 0x2E, 0x3C, 0x3C, 0x28, 0x28, 0x28, 0x28, 0x28, 0x28, 0x28, 
    0x28, 0x28, 0x2E, 0x0B, 0x3C, 0x0F, 0x43, 0x43, 0x43, 0x28, 0x28, 0x28, 0x43, 0x42, 0x43, 0x43, 
    0x43, 0x28, 0x28, 0x28, 0x2E, 0x0F, 0x2E, 0x3C, 0x3C, 0x28, 0x28, 0x28, 0x28, 0x43, 0x28, 0x28, 
    0x24, 0x28, 0x0B, 0x0B, 0x28, 0x43, 0x43, 0x43, 0x28, 0x28, 0x28, 0x28, 0x28, 0x43, 0x43, 0x42, 
    0x43, 0x42, 0x43, 0x28, 0x2E, 0x2E, 0x0B, 0x2E, 0x0F, 0x43, 0x28, 0x28, 0x28, 0x28, 0x43, 0x28, 
    0x28, 0x28, 0x0B, 0x0B, 0x28, 0x43, 0x43, 0x43, 0x28, 0x28, 0x28, 0x28, 0x28, 0x43, 0x43, 0x42, 
    0x43, 0x43, 0x43, 0x28, 0x2E, 0x2E, 0x0B, 0x2E, 0x0F, 0x43, 0x28, 0x28, 0x28, 0x28, 0x43, 0x28, 
    0x28, 0x28, 0x0E, 0x0B, 0x0E, 0x43, 0x43, 0x43, 0x43, 0x28, 0x28, 0x28, 0x28, 0x28, 0x42, 0x43, 
    0x43, 0x43, 0x43, 0x2E, 0x0E, 0x2E, 0x0B, 0x2E, 0x3C, 0x43, 0x28, 0x43, 0x28, 0x28, 0x28, 0x28, 
    0x28, 0x28, 0x0E, 0x0B, 0x0E, 0x43, 0x43, 0x43, 0x43, 0x28, 0x28, 0x28, 0x28, 0x28, 0x42, 0x43, 
    0x42, 0x43, 0x43, 0x2E, 0x0E, 0x2E, 0x0B, 0x2E, 0x3C, 0x43, 0x28, 0x43, 0x28, 0x28, 0x28, 0x28, 
    0x24, 0x43, 0x43, 0x0B, 0x2E, 0x3C, 0x28, 0x28, 0x43, 0x28, 0x28, 0x28, 0x28, 0x28, 0x28, 0x43, 
    0x43, 0x28, 0x0E, 0x2E, 0x2E, 0x2E, 0x3C, 0x2E, 0x0F, 0x0F, 0x28, 0x43, 0x42, 0x28, 0x28, 0x28, 
    0x28, 0x28, 0x43, 0x0B, 0x2E, 0x3C, 0x28, 0x43, 0x28, 0x28, 0x28, 0x28, 0x28, 0x28, 0x28, 0x43, 
    0x43, 0x28, 0x0E, 0x2E, 0x2E, 0x2E, 0x3C, 0x2E, 0x0F, 0x0F, 0x28, 0x43, 0x43, 0x28, 0x28, 0x28, 
    0x24, 0x28, 0x28, 0x0E, 0x0B, 0x2E, 0x3C, 0x3C, 0x28, 0x43, 0x28, 0x28, 0x28, 0x28, 0x28, 0x28, 
    0x28, 0x43, 0x2E, 0x0B, 0x2E, 0x3C, 0x0F, 0x0F, 0x2E, 0x43, 0x28, 0x43, 0x43, 0x43, 0x43, 0x28, 
    0x28, 0x28, 0x28, 0x0E, 0x0B, 0x2E, 0x3C, 0x3C, 0x28, 0x28, 0x28, 0x28, 0x28, 0x28, 0x28, 0x28, 
    0x28, 0x43, 0x2E, 0x0B, 0x2E, 0x3C, 0x0F, 0x0F, 0x2E, 0x43, 0x28, 0x43, 0x42, 0x43, 0x28, 0x28, 
    0x28, 0x28, 0x28, 0x3C, 0x0B, 0x0B, 0x3C, 0x0F, 0x28, 0x43, 0x43, 0x28, 0x28, 0x28, 0x28, 0x28, 
    0x43, 0x3C, 0x2E, 0x0B, 0x3C, 0x3C, 0x2E, 0x2E, 0x3C, 0x28, 0x43, 0x28, 0x43, 0x43, 0x43, 0x28, 
    0x28, 0x28, 0x43, 0x3C, 0x0B, 0x0B, 0x3C, 0x0F, 0x43, 0x43, 0x43, 0x28, 0x28, 0x28, 0x28, 0x28, 
    0x43, 0x3C, 0x2E, 0x0B, 0x3C, 0x3C, 0x2E, 0x2E, 0x3C, 0x28, 0x43, 0x28, 0x43, 0x43, 0x43, 0x28, 
    0x24, 0x3C, 0x0F, 0x2E, 0x0B, 0x0B, 0x0B, 0x3C, 0x28, 0x43, 0x43, 0x43, 0x28, 0x28, 0x3C, 0x3C, 
    0x3C, 0x2E, 0x0B, 0x0B, 0x2E, 0x2E, 0x2E, 0x2E, 0x2E, 0x2E, 0x3C, 0x3C, 0x28, 0x28, 0x43, 0x28, 
    0x43, 0x3C, 0x3C, 0x2E, 0x0B, 0x0B, 0x0B, 0x3C, 0x28, 0x43, 0x43, 0x43, 0x28, 0x28, 0x0E, 0x3C, 
    0x3C, 0x2E, 0x0B, 0x0B, 0x2E, 0x2E, 0x2E, 0x2E, 0x2E, 0x2E, 0x0F, 0x3C, 0x28, 0x28, 0x28, 0x28, 
    0x0E, 0x0F, 0x2E, 0x2E, 0x0B, 0x0B, 0x0B, 0x0B, 0x2E, 0x28, 0x28, 0x28, 0x28, 0x2E, 0x2E, 0x2E, 
    0x2E, 0x0B, 0x0B, 0x0B, 0x2E, 0x42, 0x0F, 0x3C, 0x0B, 0x0B, 0x2E, 0x2E, 0x2E, 0x2E, 0x3C, 0x0F, 
    0x0F, 0x3C, 0x2E, 0x2E, 0x0B, 0x0B, 0x0B, 0x0B, 0x2E, 0x28, 0x28, 0x28, 0x28, 0x2E, 0x2E, 0x2E, 
    0x2E, 0x0B, 0x0B, 0x0B, 0x2E, 0x42, 0x0F, 0x3C, 0x0B, 0x0B, 0x2E, 0x2E, 0x2E, 0x2E, 0x3C, 0x3C, 
    0x0E, 0x0F, 0x3C, 0x0B, 0x2E, 0x2E, 0x28, 0x28, 0x2E, 0x3C, 0x2E, 0x2E, 0x3C, 0x2E, 0x3C, 0x3C, 
    0x2E, 0x2E, 0x3C, 0x43, 0x43, 0x43, 0x43, 0x3C, 0x0B, 0x0B, 0x2E, 0x2E, 0x2E, 0x2E, 0x2E, 0x0F, 
    0x0F, 0x0F, 0x3C, 0x0B, 0x2E, 0x2E, 0x28, 0x28, 0x2E, 0x3C, 0x2E, 0x2E, 0x3C, 0x2E, 0x3C, 0x3C, 
    0x2E, 0x2E, 0x3C, 0x43, 0x43, 0x43, 0x43, 0x3C, 0x0B, 0x0B, 0x2E, 0x2E, 0x2E, 0x2E, 0x2E, 0x0F, 
    0x0E, 0x0F, 0x0F, 0x0B, 0x0B, 0x0E, 0x42, 0x43, 0x43, 0x43, 0x28, 0x28, 0x28, 0x3C, 0x0F, 0x0F, 
    0x2E, 0x3C, 0x0F, 0x43, 0x42, 0x43, 0x28, 0x3C, 0x0B, 0x0B, 0x3C, 0x0F, 0x0F, 0x42, 0x43, 0x0F, 
    0x0F, 0x0F, 0x0F, 0x0B, 0x0B, 0x0E, 0x42, 0x43, 0x43, 0x43, 0x28, 0x28, 0x28, 0x3C, 0x0F, 0x0F, 
    0x2E, 0x3C, 0x0F, 0x43, 0x43, 0x43, 0x28, 0x3C, 0x0B, 0x0B, 0x3C, 0x0F, 0x0F, 0x42, 0x43, 0x3C, 
    0x28, 0x42, 0x0F, 0x2E, 0x0E, 0x0B, 0x3C, 0x43, 0x43, 0x43, 0x28, 0x28, 0x28, 0x28, 0x28, 0x2E, 
    0x3C, 0x0F, 0x42, 0x43, 0x43, 0x43, 0x28, 0x3C, 0x0F, 0x2E, 0x3C, 0x0F, 0x0F, 0x42, 0x42, 0x42, 
    0x42, 0x42, 0x0F, 0x2E, 0x0E, 0x0B, 0x3C, 0x43, 0x43, 0x43, 0x28, 0x28, 0x28, 0x28, 0x28, 0x2E, 
    0x3C, 0x0F, 0x42, 0x43, 0x42, 0x43, 0x28, 0x3C, 0x0F, 0x2E, 0x3C, 0x0F, 0x0F, 0x42, 0x42, 0x43, 
    0x28, 0x42, 0x0F, 0x2E, 0x43, 0x3C, 0x0B, 0x3C, 0x28, 0x43, 0x43, 0x28, 0x28, 0x28, 0x28, 0x2E, 
    0x28, 0x28, 0x43, 0x43, 0x42, 0x43, 0x28, 0x43, 0x3C, 0x2E, 0x2E, 0x42, 0x42, 0x43, 0x43, 0x43, 
    0x42, 0x42, 0x0F, 0x2E, 0x43, 0x3C, 0x0B, 0x3C, 0x43, 0x43, 0x43, 0x28, 0x28, 0x28, 0x28, 0x2E, 
    0x28, 0x28, 0x43, 0x43, 0x43, 0x43, 0x43, 0x28, 0x3C, 0x2E, 0x2E, 0x42, 0x42, 0x43, 0x43, 0x28, 
    0x28, 0x42, 0x3C, 0x43, 0x28, 0x43, 0x0B, 0x3C, 0x43, 0x43, 0x43, 0x43, 0x28, 0x28, 0x28, 0x2E, 
    0x28, 0x28, 0x28, 0x42, 0x43, 0x42, 0x43, 0x28, 0x28, 0x0B, 0x0B, 0x28, 0x43, 0x43, 0x42, 0x43, 
    0x43, 0x42, 0x0F, 0x43, 0x28, 0x43, 0x0B, 0x3C, 0x43, 0x28, 0x43, 0x43, 0x28, 0x28, 0x28, 0x2E, 
    0x28, 0x28, 0x28, 0x42, 0x43, 0x42, 0x43, 0x28, 0x28, 0x0B, 0x0B, 0x28, 0x42, 0x43, 0x42, 0x28, 
    0x28, 0x42, 0x0F, 0x43, 0x28, 0x28, 0x2E, 0x0B, 0x3C, 0x28, 0x42, 0x28, 0x43, 0x28, 0x28, 0x28, 
    0x28, 0x28, 0x28, 0x43, 0x43, 0x43, 0x43, 0x43, 0x0E, 0x0B, 0x0B, 0x28, 0x43, 0x43, 0x28, 0x42, 
    0x43, 0x42, 0x0F, 0x43, 0x28, 0x43, 0x2E, 0x0B, 0x3C, 0x28, 0x42, 0x43, 0x28, 0x28, 0x28, 0x28, 
    0x28, 0x28, 0x28, 0x43, 0x42, 0x43, 0x43, 0x43, 0x0E, 0x0B, 0x0B, 0x28, 0x43, 0x43, 0x28, 0x43, 
    0x28, 0x0F, 0x0F, 0x28, 0x28, 0x28, 0x3C, 0x0B, 0x0B, 0x3C, 0x43, 0x43, 0x3C, 0x0B, 0x3C, 0x43, 
    0x28, 0x28, 0x28, 0x43, 0x42, 0x43, 0x43, 0x43, 0x0B, 0x0B, 0x0B, 0x43, 0x28, 0x28, 0x28, 0x28, 
    0x42, 0x0F, 0x0F, 0x28, 0x28, 0x28, 0x3C, 0x0B, 0x0B, 0x3C, 0x43, 0x43, 0x3C, 0x0B, 0x3C, 0x43, 
    0x28, 0x28, 0x28, 0x43, 0x43, 0x43, 0x43, 0x43, 0x0B, 0x0B, 0x0B, 0x43, 0x28, 0x28, 0x28, 0x28, 
    0x28, 0x0F, 0x43, 0x28, 0x28, 0x28, 0x43, 0x43, 0x0E, 0x0B, 0x3C, 0x3C, 0x3C, 0x0B, 0x0B, 0x28, 
    0x28, 0x28, 0x28, 0x28, 0x28, 0x43, 0x43, 0x28, 0x0B, 0x3C, 0x0F, 0x28, 0x28, 0x28, 0x28, 0x28, 
    0x42, 0x0F, 0x43, 0x28, 0x28, 0x28, 0x43, 0x43, 0x0E, 0x0B, 0x3C, 0x3C, 0x3C, 0x0B, 0x0B, 0x28, 
    0x28, 0x28, 0x28, 0x28, 0x43, 0x43, 0x43, 0x28, 0x0B, 0x3C, 0x0F, 0x28, 0x28, 0x28, 0x28, 0x28, 
    0x0E, 0x0F, 0x43, 0x28, 0x28, 0x28, 0x28, 0x43, 0x42, 0x3C, 0x2E, 0x0B, 0x0B, 0x0B, 0x0B, 0x43, 
    0x28, 0x43, 0x28, 0x28, 0x28, 0x28, 0x28, 0x3C, 0x3C, 0x42, 0x43, 0x43, 0x28, 0x28, 0x28, 0x42, 
    0x0F, 0x0F, 0x43, 0x28, 0x28, 0x28, 0x28, 0x43, 0x42, 0x3C, 0x2E, 0x0B, 0x0B, 0x0B, 0x0B, 0x43, 
    0x28, 0x43, 0x28, 0x28, 0x28, 0x28, 0x28, 0x3C, 0x3C, 0x42, 0x42, 0x28, 0x28, 0x28, 0x28, 0x28, 
    0x0E, 0x0F, 0x0F, 0x28, 0x28, 0x28, 0x28, 0x28, 0x43, 0x43, 0x3C, 0x0B, 0x0B, 0x3C, 0x0F, 0x43, 
    0x43, 0x43, 0x43, 0x28, 0x28, 0x28, 0x28, 0x3C, 0x2E, 0x42, 0x42, 0x43, 0x43, 0x28, 0x28, 0x0F, 
    0x0F, 0x0F, 0x3C, 0x28, 0x28, 0x28, 0x28, 0x28, 0x43, 0x43, 0x3C, 0x0B, 0x0B, 0x3C, 0x0F, 0x43, 
    0x43, 0x43, 0x43, 0x28, 0x28, 0x28, 0x28, 0x3C, 0x2E, 0x42, 0x42, 0x43, 0x43, 0x28, 0x28, 0x3C, 
    0x0E, 0x2E, 0x0F, 0x28, 0x28, 0x28, 0x28, 0x28, 0x28, 0x43, 0x43, 0x2E, 0x3C, 0x0F, 0x42, 0x43, 
    0x43, 0x42, 0x43, 0x28, 0x28, 0x28, 0x28, 0x0F, 0x0B, 0x3C, 0x0F, 0x43, 0x42, 0x43, 0x0F, 0x0F, 
    0x0F, 0x2E, 0x0F, 0x28, 0x28, 0x28, 0x28, 0x28, 0x28, 0x43, 0x43, 0x2E, 0x3C, 0x0F, 0x42, 0x43, 
    0x43, 0x42, 0x43, 0x28, 0x28, 0x28, 0x28, 0x3C, 0x0B, 0x3C, 0x0F, 0x42, 0x43, 0x43, 0x0F, 0x0F, 
    0x0B, 0x2E, 0x3C, 0x43, 0x28, 0x28, 0x28, 0x28, 0x28, 0x28, 0x28, 0x3C, 0x2E, 0x0F, 0x0F, 0x43, 
    0x43, 0x43, 0x42, 0x43, 0x28, 0x28, 0x43, 0x0F, 0x0B, 0x0B, 0x2E, 0x0F, 0x42, 0x0F, 0x2E, 0x0F, 
    0x2E, 0x2E, 0x3C, 0x43, 0x28, 0x28, 0x28, 0x28, 0x28, 0x28, 0x28, 0x3C, 0x2E, 0x3C, 0x0F, 0x43, 
    0x43, 0x43, 0x43, 0x43, 0x28, 0x28, 0x43, 0x0F, 0x0B, 0x0B, 0x2E, 0x0F, 0x42, 0x3C, 0x2E, 0x3C, 
    0x0B, 0x0B, 0x3C, 0x43, 0x28, 0x28, 0x28, 0x28, 0x28, 0x28, 0x28, 0x3C, 0x0B, 0x0B, 0x0F, 0x0F, 
    0x28, 0x43, 0x43, 0x43, 0x43, 0x3C, 0x0F, 0x2E, 0x0B, 0x2E, 0x0F, 0x0F, 0x0F, 0x0F, 0x0B, 0x0B, 
    0x0B, 0x0B, 0x3C, 0x43, 0x28, 0x28, 0x28, 0x28, 0x28, 0x28, 0x28, 0x3C, 0x0B, 0x0B, 0x0F, 0x0F, 
    0x28, 0x42, 0x43, 0x43, 0x28, 0x3C, 0x0F, 0x2E, 0x0B, 0x2E, 0x3C, 0x0F, 0x0F, 0x0F, 0x0B, 0x0B, 
    0x0B, 0x0B, 0x3C, 0x43, 0x28, 0x28, 0x28, 0x28, 0x28, 0x28, 0x28, 0x28, 0x0F, 0x3C, 0x2E, 0x3C, 
    0x2E, 0x28, 0x42, 0x28, 0x43, 0x0F, 0x0F, 0x0F, 0x0B, 0x3C, 0x0F, 0x42, 0x0F, 0x0F, 0x2E, 0x0B, 
    0x0B, 0x0B, 0x3C, 0x43, 0x28, 0x28, 0x28, 0x28, 0x28, 0x28, 0x28, 0x43, 0x0F, 0x3C, 0x2E, 0x3C, 
    0x2E, 0x28, 0x43, 0x43, 0x43, 0x0F, 0x0F, 0x0F, 0x0B, 0x3C, 0x0F, 0x42, 0x0F, 0x0F, 0x2E, 0x0B, 
    0x0B, 0x0B, 0x3C, 0x43, 0x43, 0x43, 0x28, 0x28, 0x28, 0x28, 0x28, 0x28, 0x43, 0x0F, 0x0B, 0x0B, 
    0x0B, 0x3C, 0x28, 0x43, 0x0F, 0x0F, 0x43, 0x43, 0x0B, 0x3C, 0x42, 0x42, 0x42, 0x0F, 0x0F, 0x2E, 
    0x0B, 0x0B, 0x3C, 0x43, 0x43, 0x43, 0x28, 0x28, 0x28, 0x28, 0x28, 0x28, 0x28, 0x0F, 0x0B, 0x0B, 
    0x0B, 0x3C, 0x43, 0x43, 0x0F, 0x0F, 0x43, 0x43, 0x0B, 0x3C, 0x42, 0x42, 0x42, 0x0F, 0x0F, 0x2E, 
    0x0B, 0x2E, 0x3C, 0x43, 0x43, 0x43, 0x43, 0x43, 0x28, 0x28, 0x28, 0x28, 0x28, 0x3C, 0x2E, 0x0B, 
    0x0B, 0x3C, 0x0F, 0x0F, 0x0F, 0x42, 0x28, 0x28, 0x0B, 0x28, 0x42, 0x43, 0x42, 0x42, 0x0F, 0x0F, 
    0x2E, 0x2E, 0x3C, 0x43, 0x43, 0x43, 0x43, 0x28, 0x28, 0x28, 0x28, 0x28, 0x28, 0x3C, 0x2E, 0x0B, 
    0x0B, 0x3C, 0x0F, 0x0F, 0x0F, 0x42, 0x28, 0x28, 0x0B, 0x28, 0x42, 0x43, 0x42, 0x42, 0x0F, 0x0F, 
    0x0E, 0x2E, 0x3C, 0x43, 0x43, 0x43, 0x42, 0x43, 0x43, 0x28, 0x28, 0x28, 0x28, 0x28, 0x0F, 0x0B, 
    0x0B, 0x2E, 0x0F, 0x0F, 0x43, 0x43, 0x43, 0x0E, 0x0B, 0x28, 0x43, 0x43, 0x43, 0x42, 0x42, 0x0F, 
    0x0F, 0x2E, 0x3C, 0x43, 0x43, 0x43, 0x42, 0x43, 0x43, 0x28, 0x28, 0x28, 0x28, 0x43, 0x0F, 0x0B, 
    0x0B, 0x2E, 0x0F, 0x0F, 0x43, 0x43, 0x28, 0x0E, 0x0B, 0x28, 0x43, 0x43, 0x42, 0x42, 0x42, 0x0F, 
    0x0E, 0x0F, 0x0F, 0x0F, 0x28, 0x43, 0x43, 0x43, 0x43, 0x43, 0x28, 0x28, 0x28, 0x28, 0x3C, 0x0B, 
    0x2E, 0x2E, 0x0F, 0x43, 0x28, 0x28, 0x28, 0x3C, 0x2E, 0x3C, 0x42, 0x43, 0x42, 0x43, 0x43, 0x43, 
    0x0F, 0x0F, 0x0F, 0x0F, 0x28, 0x43, 0x43, 0x43, 0x43, 0x43, 0x28, 0x28, 0x28, 0x28, 0x3C, 0x0B, 
    0x2E, 0x2E, 0x0F, 0x43, 0x28, 0x28, 0x43, 0x3C, 0x2E, 0x3C, 0x42, 0x43, 0x43, 0x43, 0x43, 0x28, 
    0x28, 0x2E, 0x2E, 0x0F, 0x43, 0x43, 0x43, 0x43, 0x43, 0x43, 0x43, 0x28, 0x28, 0x28, 0x0B, 0x0B, 
    0x2E, 0x0F, 0x0F, 0x2E, 0x2E, 0x2E, 0x2E, 0x2E, 0x2E, 0x43, 0x43, 0x43, 0x43, 0x43, 0x43, 0x43, 
    0x28, 0x2E, 0x2E, 0x0F, 0x43, 0x43, 0x43, 0x43, 0x43, 0x43, 0x43, 0x28, 0x28, 0x28, 0x0B, 0x0B, 
    0x2E, 0x0F, 0x0F, 0x2E, 0x2E, 0x2E, 0x2E, 0x2E, 0x2E, 0x43, 0x43, 0x43, 0x42, 0x43, 0x43, 0x28, 
    0x24, 0x2E, 0x0B, 0x0F, 0x0F, 0x28, 0x28, 0x28, 0x43, 0x43, 0x43, 0x28, 0x2E, 0x0B, 0x0B, 0x2E, 
    0x0F, 0x42, 0x42, 0x28, 0x2E, 0x3C, 0x0F, 0x3C, 0x43, 0x28, 0x28, 0x28, 0x43, 0x42, 0x43, 0x43, 
    0x28, 0x2E, 0x0B, 0x0F, 0x0F, 0x28, 0x28, 0x28, 0x43, 0x43, 0x43, 0x28, 0x2E, 0x0B, 0x0B, 0x2E, 
    0x0F, 0x42, 0x42, 0x28, 0x2E, 0x3C, 0x3C, 0x3C, 0x43, 0x28, 0x28, 0x28, 0x43, 0x43, 0x42, 0x28, 
    0x24, 0x0B, 0x0B, 0x2E, 0x3C, 0x2E, 0x0B, 0x3C, 0x3C, 0x28, 0x28, 0x3C, 0x0B, 0x0B, 0x3C, 0x0F, 
    0x43, 0x42, 0x43, 0x43, 0x43, 0x2E, 0x0F, 0x0F, 0x28, 0x28, 0x28, 0x28, 0x28, 0x43, 0x43, 0x43, 
    0x24, 0x0B, 0x0B, 0x2E, 0x3C, 0x2E, 0x0B, 0x3C, 0x3C, 0x28, 0x28, 0x3C, 0x0B, 0x0B, 0x3C, 0x0F, 
    0x43, 0x43, 0x43, 0x43, 0x43, 0x2E, 0x0F, 0x0F, 0x28, 0x28, 0x28, 0x28, 0x28, 0x43, 0x43, 0x28, 
    0x24, 0x0E, 0x0B, 0x0B, 0x2E, 0x2E, 0x0B, 0x2E, 0x2E, 0x2E, 0x2E, 0x2E, 0x0F, 0x3C, 0x0F, 0x28, 
    0x28, 0x28, 0x42, 0x43, 0x43, 0x28, 0x2E, 0x2E, 0x43, 0x28, 0x43, 0x28, 0x28, 0x28, 0x43, 0x43, 
    0x28, 0x0E, 0x0B, 0x0B, 0x2E, 0x2E, 0x0B, 0x2E, 0x2E, 0x2E, 0x2E, 0x2E, 0x0F, 0x3C, 0x0F, 0x28, 
    0x28, 0x28, 0x42, 0x43, 0x43, 0x28, 0x2E, 0x2E, 0x43, 0x28, 0x43, 0x28, 0x28, 0x28, 0x43, 0x28, 
    0x24, 0x3C, 0x3C, 0x0B, 0x0B, 0x0B, 0x0B, 0x2E, 0x3C, 0x3C, 0x3C, 0x43, 0x42, 0x42, 0x43, 0x28, 
    0x28, 0x28, 0x28, 0x43, 0x43, 0x3C, 0x3C, 0x2E, 0x3C, 0x28, 0x28, 0x28, 0x28, 0x28, 0x28, 0x28, 
    0x28, 0x3C, 0x3C, 0x0B, 0x0B, 0x0B, 0x0B, 0x2E, 0x3C, 0x3C, 0x3C, 0x43, 0x42, 0x42, 0x43, 0x28, 
    0x28, 0x28, 0x28, 0x43, 0x43, 0x3C, 0x3C, 0x2E, 0x3C, 0x28, 0x28, 0x43, 0x28, 0x28, 0x28, 0x28, 
    0x24, 0x3C, 0x0F, 0x3C, 0x0B, 0x0B, 0x43, 0x42, 0x42, 0x43, 0x43, 0x43, 0x43, 0x43, 0x43, 0x28, 
    0x28, 0x28, 0x28, 0x28, 0x3C, 0x0F, 0x2E, 0x2E, 0x43, 0x28, 0x28, 0x28, 0x43, 0x28, 0x28, 0x28, 
    0x28, 0x3C, 0x0F, 0x3C, 0x0B, 0x0B, 0x43, 0x42, 0x42, 0x43, 0x43, 0x43, 0x43, 0x43, 0x43, 0x28, 
    0x28, 0x28, 0x28, 0x28, 0x3C, 0x0F, 0x2E, 0x2E, 0x43, 0x28, 0x28, 0x28, 0x43, 0x28, 0x28, 0x24, 
    0x24, 0x28, 0x0B, 0x0B, 0x0F, 0x0F, 0x43, 0x43, 0x43, 0x28, 0x28, 0x28, 0x43, 0x43, 0x42, 0x43, 
    0x43, 0x28, 0x28, 0x28, 0x2E, 0x0F, 0x2E, 0x3C, 0x3C, 0x28, 0x28, 0x28, 0x28, 0x28, 0x28, 0x28, 
    0x28, 0x28, 0x0B, 0x0B, 0x0F, 0x0F, 0x43, 0x43, 0x43, 0x28, 0x28, 0x28, 0x43, 0x43, 0x42, 0x43, 
    0x43, 0x28, 0x28, 0x28, 0x2E, 0x0F, 0x2E, 0x3C, 0x3C, 0x28, 0x28, 0x28, 0x28, 0x28, 0x28, 0x28, 
    0x24, 0x28, 0x0B, 0x0B, 0x28, 0x43, 0x43, 0x43, 0x28, 0x28, 0x28, 0x28, 0x43, 0x43, 0x43, 0x42, 
    0x43, 0x43, 0x43, 0x28, 0x2E, 0x2E, 0x0B, 0x2E, 0x0F, 0x43, 0x28, 0x28, 0x28, 0x28, 0x43, 0x28, 
    0x28, 0x28, 0x0B, 0x0B, 0x28, 0x28, 0x42, 0x43, 0x28, 0x28, 0x28, 0x28, 0x28, 0x42, 0x43, 0x43, 
    0x43, 0x42, 0x43, 0x28, 0x2E, 0x2E, 0x0B, 0x2E, 0x0F, 0x43, 0x28, 0x28, 0x28, 0x28, 0x43, 0x28, 
    0x28, 0x28, 0x0E, 0x0B, 0x0E, 0x43, 0x43, 0x43, 0x43, 0x28, 0x28, 0x28, 0x28, 0x43, 0x43, 0x43, 
    0x42, 0x43, 0x43, 0x2E, 0x0E, 0x2E, 0x0B, 0x2E, 0x3C, 0x43, 0x28, 0x43, 0x28, 0x28, 0x28, 0x28, 
    0x28, 0x28, 0x0E, 0x0B, 0x0E, 0x43, 0x43, 0x43, 0x43, 0x28, 0x28, 0x28, 0x28, 0x28, 0x43, 0x42, 
    0x43, 0x43, 0x43, 0x2E, 0x0E, 0x2E, 0x0B, 0x2E, 0x3C, 0x43, 0x43, 0x43, 0x28, 0x28, 0x28, 0x28, 
    0x24, 0x28, 0x28, 0x0B, 0x2E, 0x3C, 0x28, 0x28, 0x28, 0x28, 0x28, 0x28, 0x28, 0x28, 0x28, 0x43, 
    0x28, 0x28, 0x0E, 0x2E, 0x2E, 0x2E, 0x3C, 0x2E, 0x3C, 0x3C, 0x28, 0x43, 0x28, 0x28, 0x28, 0x28, 
    0x28, 0x28, 0x28, 0x0B, 0x2E, 0x3C, 0x28, 0x28, 0x28, 0x28, 0x24, 0x28, 0x28, 0x28, 0x28, 0x28, 
    0x43, 0x28, 0x0E, 0x2E, 0x2E, 0x2E, 0x3C, 0x2E, 0x3C, 0x3C, 0x28, 0x28, 0x28, 0x28, 0x24, 0x28
};



uint8_t txt_brick1[] = {
     0xE6, 0xA0, 0xA0, 0x06, 0xA0, 0xA0, 0xA0, 0x06, 0xA0, 0xA0, 0x06, 0xA0, 0x06, 0xA0, 0xA0, 0xE6, 
    0xB4, 0xB4, 0xB4, 0xB8, 0xB4, 0xB4, 0xB8, 0xB4, 0xB4, 0xB8, 0xB4, 0xB4, 0xB8, 0xB4, 0xB4, 0xB4, 
    0xE6, 0xA0, 0xA0, 0x06, 0xA0, 0xA0, 0xA0, 0x06, 0xA0, 0xA0, 0x06, 0xA0, 0x06, 0xA0, 0xA0, 0xE6, 
    0xB4, 0xB4, 0xB4, 0xB8, 0xB4, 0xB4, 0xB8, 0xB4, 0xB4, 0xB8, 0xB4, 0xB4, 0xB8, 0xB4, 0xB4, 0xB4, 
    0xE6, 0xA6, 0xA3, 0xA6, 0xA6, 0xA3, 0xA3, 0xA6, 0xA3, 0xA6, 0xA6, 0xA3, 0xA6, 0xA0, 0x06, 0xE6, 
    0xA6, 0xA6, 0xA6, 0xA6, 0xA6, 0xA6, 0xA3, 0xA6, 0xA6, 0xA6, 0xA6, 0xA6, 0xA6, 0xA3, 0xB8, 0xB8, 
    0xE6, 0xA6, 0xA3, 0xA6, 0xA6, 0xA3, 0xA3, 0xA6, 0xA3, 0xA6, 0xA6, 0xA3, 0xA6, 0xA0, 0x06, 0xE6, 
    0xA6, 0xA6, 0xA6, 0xA6, 0xA6, 0xA6, 0xA3, 0xA6, 0xA6, 0xA6, 0xA6, 0xA6, 0xA6, 0xA3, 0xB8, 0xB8, 
    0xE3, 0xA6, 0xA3, 0xA3, 0xA3, 0xA6, 0xA6, 0xA3, 0xA6, 0xA3, 0xA3, 0xA6, 0xA3, 0xA6, 0xA0, 0xE6, 
    0xA6, 0xA3, 0xA3, 0xA3, 0xA3, 0xA3, 0xA6, 0xA3, 0xA3, 0xA3, 0xA3, 0xA3, 0xA6, 0xA3, 0xA6, 0xB8, 
    0xE6, 0xA6, 0xA3, 0xA3, 0xA3, 0xA6, 0xA6, 0xA3, 0xA6, 0xA3, 0xA3, 0xA6, 0xA3, 0xA6, 0xA0, 0xE6, 
    0xA6, 0xA3, 0xA3, 0xA3, 0xA3, 0xA3, 0xA6, 0xA3, 0xA3, 0xA3, 0xA3, 0xA3, 0xA6, 0xA3, 0xA6, 0xB8, 
    0xE6, 0xA6, 0xA3, 0xA6, 0xA6, 0xA3, 0xA3, 0xA6, 0xA3, 0xA6, 0xA3, 0xA6, 0xA3, 0xA6, 0xA0, 0xE6, 
    0xA3, 0xA6, 0xA6, 0xA6, 0xA6, 0xA3, 0xA6, 0xA3, 0xA6, 0xA6, 0xA6, 0xA3, 0xA3, 0xA6, 0xA3, 0xB8, 
    0xE6, 0xA6, 0xA3, 0xA6, 0xA6, 0xA3, 0xA3, 0xA6, 0xA3, 0xA6, 0xA3, 0xA6, 0xA3, 0xA6, 0xA0, 0xE6, 
    0xA3, 0xA6, 0xA6, 0xA6, 0xA6, 0xA3, 0xA6, 0xA3, 0xA6, 0xA6, 0xA6, 0xA3, 0xA3, 0xA6, 0xA3, 0xB8, 
    0xE3, 0xA3, 0xA6, 0xA3, 0xA3, 0xA6, 0xA3, 0xA6, 0xA3, 0xA6, 0xA3, 0xA6, 0xA6, 0xA3, 0xA0, 0xE6, 
    0xA6, 0xA3, 0xA3, 0xA3, 0xA6, 0xA3, 0xA6, 0xA3, 0xA6, 0xA3, 0xA3, 0xA6, 0xA3, 0xA6, 0xA3, 0xB8, 
    0xE6, 0xA6, 0xA3, 0xA6, 0xA3, 0xA6, 0xA3, 0xA6, 0xA3, 0xA6, 0xA3, 0xA6, 0xA6, 0xA3, 0xA0, 0xE6, 
    0xA6, 0xA3, 0xA3, 0xA3, 0xA6, 0xA3, 0xA6, 0xA3, 0xA6, 0xA3, 0xA3, 0xA6, 0xA3, 0xA6, 0xA3, 0xB8, 
    0xE6, 0xA3, 0xA6, 0xA6, 0xA3, 0xA6, 0xA3, 0xA6, 0xA3, 0xA6, 0xA3, 0xA3, 0xA6, 0xA3, 0xA0, 0xE6, 
    0xA3, 0xA6, 0xA6, 0xA3, 0xA6, 0xA3, 0xA6, 0xA3, 0xA6, 0xA3, 0xA3, 0xA6, 0xA3, 0xA6, 0xA3, 0xB8, 
    0xE6, 0xA6, 0xA3, 0xA6, 0xA3, 0xA6, 0xA3, 0xA6, 0xA3, 0xA6, 0xA3, 0xA3, 0xA6, 0xA3, 0xA0, 0xE6, 
    0xA3, 0xA6, 0xA6, 0xA3, 0xA6, 0xA3, 0xA6, 0xA3, 0xA6, 0xA3, 0xA3, 0xA6, 0xA3, 0xA6, 0xA3, 0xB8, 
    0xE3, 0xB8, 0xB8, 0xB8, 0xB8, 0xB8, 0xB8, 0xB8, 0xB8, 0xB8, 0xB8, 0xB8, 0xB8, 0xB8, 0xA0, 0xE3, 
    0xA6, 0xA3, 0xA3, 0xA6, 0xA3, 0xA6, 0xA3, 0xA6, 0xA6, 0xA3, 0xA6, 0xA3, 0xA6, 0xA3, 0xA6, 0xB8, 
    0xE6, 0xB5, 0xB8, 0xB8, 0xB8, 0xB8, 0xB8, 0xB8, 0xB8, 0xB8, 0xB8, 0xB8, 0xB8, 0xB8, 0xA0, 0xE3, 
    0xA6, 0xA3, 0xA3, 0xA6, 0xA3, 0xA6, 0xA3, 0xA6, 0xA6, 0xA3, 0xA6, 0xA3, 0xA6, 0xA3, 0xA6, 0xB8, 
    0xE6, 0xE3, 0xE6, 0xE6, 0xE6, 0xE6, 0xE6, 0xE6, 0xE6, 0xE6, 0xE6, 0xE6, 0xE6, 0xE6, 0xE6, 0xE6, 
    0xE6, 0xE6, 0xE6, 0xE6, 0xE6, 0xE6, 0xE6, 0xE6, 0xE6, 0xE6, 0xE6, 0xE6, 0xE6, 0xE6, 0xE6, 0xE6, 
    0xE6, 0xE6, 0xE6, 0xE6, 0xE6, 0xE6, 0xE6, 0xE6, 0xE6, 0xE6, 0xE6, 0xE6, 0xE6, 0xE6, 0xE6, 0xE6, 
    0xE6, 0xE6, 0xE6, 0xE6, 0xE6, 0xE6, 0xE6, 0xE6, 0xE6, 0xE6, 0xE6, 0xE6, 0xE6, 0xE6, 0xE6, 0xE6, 
    0xB8, 0xB8, 0xB5, 0xB8, 0xB8, 0xB8, 0xB5, 0xE6, 0xE3, 0xA0, 0xA0, 0xA0, 0xA0, 0xA0, 0xA0, 0xA0, 
    0xA0, 0xA0, 0xA0, 0xA0, 0xA0, 0xA0, 0xE6, 0xE6, 0xB8, 0xB8, 0xB8, 0xB8, 0xB8, 0xB8, 0xB8, 0xB8, 
    0xB5, 0xB8, 0xB5, 0xB8, 0xB8, 0xB8, 0xB5, 0xE6, 0xE3, 0xA0, 0xA0, 0xA0, 0xA0, 0xA0, 0xA0, 0xA0, 
    0xA0, 0xA0, 0xA0, 0xA0, 0xA0, 0xA0, 0xE6, 0xE6, 0xB8, 0xB8, 0xB8, 0xB8, 0xB8, 0xB8, 0xB8, 0xB8, 
    0xA3, 0xA6, 0xA6, 0xA6, 0xA6, 0xA6, 0xB8, 0xE6, 0xA6, 0xA6, 0xA6, 0xA6, 0xA6, 0xA6, 0xA6, 0xA6, 
    0xA6, 0xA6, 0xA6, 0xA6, 0xA6, 0xA0, 0xE6, 0xA6, 0xA6, 0xA6, 0xA6, 0xA6, 0xA6, 0xA6, 0xA6, 0xA6, 
    0xA6, 0xA6, 0xA6, 0xA6, 0xA6, 0xA6, 0xB4, 0xE6, 0xA6, 0xA6, 0xA6, 0xA6, 0xA6, 0xA6, 0xA6, 0xA6, 
    0xA6, 0xA6, 0xA6, 0xA6, 0xA6, 0xA0, 0xE6, 0xA6, 0xA6, 0xA6, 0xA6, 0xA6, 0xA6, 0xA6, 0xA6, 0xA3, 
    0xA6, 0xA3, 0xA3, 0xA3, 0xA3, 0xA6, 0xB8, 0xE6, 0xA6, 0xA3, 0xA6, 0xA3, 0xA3, 0xA3, 0xA3, 0xA3, 
    0xA3, 0xA3, 0xA3, 0xA3, 0xA3, 0xA0, 0xE3, 0xA6, 0xA3, 0xA3, 0xA3, 0xA3, 0xA3, 0xA3, 0xA3, 0xA3, 
    0xA3, 0xA3, 0xA3, 0xA3, 0xA3, 0xA6, 0xB8, 0xE6, 0xA6, 0xA6, 0xA6, 0xA3, 0xA3, 0xA3, 0xA3, 0xA3, 
    0xA3, 0xA3, 0xA3, 0xA3, 0xA3, 0xA0, 0xE3, 0xA6, 0xA3, 0xA3, 0xA3, 0xA3, 0xA3, 0xA3, 0xA6, 0xA3, 
    0xA3, 0xA6, 0xA6, 0xA6, 0xA3, 0xA3, 0xB8, 0xE6, 0xA6, 0xA3, 0xA6, 0xA6, 0xA6, 0xA6, 0xA6, 0xA6, 
    0xA6, 0xA6, 0xA6, 0xA6, 0xA3, 0xA0, 0xE3, 0xA3, 0xB5, 0xA3, 0xA6, 0xA6, 0xA6, 0xA6, 0xA6, 0xA6, 
    0xA6, 0xA6, 0xA6, 0xA6, 0xA3, 0xA3, 0xB8, 0xE6, 0xA6, 0xA3, 0xA6, 0xA6, 0xA6, 0xA6, 0xA6, 0xA6, 
    0xA6, 0xA6, 0xA6, 0xA6, 0xA3, 0xA0, 0xE3, 0xA3, 0xB5, 0xA3, 0xA6, 0xA6, 0xA6, 0xA3, 0xA6, 0xA3, 
    0xA3, 0xA3, 0xA3, 0xA6, 0xA3, 0xA6, 0xB8, 0xE6, 0xA3, 0xA6, 0xA3, 0xA3, 0xA3, 0xA3, 0xA3, 0xA3, 
    0xA3, 0xA3, 0xA3, 0xA6, 0xA3, 0xA0, 0xE6, 0xA3, 0xA3, 0xA3, 0xA3, 0xA3, 0xA3, 0xA3, 0xA3, 0xA3, 
    0xA3, 0xA3, 0xA3, 0xA6, 0xA3, 0xA6, 0xB8, 0xE3, 0xA3, 0xA6, 0xA3, 0xA3, 0xA3, 0xA3, 0xA3, 0xA3, 
    0xA3, 0xA3, 0xA3, 0xA6, 0xA3, 0xA0, 0xE6, 0xA3, 0xA3, 0xA3, 0xA3, 0xA3, 0xB5, 0xA3, 0xA3, 0xA6, 
    0xA6, 0xA6, 0xA3, 0xA6, 0xA3, 0xA6, 0xB8, 0xE6, 0xA6, 0xA3, 0xA6, 0xA6, 0xA6, 0xA6, 0xA6, 0xB5, 
    0xA3, 0xA6, 0xA3, 0xB5, 0xA3, 0xA0, 0xE3, 0xA6, 0xA3, 0xA6, 0xA6, 0xB5, 0xA3, 0xA6, 0xB5, 0xA3, 
    0xA6, 0xA6, 0xA3, 0xA6, 0xA3, 0xA6, 0xB8, 0xE6, 0xA6, 0xA3, 0xA6, 0xA6, 0xA6, 0xA6, 0xA6, 0xB5, 
    0xA3, 0xA6, 0xA3, 0xB5, 0xA3, 0xA0, 0xE3, 0xA6, 0xA3, 0xA6, 0xA6, 0xA3, 0xA3, 0xA3, 0xA3, 0xA6, 
    0xA3, 0xA3, 0xA6, 0xA3, 0xA6, 0xA3, 0xB8, 0xE6, 0xB5, 0xB8, 0xB8, 0xB8, 0xB8, 0xB8, 0xB8, 0xB5, 
    0xB8, 0xB8, 0xB8, 0xB5, 0xB8, 0xA0, 0xE6, 0xA6, 0xA3, 0xA6, 0xA3, 0xA3, 0xA3, 0xA3, 0xA3, 0xA3, 
    0xA3, 0xA3, 0xA6, 0xA3, 0xA6, 0xA3, 0xB8, 0xE6, 0xB8, 0xB8, 0xB8, 0xB8, 0xB8, 0xB8, 0xB8, 0xB5, 
    0xB8, 0xB8, 0xB8, 0xB5, 0xB8, 0xA0, 0xE6, 0xA6, 0xA3, 0xA6, 0xA3, 0xA3, 0xA6, 0xA3, 0xA6, 0xA3, 
    0xE6, 0xE6, 0xE6, 0xE6, 0xE6, 0xE6, 0xE6, 0xE3, 0xE6, 0xE6, 0xE3, 0xE6, 0xE6, 0xE3, 0xE6, 0xE6, 
    0xE6, 0xE3, 0xE6, 0xE6, 0xE6, 0xE6, 0xE3, 0xE6, 0xE3, 0xE6, 0xE6, 0xE6, 0xE6, 0xE6, 0xE6, 0xE6, 
    0xE6, 0xE6, 0xE6, 0xE6, 0xE6, 0xE6, 0xE6, 0xE3, 0xE6, 0xE3, 0xE6, 0xE6, 0xE3, 0xE6, 0xE6, 0xE6, 
    0xE6, 0xE3, 0xE6, 0xE6, 0xE6, 0xE6, 0xE3, 0xE6, 0xE3, 0xE6, 0xE6, 0xE6, 0xE6, 0xE6, 0xE6, 0xE6, 
    0xE3, 0xE6, 0xB5, 0xB8, 0xB8, 0xB8, 0xB8, 0xB8, 0xB8, 0xB8, 0xB8, 0xB5, 0xB8, 0xB8, 0xB5, 0xE6, 
    0xE3, 0xA0, 0xA0, 0xA0, 0xA0, 0xA0, 0xA0, 0xA0, 0xA0, 0xA0, 0xA0, 0xA0, 0xA0, 0xA0, 0xA0, 0xA0, 
    0xE6, 0xE6, 0xB5, 0xB8, 0xB8, 0xB8, 0xB8, 0xB8, 0xB8, 0xB8, 0xB5, 0xB8, 0xB8, 0xB8, 0xB5, 0xE6, 
    0xE3, 0xA0, 0xA0, 0xA0, 0xA0, 0xA0, 0xA0, 0xA0, 0xA0, 0xA0, 0xA0, 0xA0, 0xA0, 0xA0, 0xA0, 0xA0, 
    0xE6, 0xB8, 0xB8, 0xA6, 0xA6, 0xA6, 0xA6, 0xA6, 0xA6, 0xA6, 0xA6, 0xA3, 0xA6, 0xA3, 0xB8, 0xE6, 
    0xA6, 0xA3, 0xA6, 0xA3, 0xA6, 0xA3, 0xA6, 0xA6, 0xA6, 0xA6, 0xA6, 0xA6, 0xA6, 0xA6, 0xA6, 0xA0, 
    0xE3, 0xB8, 0xB8, 0xA6, 0xA6, 0xA6, 0xA6, 0xA6, 0xA6, 0xA6, 0xA6, 0xA3, 0xA6, 0xA3, 0xB8, 0xE6, 
    0xA6, 0xA3, 0xA6, 0xA3, 0xA6, 0xA3, 0xA6, 0xA6, 0xA6, 0xA6, 0xA6, 0xA6, 0xA6, 0xA6, 0xA6, 0xA0, 
    0xE3, 0xB8, 0xA6, 0xA3, 0xA3, 0xA3, 0xA3, 0xA3, 0xA3, 0xA3, 0xA6, 0xA3, 0xA6, 0xA3, 0xB8, 0xE6, 
    0xA6, 0xA3, 0xA6, 0xA3, 0xA6, 0xA3, 0xA6, 0xA3, 0xA3, 0xA3, 0xA3, 0xA3, 0xA3, 0xA3, 0xA6, 0xA0, 
    0xE3, 0xB8, 0xA6, 0xA3, 0xA3, 0xA3, 0xA3, 0xA3, 0xA3, 0xA3, 0xA6, 0xA3, 0xA6, 0xA3, 0xB8, 0xE3, 
    0xA6, 0xA3, 0xA6, 0xA3, 0xA6, 0xA3, 0xA6, 0xA3, 0xA3, 0xA3, 0xA3, 0xA3, 0xA3, 0xA3, 0xA6, 0xA0, 
    0xE6, 0xB8, 0xA3, 0xA6, 0xA6, 0xA6, 0xA6, 0xA3, 0xA6, 0xA6, 0xA3, 0xA6, 0xA3, 0xA6, 0xB8, 0xE3, 
    0xA6, 0xA3, 0xA6, 0xA6, 0xA3, 0xA6, 0xA3, 0xA6, 0xA6, 0xA6, 0xA6, 0xA6, 0xA6, 0xA3, 0xB5, 0xA0, 
    0xE3, 0xB8, 0xA6, 0xA3, 0xA6, 0xA6, 0xA6, 0xA3, 0xA6, 0xA6, 0xA3, 0xA6, 0xA3, 0xA6, 0xB8, 0xE6, 
    0xA6, 0xA3, 0xA6, 0xA6, 0xA3, 0xA6, 0xA3, 0xA6, 0xA6, 0xB5, 0xA3, 0xA6, 0xA6, 0xA3, 0xB5, 0xA0, 
    0xE3, 0xB8, 0xA3, 0xA3, 0xA3, 0xA3, 0xA6, 0xA3, 0xA6, 0xA3, 0xA6, 0xA3, 0xA6, 0xA3, 0xB8, 0xE6, 
    0xA3, 0xA6, 0xA3, 0xA3, 0xA6, 0xA3, 0xA6, 0xA3, 0xA3, 0xA3, 0xA3, 0xA3, 0xB5, 0xA3, 0xA3, 0xA0, 
    0xE3, 0xB8, 0xA3, 0xA6, 0xA3, 0xA3, 0xA6, 0xA3, 0xA6, 0xA3, 0xA6, 0xA3, 0xA6, 0xA3, 0xB8, 0xE6, 
    0xA3, 0xA6, 0xA3, 0xA3, 0xA6, 0xA3, 0xA6, 0xA3, 0xA3, 0xA3, 0xA3, 0xA3, 0xA3, 0xA3, 0xA3, 0xA0, 
    0xE6, 0xB8, 0xB8, 0xA6, 0xA6, 0xA6, 0xA3, 0xA6, 0xA3, 0xA6, 0xA3, 0xA6, 0xA3, 0xA6, 0xB8, 0xE6, 
    0xA6, 0xA3, 0xA6, 0xA3, 0xA6, 0xA3, 0xA6, 0xA3, 0xB5, 0xA3, 0xA6, 0xA3, 0xA3, 0xA3, 0xA3, 0xA0, 
    0xE3, 0xB8, 0xB8, 0xA6, 0xA3, 0xA6, 0xA3, 0xA6, 0xA3, 0xA6, 0xA3, 0xA6, 0xA3, 0xA6, 0xB8, 0xE6, 
    0xA6, 0xA3, 0xA6, 0xA3, 0xA6, 0xA3, 0xA6, 0xA3, 0xA6, 0xA3, 0xA6, 0xA3, 0xB5, 0xA3, 0xA3, 0xA0, 
    0xE3, 0xE6, 0xB4, 0xB8, 0xB8, 0xB8, 0xB8, 0xB8, 0xB8, 0xB8, 0xB8, 0xB8, 0xB8, 0xB8, 0xB8, 0xE6, 
    0xB5, 0xB8, 0xB8, 0xB8, 0xB8, 0xB8, 0xB8, 0xB8, 0xB5, 0xB8, 0xB8, 0xB5, 0xB8, 0xB8, 0xB5, 0xA0, 
    0xE6, 0xE6, 0xB8, 0xB8, 0xB8, 0xB8, 0xB8, 0xB8, 0xB8, 0xB8, 0xB8, 0xB8, 0xB8, 0xB8, 0xB8, 0xE6, 
    0xB5, 0xB8, 0xB8, 0xB8, 0xB8, 0xB8, 0xB8, 0xB8, 0xB8, 0xB8, 0xB8, 0xB5, 0xB8, 0xB5, 0xB8, 0xA0, 
    0xE6, 0xE3, 0xE6, 0xE6, 0xE6, 0xE6, 0xE6, 0xE6, 0xE6, 0xE6, 0xE6, 0xE6, 0xE6, 0xE6, 0xE6, 0xE3, 
    0xE6, 0xE6, 0xE6, 0xE3, 0xE6, 0xE6, 0xE3, 0xE6, 0xE6, 0xE3, 0xE6, 0xE6, 0xE3, 0xE6, 0xE6, 0xE6, 
    0xE3, 0xE3, 0xE6, 0xE6, 0xE6, 0xE6, 0xE6, 0xE6, 0xE6, 0xE6, 0xE6, 0xE6, 0xE6, 0xE6, 0xE6, 0xE3, 
    0xE6, 0xE6, 0xE6, 0xE3, 0xE6, 0xE6, 0xE6, 0xE3, 0xE6, 0xE3, 0xE6, 0xE6, 0xE6, 0xE6, 0xE3, 0xE6, 
    0xA0, 0xA0, 0xA0, 0xA0, 0xA0, 0xA0, 0xA0, 0xE3, 0xE6, 0xA0, 0xA0, 0xA0, 0xA0, 0xA0, 0xA0, 0xA0, 
    0xA0, 0xA0, 0xA0, 0xA0, 0xA0, 0xA0, 0xE6, 0xE3, 0xA0, 0xA0, 0xA0, 0xA0, 0xA0, 0xA0, 0xA0, 0xA0, 
    0xA0, 0xA0, 0xA0, 0xA0, 0xA0, 0xA0, 0xA0, 0xE3, 0xE3, 0xA0, 0xA0, 0xA0, 0xA0, 0xA0, 0xA0, 0xA0, 
    0xA0, 0xA0, 0xA0, 0xA0, 0xA0, 0xA0, 0xE3, 0xE6, 0xA0, 0xA0, 0xA0, 0xA0, 0xA0, 0xA0, 0xA0, 0xA0, 
    0xA6, 0xA6, 0xA3, 0xA6, 0xA3, 0xA6, 0xB5, 0xE6, 0xA6, 0xA6, 0xA3, 0xA6, 0xA6, 0xA6, 0xA6, 0xA6, 
    0xA6, 0xA6, 0xA6, 0xA6, 0xA6, 0xA0, 0xE6, 0xA6, 0xA6, 0xA3, 0xA6, 0xA3, 0xA6, 0xA3, 0xA6, 0xA6, 
    0xA6, 0xA6, 0xA6, 0xA6, 0xA3, 0xA6, 0xB5, 0xE6, 0xA6, 0xA6, 0xA6, 0xA6, 0xA6, 0xA6, 0xA6, 0xA6, 
    0xA6, 0xA6, 0xA6, 0xA6, 0xA6, 0xA0, 0xE6, 0xA6, 0xA6, 0xA6, 0xA3, 0xA6, 0xA3, 0xA6, 0xA3, 0xA6, 
    0xA3, 0xA3, 0xA6, 0xA3, 0xA6, 0xA3, 0xB8, 0xE6, 0xA6, 0xA3, 0xA6, 0xA3, 0xA3, 0xA3, 0xA3, 0xA6, 
    0xA3, 0xA3, 0xA3, 0xA3, 0xA3, 0xA0, 0xE3, 0xA6, 0xA3, 0xA6, 0xA3, 0xA6, 0xA3, 0xA6, 0xA3, 0xA3, 
    0xA3, 0xA3, 0xA3, 0xA6, 0xA3, 0xA6, 0xB8, 0xE6, 0xA6, 0xA3, 0xA6, 0xA3, 0xA3, 0xA3, 0xA3, 0xA6, 
    0xA3, 0xA3, 0xA3, 0xA3, 0xA3, 0xA0, 0xE3, 0xA6, 0xA3, 0xA3, 0xA6, 0xA3, 0xA6, 0xA3, 0xA6, 0xA3, 
    0xA6, 0xA3, 0xA6, 0xA3, 0xA6, 0xA3, 0xB8, 0xE3, 0xA6, 0xA3, 0xA6, 0xA6, 0xA6, 0xA6, 0xA3, 0xA6, 
    0xA3, 0xA6, 0xA3, 0xA6, 0xA6, 0xA0, 0xE3, 0xA6, 0xA3, 0xA6, 0xA3, 0xA6, 0xA3, 0xA6, 0xA3, 0xA6, 
    0xA6, 0xA6, 0xA3, 0xA6, 0xA3, 0xA3, 0xB8, 0xE3, 0xA6, 0xA3, 0xA6, 0xA3, 0xA6, 0xA6, 0xA3, 0xA6, 
    0xA3, 0xA6, 0xA3, 0xA6, 0xA6, 0xA0, 0xE6, 0xA3, 0xA6, 0xA3, 0xA6, 0xA3, 0xA6, 0xA3, 0xA6, 0xA3, 
    0xA3, 0xA6, 0xA3, 0xA6, 0xA3, 0xA6, 0xB8, 0xE6, 0xA6, 0xA3, 0xA3, 0xA3, 0xA3, 0xA6, 0xA3, 0xA6, 
    0xA3, 0xA6, 0xA3, 0xA6, 0xA3, 0xA0, 0xE6, 0xA6, 0xA3, 0xA6, 0xA3, 0xA6, 0xA3, 0xA6, 0xA3, 0xA6, 
    0xA3, 0xA3, 0xA6, 0xA3, 0xA6, 0xA6, 0xB8, 0xE6, 0xA6, 0xA3, 0xA6, 0xA3, 0xA6, 0xA3, 0xA6, 0xA3, 
    0xA6, 0xA3, 0xA6, 0xA3, 0xA3, 0xA0, 0xE3, 0xA6, 0xA3, 0xA6, 0xA3, 0xA6, 0xA3, 0xA6, 0xA3, 0xA6, 
    0xA3, 0xA6, 0xA3, 0xA6, 0xA3, 0xA6, 0xB8, 0xE6, 0xA6, 0xA3, 0xA6, 0xA6, 0xA3, 0xA6, 0xA3, 0xA6, 
    0xA3, 0xA6, 0xA3, 0xA6, 0xA3, 0xA0, 0xE3, 0xA6, 0xA3, 0xA6, 0xA3, 0xA6, 0xA3, 0xA6, 0xA3, 0xA6, 
    0xA3, 0xA6, 0xA3, 0xA6, 0xA3, 0xA3, 0xB8, 0xE6, 0xA6, 0xA3, 0xA6, 0xA3, 0xB5, 0xA3, 0xA3, 0xA6, 
    0xA3, 0xA6, 0xA3, 0xA6, 0xA3, 0xA0, 0xE6, 0xA6, 0xA3, 0xA6, 0xA3, 0xA6, 0xA3, 0xA6, 0xA3, 0xA6, 
    0xA3, 0xA6, 0xA3, 0xA6, 0xA3, 0xA6, 0xB8, 0xE3, 0xE6, 0xA6, 0xA3, 0xA3, 0xA6, 0xA3, 0xA6, 0xA3, 
    0xA6, 0xA3, 0xA6, 0xA3, 0xA6, 0xA0, 0xE6, 0xA6, 0xA3, 0xA6, 0xA3, 0xA6, 0xA3, 0xA6, 0xA3, 0xA6, 
    0xA3, 0xA6, 0xA3, 0xA6, 0xA3, 0xA6, 0xB8, 0xE3, 0xE6, 0xA6, 0xA3, 0xA3, 0xA3, 0xA3, 0xA3, 0xA6, 
    0xA3, 0xA6, 0xA3, 0xA6, 0xA3, 0xA0, 0xE6, 0xA6, 0xA3, 0xB5, 0xA3, 0xA3, 0xA6, 0xA3, 0xB5, 0xA3, 
    0xE6, 0xE6, 0xE6, 0xE6, 0xE6, 0xE6, 0xE6, 0xE3, 0xE6, 0xE3, 0xE6, 0xE6, 0xE6, 0xE6, 0xE6, 0xE6, 
    0xE6, 0xE6, 0xE6, 0xE6, 0xE6, 0xE6, 0xE6, 0xE6, 0xE6, 0xE6, 0xE6, 0xE6, 0xE6, 0xE6, 0xE6, 0xE6, 
    0xE6, 0xE6, 0xE6, 0xE6, 0xE6, 0xE6, 0xE6, 0xE6, 0xE3, 0xE6, 0xE6, 0xE6, 0xE6, 0xE6, 0xE6, 0xE6, 
    0xE6, 0xE6, 0xE6, 0xE6, 0xE6, 0xE6, 0xE6, 0xE3, 0xE6, 0xE3, 0xE6, 0xE6, 0xE6, 0xE6, 0xE3, 0xE6, 
    0xE3, 0xA0, 0xA0, 0xA0, 0xA0, 0xA0, 0xA0, 0xA0, 0xA0, 0xA0, 0xA0, 0xA0, 0xA0, 0xA0, 0xA0, 0xE6, 
    0xB5, 0xB8, 0xB8, 0xB8, 0xB8, 0xB8, 0xB5, 0xB8, 0xB5, 0xB8, 0xB5, 0xB8, 0xB5, 0xB8, 0xB5, 0xB8, 
    0xE6, 0xA0, 0xA0, 0xA0, 0xA0, 0xA0, 0xA0, 0xA0, 0xA0, 0xA0, 0xA0, 0xA0, 0xA0, 0xA0, 0xA0, 0xE3, 
    0xB8, 0xB8, 0xB8, 0xB8, 0xB8, 0xB8, 0xB5, 0xB8, 0xB8, 0xB8, 0xB5, 0xB8, 0xB5, 0xB8, 0xB8, 0xB8, 
    0xE6, 0xA6, 0xA3, 0xA6, 0xA6, 0xA6, 0xA6, 0xA6, 0xA6, 0xA6, 0xA6, 0xA6, 0xA6, 0xA0, 0xA0, 0xE3, 
    0xA6, 0xA6, 0xA6, 0xA3, 0xA6, 0xA3, 0xA6, 0xA3, 0xA6, 0xA6, 0xA6, 0xA6, 0xA6, 0xA6, 0xB8, 0xB8, 
    0xE6, 0xA6, 0xA3, 0xA6, 0xA6, 0xA6, 0xA6, 0xA6, 0xA6, 0xA6, 0xA6, 0xA6, 0xA6, 0xA0, 0xA0, 0xE3, 
    0xA6, 0xA6, 0xA6, 0xA6, 0xA6, 0xA6, 0xA6, 0xA3, 0xA6, 0xA3, 0xA6, 0xA3, 0xA6, 0xA3, 0xB8, 0xB8, 
    0xE6, 0xA6, 0xA3, 0xA6, 0xA3, 0xA3, 0xA3, 0xA3, 0xA3, 0xA3, 0xA3, 0xA3, 0xA3, 0xA6, 0xA0, 0xE3, 
    0xA6, 0xA3, 0xA3, 0xA6, 0xA3, 0xA6, 0xA3, 0xA6, 0xA3, 0xA3, 0xA3, 0xA3, 0xA3, 0xA3, 0xA6, 0xB8, 
    0xE6, 0xA6, 0xA3, 0xB5, 0xA3, 0xA3, 0xA3, 0xA3, 0xA3, 0xA3, 0xA3, 0xA3, 0xA6, 0xA3, 0xA0, 0xE3, 
    0xA6, 0xA3, 0xA3, 0xA3, 0xA3, 0xA3, 0xA6, 0xA3, 0xA6, 0xA3, 0xA6, 0xA3, 0xA6, 0xA3, 0xA6, 0xB8, 
    0xE3, 0xA6, 0xA3, 0xA6, 0xA3, 0xA6, 0xA6, 0xA6, 0xA6, 0xA6, 0xA6, 0xA6, 0xA3, 0xA3, 0xA0, 0xE6, 
    0xA3, 0xA6, 0xA3, 0xA6, 0xA3, 0xA6, 0xA3, 0xA6, 0xA3, 0xA6, 0xA6, 0xA6, 0xA6, 0xA3, 0xA6, 0xB8, 
    0xE6, 0xA6, 0xA3, 0xA3, 0xA3, 0xA6, 0xA6, 0xA6, 0xB5, 0xA3, 0xA6, 0xA3, 0xB5, 0xA3, 0xA0, 0xE6, 
    0xA3, 0xA6, 0xA6, 0xA6, 0xA6, 0xA3, 0xA6, 0xA3, 0xA6, 0xA3, 0xA6, 0xA3, 0xA6, 0xA3, 0xA3, 0xB8, 
    0xE6, 0xA6, 0xA3, 0xA6, 0xA3, 0xA6, 0xA3, 0xA3, 0xA3, 0xA3, 0xA3, 0xA6, 0xA3, 0xA6, 0xA0, 0xE3, 
    0xB5, 0xA3, 0xA3, 0xA6, 0xA3, 0xB5, 0xA3, 0xA3, 0xA6, 0xA3, 0xA3, 0xA3, 0xB5, 0xA3, 0xA3, 0xB8, 
    0xE6, 0xA6, 0xA3, 0xA3, 0xA6, 0xA3, 0xA3, 0xA3, 0xA3, 0xA3, 0xA3, 0xA3, 0xA3, 0xA3, 0xA0, 0xE3, 
    0xA6, 0xA3, 0xA3, 0xA3, 0xB5, 0xA3, 0xA3, 0xA6, 0xA3, 0xA6, 0xA3, 0xA6, 0xA3, 0xA6, 0xA6, 0xB8, 
    0xE3, 0xA6, 0xA3, 0xA6, 0xA3, 0xA6, 0xA3, 0xA6, 0xB5, 0xA3, 0xA3, 0xA6, 0xA3, 0xB5, 0xA0, 0xE3, 
    0xA3, 0xA3, 0xA3, 0xA6, 0xA3, 0xA3, 0xA3, 0xA3, 0xA6, 0xA3, 0xB5, 0xA3, 0xA3, 0xA3, 0xA3, 0xB8, 
    0xE6, 0xA6, 0xA3, 0xA6, 0xA3, 0xA6, 0xA3, 0xA6, 0xA3, 0xA6, 0xA6, 0xA3, 0xA6, 0xA3, 0xA0, 0xE3, 
    0xA3, 0xB5, 0xA3, 0xA3, 0xA3, 0xA3, 0xA3, 0xA6, 0xA3, 0xB5, 0xA3, 0xA3, 0xA6, 0xA3, 0xA3, 0xB8, 
    0xE3, 0xB8, 0xB8, 0xB8, 0xB8, 0xB8, 0xB8, 0xB8, 0xB5, 0xB8, 0xB8, 0xB8, 0xB8, 0xB8, 0xA0, 0xE6, 
    0xA3, 0xA6, 0xA3, 0xA6, 0xA3, 0xA3, 0xA6, 0xA3, 0xB5, 0xA3, 0xA3, 0xA3, 0xA3, 0xA6, 0xA6, 0xB8, 
    0xE6, 0xB5, 0xB8, 0xB8, 0xB5, 0xB8, 0xB8, 0xB5, 0xB8, 0xB8, 0xB5, 0xB8, 0xB8, 0xB8, 0xA0, 0xE6, 
    0xA3, 0xA3, 0xA3, 0xA3, 0xA6, 0xA3, 0xA6, 0xA3, 0xA3, 0xA3, 0xA3, 0xA3, 0xA6, 0xA3, 0xA6, 0xB8, 
    0xE6, 0xE3, 0xE6, 0xE6, 0xE6, 0xE3, 0xE6, 0xE6, 0xE6, 0xE3, 0xE6, 0xE6, 0xE3, 0xE6, 0xE3, 0xE6, 
    0xE3, 0xE6, 0xE6, 0xE6, 0xE6, 0xE6, 0xE6, 0xE6, 0xE6, 0xE6, 0xE6, 0xE6, 0xE6, 0xE6, 0xE6, 0xE6, 
    0xE3, 0xE6, 0xE6, 0xE6, 0xE6, 0xE3, 0xE6, 0xE6, 0xE3, 0xE6, 0xE6, 0xE3, 0xE6, 0xE3, 0xE6, 0xE3, 
    0xE6, 0xE3, 0xE6, 0xE6, 0xE6, 0xE6, 0xE6, 0xE6, 0xE6, 0xE6, 0xE6, 0xE6, 0xE6, 0xE6, 0xE6, 0xE6, 
    0xB8, 0xB8, 0xB5, 0xB8, 0xB8, 0xB8, 0xB5, 0xE6, 0xE3, 0xA0, 0xA0, 0xA0, 0xA0, 0xA0, 0xA0, 0xA0, 
    0xA0, 0xA0, 0xA0, 0xA0, 0xA0, 0xA0, 0xE3, 0xE6, 0xB5, 0xB8, 0xB5, 0xB8, 0xB8, 0xB8, 0xB5, 0xB8, 
    0xB8, 0xB8, 0xB5, 0xB8, 0xB8, 0xB8, 0xB5, 0xE6, 0xE3, 0xA0, 0xA0, 0xA0, 0xA0, 0xA0, 0xA0, 0xA0, 
    0xA0, 0xA0, 0xA0, 0xA0, 0xA0, 0xA0, 0xE3, 0xE6, 0xB8, 0xB8, 0xB8, 0xB8, 0xB8, 0xB8, 0xB8, 0xB8, 
    0xA3, 0xA6, 0xA6, 0xA6, 0xA6, 0xA6, 0xB8, 0xE6, 0xA6, 0xA6, 0xA3, 0xA6, 0xA3, 0xA6, 0xA3, 0xA6, 
    0xA6, 0xA6, 0xA6, 0xA6, 0xA6, 0xA0, 0xE6, 0xA6, 0xA3, 0xA3, 0xA3, 0xA6, 0xA3, 0xA6, 0xA3, 0xA6, 
    0xA6, 0xA6, 0xA6, 0xA6, 0xA6, 0xA6, 0xB8, 0xE6, 0xA6, 0xA6, 0xA6, 0xA6, 0xA6, 0xA6, 0xA6, 0xA6, 
    0xA6, 0xA6, 0xA6, 0xA6, 0xA6, 0xA0, 0xE6, 0xA6, 0xA6, 0xA6, 0xA6, 0xA6, 0xA6, 0xA6, 0xA6, 0xA3, 
    0xA6, 0xA3, 0xA3, 0xA3, 0xA3, 0xA6, 0xB8, 0xE6, 0xA6, 0xA3, 0xA6, 0xA3, 0xA6, 0xA3, 0xA6, 0xA3, 
    0xA3, 0xA3, 0xA3, 0xA3, 0xA3, 0xA0, 0xE3, 0xA3, 0xA6, 0xA6, 0xA3, 0xA6, 0xA3, 0xA6, 0xA3, 0xA6, 
    0xA3, 0xA3, 0xA3, 0xA3, 0xA3, 0xA6, 0xB8, 0xE6, 0xA6, 0xA3, 0xA6, 0xA3, 0xA3, 0xA3, 0xA3, 0xA3, 
    0xA3, 0xA3, 0xA3, 0xA3, 0xA3, 0xA0, 0xE3, 0xA6, 0xA3, 0xA6, 0xA3, 0xA3, 0xA3, 0xA3, 0xA6, 0xA3, 
    0xA3, 0xA6, 0xA6, 0xA6, 0xA3, 0xA3, 0xB8, 0xE3, 0xA6, 0xA3, 0xA6, 0xA6, 0xA3, 0xA6, 0xA3, 0xA6, 
    0xA6, 0xA6, 0xA6, 0xA6, 0xA3, 0xA0, 0xE3, 0xA6, 0xA3, 0xA3, 0xA6, 0xA3, 0xA6, 0xA3, 0xA6, 0xA3, 
    0xA6, 0xA6, 0xA6, 0xA6, 0xA3, 0xA3, 0xB8, 0xE6, 0xA6, 0xA3, 0xA6, 0xA6, 0xA6, 0xA6, 0xA6, 0xA6, 
    0xA6, 0xA6, 0xA6, 0xA6, 0xA3, 0xA0, 0xE3, 0xA6, 0xA3, 0xB5, 0xA3, 0xA6, 0xA6, 0xA3, 0xA6, 0xA3, 
    0xA3, 0xA3, 0xA3, 0xA6, 0xA3, 0xA6, 0xB8, 0xE6, 0xA3, 0xA6, 0xA3, 0xA3, 0xA6, 0xA3, 0xA6, 0xA3, 
    0xA3, 0xA3, 0xA3, 0xA6, 0xA3, 0xA0, 0xE6, 0xA3, 0xB5, 0xA3, 0xA3, 0xA6, 0xA3, 0xA6, 0xA3, 0xA6, 
    0xA3, 0xA3, 0xA3, 0xA6, 0xA3, 0xA6, 0xB8, 0xE3, 0xA3, 0xA6, 0xA3, 0xA3, 0xA3, 0xA3, 0xA3, 0xA3, 
    0xA3, 0xA3, 0xA3, 0xA6, 0xA3, 0xA0, 0xE6, 0xB5, 0xA3, 0xA3, 0xA3, 0xA3, 0xA3, 0xA6, 0xA3, 0xA6, 
    0xA6, 0xA6, 0xA3, 0xA6, 0xA3, 0xA6, 0xB8, 0xE6, 0xA6, 0xA3, 0xA6, 0xA3, 0xA6, 0xA3, 0xA6, 0xA3, 
    0xB5, 0xA3, 0xA6, 0xA3, 0xB5, 0xA0, 0xE3, 0xA3, 0xA3, 0xA3, 0xA6, 0xA3, 0xA6, 0xA3, 0xA6, 0xA3, 
    0xA6, 0xA6, 0xA3, 0xA6, 0xA3, 0xA6, 0xB8, 0xE6, 0xA6, 0xA3, 0xA6, 0xA6, 0xB5, 0xA3, 0xA6, 0xA6, 
    0xB5, 0xA3, 0xA3, 0xA6, 0xA3, 0xA0, 0xE3, 0xA3, 0xA3, 0xA3, 0xA3, 0xA6, 0xA3, 0xA6, 0xA3, 0xA6, 
    0xA3, 0xA3, 0xA6, 0xA3, 0xA6, 0xA3, 0xB8, 0xE6, 0xB5, 0xB8, 0xB8, 0xB8, 0xB8, 0xB8, 0xB8, 0xB8, 
    0xB5, 0xB8, 0xB8, 0xB8, 0xB8, 0xA0, 0xE3, 0xA6, 0xA3, 0xA6, 0xA3, 0xA6, 0xA3, 0xA6, 0xA3, 0xA6, 
    0xA3, 0xA3, 0xA6, 0xA3, 0xA6, 0xA3, 0xB8, 0xE6, 0xB8, 0xB8, 0xB8, 0xB8, 0xB5, 0xB8, 0xB8, 0xB8, 
    0xB8, 0xB8, 0xB8, 0xB8, 0xB8, 0xA0, 0xE6, 0xA3, 0xA6, 0xA3, 0xA6, 0xA3, 0xA6, 0xA3, 0xB5, 0xA3, 
    0xE6, 0xE6, 0xE6, 0xE6, 0xE6, 0xE6, 0xE6, 0xE3, 0xE6, 0xE6, 0xE3, 0xE6, 0xE6, 0xE3, 0xE6, 0xE6, 
    0xE6, 0xE6, 0xE3, 0xE6, 0xE6, 0xE6, 0xE6, 0xE3, 0xE6, 0xE6, 0xE6, 0xE6, 0xE6, 0xE6, 0xE6, 0xE6, 
    0xE6, 0xE6, 0xE6, 0xE6, 0xE6, 0xE6, 0xE6, 0xE3, 0xE6, 0xE3, 0xE6, 0xE6, 0xE6, 0xE6, 0xE3, 0xE6, 
    0xE3, 0xE6, 0xE3, 0xE6, 0xE6, 0xE6, 0xE3, 0xE3, 0xE6, 0xE3, 0xE6, 0xE6, 0xE6, 0xE6, 0xE3, 0xE6, 
    0xE3, 0xE6, 0xB5, 0xB8, 0xB8, 0xB8, 0xB8, 0xB8, 0xB8, 0xB8, 0xB8, 0xB5, 0xB8, 0xB8, 0xB5, 0xE6, 
    0xE3, 0xA0, 0xA0, 0xA0, 0xA0, 0xA0, 0xA0, 0xA0, 0xA0, 0xA0, 0xA0, 0xA0, 0xA0, 0xA0, 0xA0, 0xA0, 
    0xE6, 0xE6, 0xB5, 0xB8, 0xB8, 0xB8, 0xB8, 0xB8, 0xB8, 0xB8, 0xB5, 0xB8, 0xB5, 0xB8, 0xB5, 0xE6, 
    0xE3, 0xA0, 0xA0, 0xA0, 0xA0, 0xA0, 0xA0, 0xA0, 0xA0, 0xA0, 0xA0, 0xA0, 0xA0, 0xA0, 0xA0, 0xA0, 
    0xE6, 0xB8, 0xB8, 0xA6, 0xA6, 0xA6, 0xA6, 0xA6, 0xA6, 0xA6, 0xA6, 0xA6, 0xA6, 0xA6, 0xB8, 0xE6, 
    0xA6, 0xA3, 0xA6, 0xA3, 0xA6, 0xA3, 0xA6, 0xA6, 0xA6, 0xA6, 0xA6, 0xA6, 0xA6, 0xA6, 0xA6, 0xA0, 
    0xE3, 0xB8, 0xB8, 0xA6, 0xA6, 0xA6, 0xA6, 0xA6, 0xA6, 0xA6, 0xA6, 0xA3, 0xA6, 0xA3, 0xB8, 0xE6, 
    0xA3, 0xA6, 0xA3, 0xA6, 0xA3, 0xA6, 0xA6, 0xA6, 0xA6, 0xA6, 0xA6, 0xA6, 0xA3, 0xA6, 0xA6, 0xA0, 
    0xE3, 0xB8, 0xA6, 0xA3, 0xA3, 0xA3, 0xA3, 0xA3, 0xA3, 0xA3, 0xA3, 0xA3, 0xA3, 0xA6, 0xB8, 0xE3, 
    0xA6, 0xA3, 0xA6, 0xA3, 0xA6, 0xA3, 0xA6, 0xA3, 0xA3, 0xA3, 0xA3, 0xA3, 0xA3, 0xA3, 0xA6, 0xA0, 
    0xE3, 0xB8, 0xA6, 0xA3, 0xA3, 0xA3, 0xA3, 0xA3, 0xA3, 0xA3, 0xA6, 0xA3, 0xA6, 0xA3, 0xB8, 0xE6, 
    0xA6, 0xA3, 0xA6, 0xA3, 0xA6, 0xA3, 0xA3, 0xA3, 0xA3, 0xA3, 0xA3, 0xA6, 0xA3, 0xA3, 0xA3, 0xA0, 
    0xE6, 0xB8, 0xA3, 0xA6, 0xA6, 0xA6, 0xA6, 0xA3, 0xA6, 0xA6, 0xA6, 0xA6, 0xA3, 0xA6, 0xB8, 0xE6, 
    0xA6, 0xA3, 0xA6, 0xA6, 0xA3, 0xA6, 0xA3, 0xA6, 0xA6, 0xA6, 0xB5, 0xA3, 0xA6, 0xA3, 0xB5, 0xA0, 
    0xE3, 0xB8, 0xA3, 0xA6, 0xA6, 0xA6, 0xA6, 0xA3, 0xA6, 0xA6, 0xA3, 0xA6, 0xA3, 0xA6, 0xB8, 0xE6, 
    0xA6, 0xA3, 0xA6, 0xA6, 0xA3, 0xA6, 0xA6, 0xA6, 0xB5, 0xA3, 0xA3, 0xA6, 0xA3, 0xB5, 0xA3, 0xA0, 
    0xE3, 0xB8, 0xA3, 0xA3, 0xA3, 0xA3, 0xA6, 0xA3, 0xA6, 0xA3, 0xA3, 0xA6, 0xA3, 0xA6, 0xB8, 0xE6, 
    0xA3, 0xA6, 0xA3, 0xA3, 0xA6, 0xA3, 0xA6, 0xA3, 0xA3, 0xA3, 0xA3, 0xA3, 0xA3, 0xA3, 0xA3, 0xA0, 
    0xE3, 0xB8, 0xA3, 0xA3, 0xA3, 0xA3, 0xA6, 0xA3, 0xA6, 0xA3, 0xA6, 0xA3, 0xA6, 0xA3, 0xB8, 0xE6, 
    0xA3, 0xA6, 0xA3, 0xA3, 0xA6, 0xA3, 0xA3, 0xA3, 0xA3, 0xA3, 0xA6, 0xA3, 0xA3, 0xA3, 0xA3, 0xA0, 
    0xE6, 0xB8, 0xB8, 0xA6, 0xA6, 0xA6, 0xA3, 0xA6, 0xA3, 0xA6, 0xA3, 0xA6, 0xA3, 0xA6, 0xB8, 0xE6, 
    0xA6, 0xA3, 0xA6, 0xA3, 0xA6, 0xA3, 0xA6, 0xA3, 0xB5, 0xA3, 0xA3, 0xA6, 0xA6, 0xA6, 0xA3, 0xA0, 
    0xE6, 0xB8, 0xB8, 0xA6, 0xA6, 0xA6, 0xA3, 0xB5, 0xA3, 0xA3, 0xA6, 0xA3, 0xA6, 0xA3, 0xB8, 0xE6, 
    0xA6, 0xA3, 0xA6, 0xA3, 0xA6, 0xA3, 0xB5, 0xA3, 0xA3, 0xA3, 0xA6, 0xA3, 0xA6, 0xA6, 0xA3, 0xA0, 
    0xE3, 0xE6, 0xB4, 0xB8, 0xB8, 0xB8, 0xB8, 0xB8, 0xB8, 0xB8, 0xB8, 0xB8, 0xB8, 0xB8, 0xB8, 0xE6, 
    0xB5, 0xB8, 0xB8, 0xB8, 0xB8, 0xB8, 0xB8, 0xB8, 0xB5, 0xB8, 0xB5, 0xB8, 0xB8, 0xB8, 0xB8, 0xA0, 
    0xE3, 0xE6, 0xB8, 0xB8, 0xB8, 0xB8, 0xB8, 0xB8, 0xB8, 0xB8, 0xB8, 0xB8, 0xB8, 0xB8, 0xB8, 0xE6, 
    0xB5, 0xB8, 0xB8, 0xB8, 0xB8, 0xB8, 0xB5, 0xB8, 0xB8, 0xB8, 0xB8, 0xB8, 0xB8, 0xB8, 0xB8, 0xA0, 
    0xE6, 0xE3, 0xE6, 0xE6, 0xE6, 0xE6, 0xE6, 0xE6, 0xE6, 0xE6, 0xE6, 0xE6, 0xE6, 0xE6, 0xE6, 0xE3, 
    0xE6, 0xE6, 0xE6, 0xE3, 0xE6, 0xE6, 0xE6, 0xE6, 0xE6, 0xE3, 0xE6, 0xE6, 0xE3, 0xE6, 0xE3, 0xE6, 
    0xE3, 0xE6, 0xE6, 0xE6, 0xE6, 0xE6, 0xE6, 0xE6, 0xE6, 0xE6, 0xE6, 0xE6, 0xE6, 0xE6, 0xE6, 0xE3, 
    0xE6, 0xE6, 0xE3, 0xE6, 0xE6, 0xE6, 0xE6, 0xE6, 0xE3, 0xE6, 0xE3, 0xE6, 0xE3, 0xE6, 0xE6, 0xE3, 
    0xA0, 0xA0, 0xA0, 0xA0, 0xA0, 0xA0, 0xA0, 0xE3, 0xE3, 0xA0, 0xA0, 0xA0, 0xA0, 0xA0, 0xA0, 0xA0, 
    0xA0, 0xA0, 0xA0, 0xA0, 0xA0, 0xA0, 0xE3, 0xE3, 0xA0, 0xA0, 0xA0, 0xA0, 0xA0, 0xA0, 0xA0, 0xA0, 
    0xA0, 0xA0, 0xA0, 0xA0, 0xA0, 0xA0, 0xA0, 0xE3, 0xE3, 0xA0, 0xA0, 0xA0, 0xA0, 0xA0, 0xA0, 0xA0, 
    0xA0, 0xA0, 0xA0, 0xA0, 0xA0, 0xA0, 0xE3, 0xE3, 0xA0, 0xA0, 0xA0, 0xA0, 0xA0, 0xA0, 0xA0, 0xA0, 
    0xA6, 0xA6, 0xA3, 0xA6, 0xA3, 0xA6, 0xB5, 0xE6, 0xA6, 0xA6, 0xA3, 0xA6, 0xA3, 0xA6, 0xA6, 0xA6, 
    0xA6, 0xA6, 0xA6, 0xA6, 0xA6, 0xA0, 0xE6, 0xA6, 0xA6, 0xA3, 0xA6, 0xA3, 0xA6, 0xA3, 0xA6, 0xA6, 
    0xA6, 0xA6, 0xA6, 0xA6, 0xA3, 0xA6, 0xB5, 0xE6, 0xA6, 0xA3, 0xA6, 0xA3, 0xA6, 0xA6, 0xA6, 0xA6, 
    0xA6, 0xA6, 0xA6, 0xA6, 0xA3, 0xA0, 0xE6, 0xA6, 0xA6, 0xA3, 0xA6, 0xA6, 0xA6, 0xA6, 0xA6, 0xA3, 
    0xA3, 0xA3, 0xA6, 0xA3, 0xA6, 0xA3, 0xB8, 0xE6, 0xA6, 0xA3, 0xA6, 0xA3, 0xA6, 0xA3, 0xA3, 0xA3, 
    0xA3, 0xA3, 0xA3, 0xA3, 0xA3, 0xA0, 0xE3, 0xA6, 0xA3, 0xA6, 0xA3, 0xA6, 0xA3, 0xA6, 0xA3, 0xA3, 
    0xA3, 0xA3, 0xA3, 0xA6, 0xA3, 0xA3, 0xB8, 0xE6, 0xA6, 0xA3, 0xA6, 0xA6, 0xA3, 0xA6, 0xA3, 0xA6, 
    0xA3, 0xA3, 0xA3, 0xA6, 0xA3, 0xA0, 0xE3, 0xA6, 0xA3, 0xA6, 0xA3, 0xA3, 0xA3, 0xA3, 0xA6, 0xA3, 
    0xA6, 0xA3, 0xA6, 0xA3, 0xA6, 0xA3, 0xB8, 0xE3, 0xA6, 0xA3, 0xA6, 0xA3, 0xA6, 0xA3, 0xA6, 0xA6, 
    0xA6, 0xA6, 0xA3, 0xA6, 0xA6, 0xA0, 0xE6, 0xA6, 0xA3, 0xA6, 0xA3, 0xA6, 0xA3, 0xA6, 0xA3, 0xA6, 
    0xA6, 0xA6, 0xA3, 0xA6, 0xA3, 0xA6, 0xB8, 0xE3, 0xA6, 0xA3, 0xA6, 0xA3, 0xA6, 0xA3, 0xA6, 0xA3, 
    0xA6, 0xA6, 0xA3, 0xA6, 0xA3, 0xA0, 0xE6, 0xA6, 0xA3, 0xA6, 0xA3, 0xA6, 0xA6, 0xA3, 0xA6, 0xA3, 
    0xA3, 0xA6, 0xA3, 0xA6, 0xA3, 0xA6, 0xB8, 0xE6, 0xA6, 0xA3, 0xA6, 0xA3, 0xA6, 0xA3, 0xA6, 0xA3, 
    0xA3, 0xA6, 0xA3, 0xA6, 0xA3, 0xA0, 0xE3, 0xA6, 0xA3, 0xA6, 0xA3, 0xA6, 0xA3, 0xA6, 0xA3, 0xA6, 
    0xA3, 0xA3, 0xA6, 0xA3, 0xA6, 0xA3, 0xB8, 0xE6, 0xA6, 0xA3, 0xA6, 0xA3, 0xA6, 0xA3, 0xA6, 0xA3, 
    0xA3, 0xA6, 0xA3, 0xA6, 0xA3, 0xA0, 0xE3, 0xA6, 0xA3, 0xA6, 0xA3, 0xA6, 0xA3, 0xA6, 0xA3, 0xA6, 
    0xA3, 0xA6, 0xA3, 0xA6, 0xA3, 0xA6, 0xB8, 0xE6, 0xA6, 0xA3, 0xA6, 0xA3, 0xA6, 0xA3, 0xA6, 0xA3, 
    0xA6, 0xA3, 0xA6, 0xA3, 0xA6, 0xA0, 0xE6, 0xA6, 0xA3, 0xA6, 0xA3, 0xA6, 0xA3, 0xA6, 0xA3, 0xA6, 
    0xA3, 0xA6, 0xA3, 0xA6, 0xA3, 0xA6, 0xB8, 0xE6, 0xA6, 0xA3, 0xA6, 0xA3, 0xA6, 0xA3, 0xA6, 0xA3, 
    0xA6, 0xA3, 0xA6, 0xA3, 0xA6, 0xA0, 0xE6, 0xA6, 0xA3, 0xA6, 0xA3, 0xA6, 0xA3, 0xA6, 0xA3, 0xA6, 
    0xA3, 0xA6, 0xA3, 0xA6, 0xA3, 0xA6, 0xB8, 0xE3, 0xE6, 0xA6, 0xA3, 0xA6, 0xA3, 0xA6, 0xA3, 0xA6, 
    0xA3, 0xA6, 0xA3, 0xA6, 0xA3, 0xA0, 0xE6, 0xB5, 0xA3, 0xA3, 0xA6, 0xA3, 0xB5, 0xA3, 0xA3, 0xA6, 
    0xA3, 0xB5, 0xA3, 0xA3, 0xA6, 0xA3, 0xB8, 0xE3, 0xE6, 0xA6, 0xA3, 0xA6, 0xA3, 0xA6, 0xA3, 0xA6, 
    0xA3, 0xA6, 0xA3, 0xA6, 0xA3, 0xA0, 0xE6, 0xA6, 0xA3, 0xA6, 0xA3, 0xA6, 0xA3, 0xA6, 0xA3, 0xA6, 
    0xE6, 0xE6, 0xE6, 0xE6, 0xE6, 0xE6, 0xE6, 0xE6, 0xE3, 0xE6, 0xE6, 0xE6, 0xE6, 0xE6, 0xE6, 0xE6, 
    0xE6, 0xE6, 0xE6, 0xE6, 0xE6, 0xE6, 0xE3, 0xE3, 0xE6, 0xE3, 0xE6, 0xE6, 0xE3, 0xE6, 0xE6, 0xE6, 
    0xE6, 0xE3, 0xE6, 0xE6, 0xE6, 0xE6, 0xE6, 0xE3, 0xE6, 0xE3, 0xE6, 0xE6, 0xE6, 0xE6, 0xE6, 0xE6, 
    0xE6, 0xE6, 0xE6, 0xE6, 0xE6, 0xE6, 0xE6, 0xE3, 0xE6, 0xE6, 0xE6, 0xE6, 0xE6, 0xE6, 0xE6, 0xE6
};

uint8_t txt_water[] = {
    0x4C, 0x4D, 0x4C, 0x4C, 0x4C, 0x4C, 0x4C, 0x4C, 0x4C, 0x4C, 0x4C, 0x4C, 0x4C, 0x4C, 0x4C, 0x4C, 
    0x4C, 0x4C, 0x4C, 0x09, 0x09, 0x09, 0x09, 0x4C, 0x09, 0x4C, 0x09, 0x4D, 0x4D, 0x4C, 0x4D, 0x4C, 
    0x4C, 0x4D, 0x4C, 0x4C, 0x4C, 0x4C, 0x4C, 0x4C, 0x4C, 0x4C, 0x4C, 0x4C, 0x4C, 0x4C, 0x4C, 0x4C, 
    0x4C, 0x4C, 0x4C, 0x09, 0x09, 0x09, 0x09, 0x4C, 0x09, 0x4C, 0x09, 0x4D, 0x4D, 0x4C, 0x4D, 0x4C, 
    0x4C, 0x4C, 0x4C, 0x4C, 0x4D, 0x4E, 0x4E, 0x4E, 0x4C, 0x4C, 0x4C, 0x4C, 0x4C, 0x4C, 0x4C, 0x4C, 
    0x4C, 0x4E, 0x4E, 0x4E, 0x4E, 0x4D, 0x4D, 0x09, 0x09, 0x4C, 0x4C, 0x4D, 0x4D, 0x4C, 0x4D, 0x4D, 
    0x4C, 0x4C, 0x4C, 0x4C, 0x4D, 0x4E, 0x4E, 0x4E, 0x4C, 0x4C, 0x4C, 0x4C, 0x4C, 0x4C, 0x4C, 0x4C, 
    0x4C, 0x4E, 0x4E, 0x4E, 0x4E, 0x4D, 0x4D, 0x09, 0x09, 0x4C, 0x4C, 0x4D, 0x4D, 0x4C, 0x4D, 0x4D, 
    0x4C, 0x4C, 0x4C, 0x4D, 0x4E, 0x4E, 0x4E, 0x4E, 0x4E, 0x4E, 0x4C, 0x4C, 0x4C, 0x4C, 0x4E, 0x4D, 
    0x4E, 0x4E, 0x4E, 0x4E, 0x4E, 0x4E, 0x4E, 0x4D, 0x4D, 0x09, 0x09, 0x4C, 0x4D, 0x4D, 0x4C, 0x4C, 
    0x4C, 0x4C, 0x4C, 0x4D, 0x4E, 0x4E, 0x4E, 0x4E, 0x4E, 0x4E, 0x4C, 0x4C, 0x4C, 0x4C, 0x4E, 0x4D, 
    0x4E, 0x4E, 0x4E, 0x4E, 0x4E, 0x4E, 0x4E, 0x4D, 0x4D, 0x09, 0x09, 0x4C, 0x4D, 0x4D, 0x4C, 0x4C, 
    0x4C, 0x4C, 0x4D, 0x4E, 0x4E, 0x4E, 0x4E, 0x4E, 0x4E, 0x4E, 0x4E, 0x4C, 0x4C, 0x4D, 0x4E, 0x4E, 
    0x4E, 0x4E, 0x4E, 0x4E, 0x4E, 0x4E, 0x4E, 0x4E, 0x4E, 0x4E, 0x4E, 0x4E, 0x4E, 0x4D, 0x4D, 0x4C, 
    0x4C, 0x4C, 0x4D, 0x4E, 0x4E, 0x4E, 0x4E, 0x4E, 0x4E, 0x4E, 0x4E, 0x4C, 0x4C, 0x4D, 0x4E, 0x4E, 
    0x4E, 0x4E, 0x4E, 0x4E, 0x4E, 0x4E, 0x4E, 0x4E, 0x4E, 0x4E, 0x4E, 0x4E, 0x4E, 0x4D, 0x4D, 0x4C, 
    0x4C, 0x4D, 0x4D, 0x4E, 0x4E, 0x4E, 0x4E, 0x4E, 0x4E, 0x4E, 0x4E, 0x4C, 0x4C, 0x4E, 0x4E, 0x4E, 
    0x4E, 0x4E, 0x4E, 0x4E, 0x4E, 0x4E, 0x4E, 0x4E, 0x4E, 0x4E, 0x4E, 0x4E, 0x4E, 0x4E, 0x4C, 0x4C, 
    0x4C, 0x4D, 0x4D, 0x4E, 0x4E, 0x4E, 0x4E, 0x4E, 0x4E, 0x4E, 0x4E, 0x4C, 0x4C, 0x4E, 0x4E, 0x4E, 
    0x4E, 0x4E, 0x4E, 0x4E, 0x4E, 0x4E, 0x4E, 0x4E, 0x4E, 0x4E, 0x4E, 0x4E, 0x4E, 0x4E, 0x4C, 0x4C, 
    0x4C, 0x4D, 0x4D, 0x4D, 0x4E, 0x4E, 0x4E, 0x4E, 0x4E, 0x4E, 0x4D, 0x4C, 0x4C, 0x4C, 0x4E, 0x4E, 
    0x4E, 0x4E, 0x4E, 0x4E, 0x4E, 0x4E, 0x4E, 0x4E, 0x4E, 0x4E, 0x4E, 0x4E, 0x4E, 0x4E, 0x4E, 0x09, 
    0x4C, 0x4D, 0x4D, 0x4D, 0x4E, 0x4E, 0x4E, 0x4E, 0x4E, 0x4E, 0x4D, 0x4C, 0x4C, 0x4C, 0x4E, 0x4E, 
    0x4E, 0x4E, 0x4E, 0x4E, 0x4E, 0x4E, 0x4E, 0x4E, 0x4E, 0x4E, 0x4E, 0x4E, 0x4E, 0x4E, 0x4E, 0x09, 
    0x4C, 0x4D, 0x4D, 0x4D, 0x4D, 0x4D, 0x4D, 0x4D, 0x4D, 0x4D, 0x4C, 0x4E, 0x4E, 0x4C, 0x4E, 0x4E, 
    0x4E, 0x4E, 0x4E, 0x4E, 0x4E, 0x4E, 0x4E, 0x4E, 0x4E, 0x4E, 0x4E, 0x4E, 0x4E, 0x4E, 0x4E, 0x4D, 
    0x4C, 0x4D, 0x4D, 0x4D, 0x4D, 0x4D, 0x4D, 0x4D, 0x4D, 0x4D, 0x4C, 0x4E, 0x4E, 0x4C, 0x4E, 0x4E, 
    0x4E, 0x4E, 0x4E, 0x4E, 0x4E, 0x4E, 0x4E, 0x4E, 0x4E, 0x4E, 0x4E, 0x4E, 0x4E, 0x4E, 0x4E, 0x4D, 
    0x4E, 0x4E, 0x4E, 0x4E, 0x4E, 0x4E, 0x4D, 0x4D, 0x4D, 0x4C, 0x4C, 0x4E, 0x4E, 0x4E, 0x4C, 0x4E, 
    0x4E, 0x4E, 0x4E, 0x4E, 0x4E, 0x4E, 0x4E, 0x4E, 0x4E, 0x4E, 0x4E, 0x4E, 0x4E, 0x4E, 0x4D, 0x09, 
    0x4E, 0x4E, 0x4E, 0x4E, 0x4E, 0x4E, 0x4D, 0x4D, 0x4D, 0x4C, 0x4C, 0x4E, 0x4E, 0x4E, 0x4C, 0x4E, 
    0x4E, 0x4E, 0x4E, 0x4E, 0x4E, 0x4E, 0x4E, 0x4E, 0x4E, 0x4E, 0x4E, 0x4E, 0x4E, 0x4E, 0x4D, 0x09, 
    0x4E, 0x4E, 0x4E, 0x4E, 0x4E, 0x4E, 0x4E, 0x4D, 0x4C, 0x4C, 0x4E, 0x4E, 0x4E, 0x4E, 0x4D, 0x4C, 
    0x4E, 0x4E, 0x4D, 0x4D, 0x4E, 0x4E, 0x4E, 0x4E, 0x4E, 0x4E, 0x4E, 0x4E, 0x4E, 0x4D, 0x4D, 0x4C, 
    0x4E, 0x4E, 0x4E, 0x4E, 0x4E, 0x4E, 0x4E, 0x4E, 0x4C, 0x4C, 0x4E, 0x4E, 0x4E, 0x4E, 0x4D, 0x4C, 
    0x4E, 0x4E, 0x4D, 0x4D, 0x4E, 0x4E, 0x4E, 0x4E, 0x4E, 0x4E, 0x4E, 0x4E, 0x4E, 0x4D, 0x4D, 0x4C, 
    0x4E, 0x4E, 0x4E, 0x4E, 0x4E, 0x4E, 0x4E, 0x4D, 0x4C, 0x4D, 0x4E, 0x4C, 0x4C, 0x4D, 0x4D, 0x4D, 
    0x4C, 0x4C, 0x4D, 0x4D, 0x4D, 0x4D, 0x4E, 0x4E, 0x4E, 0x4E, 0x4E, 0x4E, 0x4D, 0x4D, 0x09, 0x4C, 
    0x4E, 0x4E, 0x4E, 0x4E, 0x4E, 0x4E, 0x4E, 0x4D, 0x4C, 0x4D, 0x4E, 0x4C, 0x4C, 0x4D, 0x4D, 0x4D, 
    0x4C, 0x4C, 0x4D, 0x4D, 0x4D, 0x4D, 0x4E, 0x4E, 0x4E, 0x4E, 0x4E, 0x4E, 0x4D, 0x4D, 0x09, 0x4C, 
    0x4D, 0x4D, 0x4D, 0x4E, 0x4E, 0x4E, 0x4D, 0x4C, 0x4C, 0x4C, 0x4C, 0x4C, 0x4C, 0x4C, 0x4C, 0x4C, 
    0x4C, 0x4C, 0x4C, 0x4C, 0x4C, 0x4C, 0x09, 0x4D, 0x4D, 0x4D, 0x4D, 0x4D, 0x4D, 0x4D, 0x4C, 0x4C, 
    0x4D, 0x4D, 0x4E, 0x4E, 0x4E, 0x4E, 0x4D, 0x4C, 0x4C, 0x4C, 0x4C, 0x4C, 0x4C, 0x4C, 0x4C, 0x4C, 
    0x4C, 0x4C, 0x4C, 0x4C, 0x4C, 0x4C, 0x09, 0x4D, 0x4D, 0x4D, 0x4D, 0x4D, 0x4D, 0x4D, 0x4C, 0x4C, 
    0x4D, 0x4D, 0x4D, 0x4D, 0x4C, 0x09, 0x4C, 0x4C, 0x09, 0x4E, 0x4E, 0x4E, 0x4E, 0x4E, 0x4E, 0x09, 
    0x09, 0x4C, 0x09, 0x09, 0x09, 0x4E, 0x4C, 0x4C, 0x4C, 0x4C, 0x4C, 0x4C, 0x4C, 0x4C, 0x4C, 0x4D, 
    0x4D, 0x4D, 0x4D, 0x4D, 0x4C, 0x09, 0x4C, 0x4C, 0x09, 0x4E, 0x4E, 0x4E, 0x4E, 0x4E, 0x4E, 0x09, 
    0x09, 0x4C, 0x09, 0x09, 0x09, 0x4E, 0x4C, 0x4C, 0x4C, 0x4C, 0x4C, 0x4C, 0x4C, 0x4C, 0x4C, 0x4D, 
    0x4D, 0x4D, 0x4D, 0x4E, 0x09, 0x4C, 0x4C, 0x4D, 0x4E, 0x4E, 0x4E, 0x4E, 0x4E, 0x4E, 0x4E, 0x4E, 
    0x4E, 0x4E, 0x4E, 0x4D, 0x4E, 0x4E, 0x4E, 0x09, 0x4D, 0x4C, 0x4C, 0x4C, 0x4D, 0x4E, 0x4D, 0x4D, 
    0x4D, 0x4D, 0x4D, 0x4D, 0x09, 0x4C, 0x4C, 0x4D, 0x4E, 0x4E, 0x4E, 0x4E, 0x4E, 0x4E, 0x4E, 0x4E, 
    0x4E, 0x4E, 0x4E, 0x4E, 0x4E, 0x4E, 0x4E, 0x09, 0x4D, 0x4C, 0x4C, 0x4C, 0x4D, 0x4E, 0x4D, 0x4D, 
    0x4E, 0x4E, 0x4E, 0x4E, 0x4E, 0x4C, 0x4E, 0x4E, 0x4E, 0x4E, 0x4E, 0x4E, 0x4E, 0x4E, 0x4E, 0x4E, 
    0x4E, 0x4E, 0x4E, 0x4E, 0x4E, 0x4E, 0x4E, 0x4E, 0x4D, 0x4E, 0x4C, 0x4D, 0x4D, 0x4D, 0x4E, 0x4E, 
    0x4E, 0x4E, 0x4E, 0x4E, 0x4E, 0x4C, 0x4E, 0x4E, 0x4E, 0x4E, 0x4E, 0x4E, 0x4E, 0x4E, 0x4E, 0x4E, 
    0x4E, 0x4E, 0x4E, 0x4E, 0x4E, 0x4E, 0x4E, 0x4E, 0x4D, 0x4E, 0x4C, 0x4D, 0x4D, 0x4D, 0x4E, 0x4E, 
    0x4E, 0x4E, 0x4E, 0x4E, 0x4E, 0x4C, 0x4E, 0x4E, 0x4E, 0x4E, 0x4E, 0x4E, 0x4E, 0x4E, 0x4E, 0x4E, 
    0x4E, 0x4E, 0x4E, 0x4E, 0x4E, 0x4E, 0x4E, 0x4E, 0x4E, 0x4D, 0x4C, 0x4D, 0x4E, 0x4E, 0x4E, 0x4E, 
    0x4E, 0x4E, 0x4E, 0x4E, 0x4E, 0x4C, 0x4E, 0x4E, 0x4E, 0x4E, 0x4E, 0x4E, 0x4E, 0x4E, 0x4E, 0x4E, 
    0x4E, 0x4E, 0x4E, 0x4E, 0x4E, 0x4E, 0x4E, 0x4E, 0x4E, 0x4D, 0x4C, 0x4D, 0x4E, 0x4E, 0x4E, 0x4E, 
    0x4E, 0x4E, 0x4E, 0x4E, 0x4E, 0x4C, 0x4D, 0x4E, 0x4E, 0x4E, 0x4E, 0x4E, 0x4E, 0x4E, 0x4E, 0x4E, 
    0x4E, 0x4E, 0x4E, 0x4E, 0x4E, 0x4E, 0x4E, 0x4E, 0x4E, 0x4D, 0x4C, 0x4E, 0x4E, 0x4E, 0x4E, 0x4E, 
    0x4E, 0x4E, 0x4E, 0x4E, 0x4E, 0x4C, 0x09, 0x4E, 0x4E, 0x4E, 0x4E, 0x4E, 0x4E, 0x4E, 0x4E, 0x4E, 
    0x4E, 0x4E, 0x4E, 0x4E, 0x4E, 0x4E, 0x4E, 0x4E, 0x4E, 0x4D, 0x4C, 0x4E, 0x4E, 0x4E, 0x4E, 0x4E, 
    0x4E, 0x4E, 0x4E, 0x4E, 0x4E, 0x09, 0x4C, 0x4C, 0x4E, 0x4E, 0x4E, 0x4E, 0x4E, 0x4E, 0x4E, 0x4E, 
    0x4E, 0x4E, 0x4E, 0x4E, 0x4E, 0x4E, 0x4E, 0x4E, 0x4E, 0x4E, 0x4C, 0x4E, 0x4E, 0x4E, 0x4E, 0x4E, 
    0x4E, 0x4E, 0x4E, 0x4E, 0x4E, 0x09, 0x4C, 0x4C, 0x4E, 0x4E, 0x4E, 0x4E, 0x4E, 0x4E, 0x4E, 0x4E, 
    0x4E, 0x4E, 0x4E, 0x4E, 0x4E, 0x4E, 0x4E, 0x4E, 0x4E, 0x4E, 0x4C, 0x4E, 0x4E, 0x4E, 0x4E, 0x4E, 
    0x4E, 0x4E, 0x4E, 0x4E, 0x4E, 0x4E, 0x4E, 0x4D, 0x4C, 0x4C, 0x4C, 0x4C, 0x4C, 0x4C, 0x4C, 0x4E, 
    0x4D, 0x4D, 0x4E, 0x4E, 0x4E, 0x4E, 0x4E, 0x4E, 0x4E, 0x4C, 0x09, 0x4E, 0x4E, 0x4E, 0x4E, 0x4E, 
    0x4E, 0x4E, 0x4E, 0x4E, 0x4E, 0x4E, 0x4E, 0x4D, 0x4C, 0x4C, 0x4C, 0x4C, 0x4C, 0x4C, 0x4C, 0x4E, 
    0x4D, 0x4D, 0x4E, 0x4E, 0x4E, 0x4E, 0x4E, 0x4E, 0x4E, 0x4C, 0x09, 0x4E, 0x4E, 0x4E, 0x4E, 0x4E, 
    0x4E, 0x4E, 0x4E, 0x4E, 0x4E, 0x4E, 0x4E, 0x4E, 0x4E, 0x4D, 0x4D, 0x09, 0x4C, 0x4C, 0x09, 0x4C, 
    0x09, 0x4C, 0x09, 0x4E, 0x4E, 0x4E, 0x4E, 0x4E, 0x4E, 0x4C, 0x4E, 0x4E, 0x4E, 0x4E, 0x4E, 0x4E, 
    0x4E, 0x4E, 0x4E, 0x4E, 0x4E, 0x4E, 0x4E, 0x4E, 0x4E, 0x4D, 0x4D, 0x09, 0x4C, 0x4C, 0x09, 0x4C, 
    0x09, 0x4C, 0x09, 0x4E, 0x4E, 0x4E, 0x4E, 0x4E, 0x4E, 0x4C, 0x4D, 0x4E, 0x4E, 0x4E, 0x4E, 0x4E, 
    0x4E, 0x4E, 0x4E, 0x4E, 0x4E, 0x4E, 0x4E, 0x4E, 0x4D, 0x4D, 0x4D, 0x4C, 0x4C, 0x09, 0x4D, 0x4E, 
    0x4E, 0x09, 0x09, 0x4D, 0x4E, 0x4E, 0x4E, 0x4E, 0x4D, 0x4C, 0x4D, 0x4E, 0x4E, 0x4E, 0x4E, 0x4E, 
    0x4E, 0x4E, 0x4E, 0x4E, 0x4E, 0x4E, 0x4E, 0x4E, 0x4D, 0x4D, 0x4D, 0x4C, 0x4C, 0x09, 0x4D, 0x4E, 
    0x4E, 0x09, 0x09, 0x4D, 0x4E, 0x4E, 0x4E, 0x4E, 0x4D, 0x4C, 0x4E, 0x4E, 0x4E, 0x4E, 0x4E, 0x4E, 
    0x4E, 0x4E, 0x4E, 0x4E, 0x4E, 0x4D, 0x4D, 0x09, 0x4C, 0x4C, 0x4C, 0x4C, 0x09, 0x4E, 0x4E, 0x4E, 
    0x4E, 0x4E, 0x4E, 0x4C, 0x4C, 0x4C, 0x4C, 0x4C, 0x4D, 0x4E, 0x4C, 0x4C, 0x4E, 0x4D, 0x4E, 0x4E, 
    0x4E, 0x4E, 0x4E, 0x4E, 0x4E, 0x4D, 0x4D, 0x09, 0x4C, 0x4C, 0x4C, 0x4C, 0x09, 0x4E, 0x4E, 0x4E, 
    0x4E, 0x4E, 0x4E, 0x4C, 0x4C, 0x4C, 0x4C, 0x4C, 0x4D, 0x4E, 0x4C, 0x4C, 0x4E, 0x4D, 0x4E, 0x4E, 
    0x09, 0x4D, 0x4D, 0x4D, 0x09, 0x4C, 0x4C, 0x4C, 0x09, 0x09, 0x09, 0x4D, 0x4D, 0x4D, 0x4E, 0x4E, 
    0x4E, 0x4E, 0x4E, 0x4E, 0x4D, 0x4D, 0x4D, 0x4E, 0x4D, 0x4D, 0x4D, 0x4D, 0x4C, 0x09, 0x09, 0x4C, 
    0x4D, 0x4D, 0x4D, 0x4D, 0x09, 0x4C, 0x4C, 0x4C, 0x09, 0x09, 0x09, 0x4D, 0x4D, 0x4D, 0x4E, 0x4E, 
    0x4E, 0x4E, 0x4E, 0x4E, 0x4D, 0x4D, 0x4D, 0x4D, 0x4D, 0x4D, 0x4D, 0x4D, 0x4C, 0x09, 0x09, 0x4C, 
    0x4C, 0x4C, 0x4C, 0x4C, 0x4C, 0x4C, 0x4E, 0x4E, 0x4E, 0x4E, 0x4E, 0x4E, 0x4E, 0x4D, 0x4D, 0x4D, 
    0x4D, 0x4E, 0x4E, 0x4E, 0x4D, 0x4D, 0x4D, 0x4D, 0x4D, 0x4D, 0x4D, 0x4D, 0x4D, 0x4C, 0x4C, 0x4C, 
    0x4C, 0x4C, 0x4C, 0x4C, 0x4C, 0x4C, 0x4E, 0x4E, 0x4E, 0x4E, 0x4E, 0x4E, 0x4E, 0x4D, 0x09, 0x4D, 
    0x4D, 0x4E, 0x4E, 0x4E, 0x4D, 0x4D, 0x4D, 0x4D, 0x4D, 0x4D, 0x4D, 0x4D, 0x4D, 0x4C, 0x4C, 0x4C, 
    0x4C, 0x4C, 0x4C, 0x4C, 0x4E, 0x4E, 0x4E, 0x4E, 0x4E, 0x4E, 0x4E, 0x4E, 0x4E, 0x4E, 0x4E, 0x4E, 
    0x4E, 0x4D, 0x4E, 0x4D, 0x4D, 0x4D, 0x4D, 0x4D, 0x4D, 0x4E, 0x4E, 0x4E, 0x4E, 0x4D, 0x4D, 0x4C, 
    0x4C, 0x4C, 0x4C, 0x4C, 0x4E, 0x4E, 0x4E, 0x4E, 0x4E, 0x4E, 0x4E, 0x4E, 0x4E, 0x4E, 0x4E, 0x4E, 
    0x4E, 0x4D, 0x4E, 0x4D, 0x4D, 0x4E, 0x4D, 0x4D, 0x4D, 0x4E, 0x4E, 0x4E, 0x4E, 0x4D, 0x4D, 0x4C, 
    0x4C, 0x4C, 0x4C, 0x4D, 0x4E, 0x4E, 0x4E, 0x4E, 0x4E, 0x4E, 0x4E, 0x4E, 0x4E, 0x4E, 0x4E, 0x4E, 
    0x4E, 0x4D, 0x4D, 0x4D, 0x4D, 0x4E, 0x4E, 0x4E, 0x4E, 0x4E, 0x4E, 0x4E, 0x4E, 0x4E, 0x4D, 0x4C, 
    0x4C, 0x4C, 0x4C, 0x4D, 0x4E, 0x4E, 0x4E, 0x4E, 0x4E, 0x4E, 0x4E, 0x4E, 0x4E, 0x4E, 0x4E, 0x4E, 
    0x4E, 0x4D, 0x4D, 0x4D, 0x4D, 0x4E, 0x4E, 0x4E, 0x4E, 0x4E, 0x4E, 0x4E, 0x4E, 0x4E, 0x4D, 0x4C, 
    0x4C, 0x4C, 0x09, 0x4D, 0x4E, 0x4E, 0x4E, 0x4E, 0x4E, 0x4E, 0x4E, 0x4E, 0x4E, 0x4E, 0x4E, 0x4E, 
    0x4E, 0x4E, 0x4C, 0x4E, 0x4E, 0x4E, 0x4E, 0x4E, 0x4E, 0x4E, 0x4E, 0x4E, 0x4E, 0x4E, 0x4E, 0x4D, 
    0x4C, 0x4C, 0x09, 0x09, 0x4E, 0x4E, 0x4E, 0x4E, 0x4E, 0x4E, 0x4E, 0x4E, 0x4E, 0x4E, 0x4E, 0x4E, 
    0x4E, 0x4E, 0x4C, 0x4E, 0x4E, 0x4E, 0x4E, 0x4E, 0x4E, 0x4E, 0x4E, 0x4E, 0x4E, 0x4E, 0x4E, 0x4D, 
    0x09, 0x4C, 0x09, 0x4D, 0x4D, 0x4E, 0x4E, 0x4E, 0x4E, 0x4E, 0x4E, 0x4E, 0x4E, 0x4E, 0x4E, 0x4E, 
    0x4E, 0x4C, 0x4E, 0x4E, 0x4E, 0x4E, 0x4E, 0x4E, 0x4E, 0x4E, 0x4E, 0x4E, 0x4E, 0x4E, 0x4E, 0x4E, 
    0x09, 0x4C, 0x09, 0x4D, 0x4D, 0x4E, 0x4E, 0x4E, 0x4E, 0x4E, 0x4E, 0x4E, 0x4E, 0x4E, 0x4E, 0x4E, 
    0x4E, 0x4C, 0x4E, 0x4E, 0x4E, 0x4E, 0x4E, 0x4E, 0x4E, 0x4E, 0x4E, 0x4E, 0x4E, 0x4E, 0x4E, 0x4E, 
    0x09, 0x4C, 0x4C, 0x09, 0x4D, 0x4E, 0x4E, 0x4D, 0x4E, 0x4E, 0x4E, 0x4E, 0x4E, 0x4E, 0x4E, 0x4E, 
    0x09, 0x4C, 0x4D, 0x4E, 0x4E, 0x4E, 0x4E, 0x4E, 0x4E, 0x4E, 0x4E, 0x4E, 0x4E, 0x4E, 0x4E, 0x4E, 
    0x4D, 0x4C, 0x4C, 0x09, 0x4D, 0x4E, 0x4E, 0x4D, 0x4E, 0x4E, 0x4E, 0x4E, 0x4E, 0x4E, 0x4E, 0x4E, 
    0x09, 0x4C, 0x4D, 0x4E, 0x4E, 0x4E, 0x4E, 0x4E, 0x4E, 0x4E, 0x4E, 0x4E, 0x4E, 0x4E, 0x4E, 0x4E, 
    0x09, 0x4C, 0x4C, 0x4C, 0x4C, 0x4C, 0x4C, 0x4C, 0x4C, 0x4C, 0x4C, 0x4D, 0x09, 0x09, 0x4C, 0x4C, 
    0x4C, 0x09, 0x4E, 0x4E, 0x4E, 0x4E, 0x4E, 0x4E, 0x4E, 0x4E, 0x4E, 0x4E, 0x4E, 0x4E, 0x4E, 0x4E, 
    0x4D, 0x4C, 0x4C, 0x4C, 0x4C, 0x4C, 0x4C, 0x4C, 0x4C, 0x4C, 0x4C, 0x09, 0x09, 0x09, 0x4C, 0x4C, 
    0x4C, 0x09, 0x4E, 0x4E, 0x4E, 0x4E, 0x4E, 0x4E, 0x4E, 0x4E, 0x4E, 0x4E, 0x4E, 0x4E, 0x4E, 0x4E, 
    0x09, 0x4C, 0x4C, 0x4E, 0x4E, 0x4E, 0x4E, 0x4E, 0x4E, 0x4E, 0x09, 0x4C, 0x4C, 0x4C, 0x4E, 0x4E, 
    0x09, 0x4D, 0x4D, 0x4E, 0x4E, 0x4D, 0x4D, 0x4E, 0x4E, 0x4E, 0x4E, 0x4E, 0x4E, 0x4E, 0x4E, 0x4D, 
    0x4D, 0x4C, 0x4C, 0x4E, 0x4E, 0x4E, 0x4E, 0x4E, 0x4E, 0x4E, 0x09, 0x4C, 0x4C, 0x4C, 0x4E, 0x4E, 
    0x09, 0x4D, 0x4D, 0x4E, 0x4E, 0x4D, 0x4D, 0x4E, 0x4E, 0x4E, 0x4E, 0x4E, 0x4E, 0x4E, 0x4E, 0x4D, 
    0x4C, 0x4C, 0x4D, 0x4E, 0x4E, 0x4E, 0x4E, 0x4E, 0x4E, 0x4E, 0x4E, 0x4E, 0x4E, 0x4E, 0x4E, 0x4E, 
    0x4E, 0x4E, 0x4D, 0x09, 0x09, 0x4C, 0x4C, 0x4C, 0x4E, 0x09, 0x4C, 0x09, 0x4E, 0x4E, 0x4D, 0x4C, 
    0x4C, 0x4C, 0x09, 0x4E, 0x4E, 0x4E, 0x4E, 0x4E, 0x4E, 0x4E, 0x4E, 0x4E, 0x4E, 0x4E, 0x4E, 0x4E, 
    0x4E, 0x4E, 0x09, 0x09, 0x09, 0x4C, 0x4C, 0x4C, 0x4E, 0x09, 0x4C, 0x09, 0x4E, 0x4E, 0x4D, 0x4C, 
    0x4D, 0x4D, 0x4D, 0x4E, 0x4E, 0x4E, 0x4C, 0x4C, 0x4C, 0x4C, 0x4C, 0x4E, 0x4E, 0x4E, 0x4E, 0x4E, 
    0x4C, 0x4C, 0x4C, 0x4C, 0x4C, 0x4C, 0x4C, 0x4C, 0x4C, 0x4C, 0x4C, 0x4C, 0x4C, 0x4C, 0x4C, 0x4C, 
    0x4D, 0x4E, 0x4D, 0x4E, 0x4E, 0x4E, 0x4C, 0x4C, 0x4C, 0x4C, 0x4C, 0x4E, 0x4E, 0x4E, 0x4E, 0x4E, 
    0x4C, 0x4C, 0x4C, 0x4C, 0x4C, 0x4C, 0x4C, 0x4C, 0x4C, 0x4C, 0x4C, 0x4C, 0x4C, 0x4C, 0x4C, 0x4C, 
    0x4C, 0x4D, 0x4C, 0x4C, 0x4C, 0x4C, 0x4C, 0x4C, 0x4C, 0x4C, 0x4C, 0x4C, 0x4C, 0x4C, 0x4C, 0x4C, 
    0x4C, 0x4C, 0x4C, 0x09, 0x09, 0x09, 0x09, 0x4C, 0x09, 0x4C, 0x09, 0x4D, 0x4E, 0x4C, 0x4D, 0x4C, 
    0x4C, 0x4D, 0x4C, 0x4C, 0x4C, 0x4C, 0x4C, 0x4C, 0x4C, 0x4C, 0x4C, 0x4C, 0x4C, 0x4C, 0x4C, 0x4C, 
    0x4C, 0x4C, 0x4C, 0x09, 0x09, 0x09, 0x09, 0x4C, 0x09, 0x4C, 0x09, 0x4D, 0x4E, 0x4C, 0x4D, 0x4C, 
    0x4C, 0x4C, 0x4C, 0x4C, 0x4E, 0x4E, 0x4E, 0x4E, 0x4C, 0x4C, 0x4C, 0x4C, 0x4C, 0x4C, 0x4C, 0x4C, 
    0x4C, 0x4E, 0x4E, 0x4E, 0x4E, 0x4D, 0x4D, 0x09, 0x09, 0x4C, 0x4C, 0x4D, 0x4D, 0x4C, 0x4D, 0x4D, 
    0x4C, 0x4C, 0x4C, 0x4C, 0x4D, 0x4E, 0x4E, 0x4E, 0x4C, 0x4C, 0x4C, 0x4C, 0x4C, 0x4C, 0x4C, 0x4C, 
    0x4C, 0x4E, 0x4E, 0x4E, 0x4E, 0x4D, 0x4D, 0x09, 0x4D, 0x4C, 0x4C, 0x4D, 0x4D, 0x4C, 0x4D, 0x4D, 
    0x4C, 0x4C, 0x4C, 0x4D, 0x4E, 0x4E, 0x4E, 0x4E, 0x4E, 0x4E, 0x4C, 0x4C, 0x4C, 0x4C, 0x4E, 0x4E, 
    0x4E, 0x4E, 0x4E, 0x4E, 0x4E, 0x4E, 0x4E, 0x4D, 0x4D, 0x09, 0x09, 0x4C, 0x4D, 0x4D, 0x4C, 0x4C, 
    0x4C, 0x4C, 0x4C, 0x4D, 0x4E, 0x4E, 0x4E, 0x4E, 0x4E, 0x4E, 0x4C, 0x4C, 0x4C, 0x4C, 0x4E, 0x4E, 
    0x4E, 0x4E, 0x4E, 0x4E, 0x4E, 0x4E, 0x4E, 0x4D, 0x09, 0x09, 0x09, 0x4C, 0x4D, 0x4D, 0x4C, 0x4C, 
    0x4C, 0x4C, 0x4D, 0x4E, 0x4E, 0x4E, 0x4E, 0x4E, 0x4E, 0x4E, 0x4E, 0x4C, 0x4C, 0x09, 0x4E, 0x4E, 
    0x4E, 0x4E, 0x4E, 0x4E, 0x4E, 0x4E, 0x4E, 0x4E, 0x4E, 0x4E, 0x4E, 0x4E, 0x4E, 0x4D, 0x4D, 0x4C, 
    0x4C, 0x4C, 0x4D, 0x4E, 0x4E, 0x4E, 0x4E, 0x4E, 0x4E, 0x4E, 0x4E, 0x4C, 0x4C, 0x09, 0x4E, 0x4E, 
    0x4E, 0x4E, 0x4E, 0x4E, 0x4E, 0x4E, 0x4E, 0x4E, 0x4E, 0x4E, 0x4E, 0x4E, 0x4E, 0x4D, 0x4D, 0x4C, 
    0x4C, 0x4D, 0x4D, 0x4E, 0x4E, 0x4E, 0x4E, 0x4E, 0x4E, 0x4E, 0x4E, 0x4C, 0x4C, 0x4E, 0x4E, 0x4E, 
    0x4E, 0x4E, 0x4E, 0x4E, 0x4E, 0x4E, 0x4E, 0x4E, 0x4E, 0x4E, 0x4E, 0x4E, 0x4E, 0x4E, 0x4C, 0x4C, 
    0x4C, 0x4E, 0x4D, 0x4E, 0x4E, 0x4E, 0x4E, 0x4E, 0x4E, 0x4E, 0x4E, 0x4C, 0x4C, 0x4E, 0x4E, 0x4E, 
    0x4E, 0x4E, 0x4E, 0x4E, 0x4E, 0x4E, 0x4E, 0x4E, 0x4E, 0x4E, 0x4E, 0x4E, 0x4E, 0x4E, 0x4C, 0x4C, 
    0x4C, 0x4D, 0x4D, 0x4D, 0x4E, 0x4E, 0x4E, 0x4E, 0x4E, 0x4E, 0x4E, 0x4C, 0x4C, 0x4C, 0x4E, 0x4E, 
    0x4E, 0x4E, 0x4E, 0x4E, 0x4E, 0x4E, 0x4E, 0x4E, 0x4E, 0x4E, 0x4E, 0x4E, 0x4E, 0x4E, 0x4E, 0x09, 
    0x4C, 0x4D, 0x4D, 0x4D, 0x4E, 0x4E, 0x4E, 0x4E, 0x4E, 0x4E, 0x4E, 0x4C, 0x4C, 0x4C, 0x4E, 0x4E, 
    0x4E, 0x4E, 0x4E, 0x4E, 0x4E, 0x4E, 0x4E, 0x4E, 0x4E, 0x4E, 0x4E, 0x4E, 0x4E, 0x4E, 0x4E, 0x09, 
    0x4C, 0x4D, 0x4D, 0x4D, 0x4D, 0x4D, 0x4D, 0x4D, 0x4E, 0x4D, 0x4C, 0x4E, 0x4E, 0x4C, 0x4E, 0x4E, 
    0x4E, 0x4E, 0x4E, 0x4E, 0x4E, 0x4E, 0x4E, 0x4E, 0x4E, 0x4E, 0x4E, 0x4E, 0x4E, 0x4E, 0x4E, 0x4D, 
    0x4C, 0x4D, 0x4D, 0x4D, 0x4D, 0x4D, 0x4D, 0x4E, 0x4D, 0x4D, 0x4C, 0x4E, 0x4E, 0x4C, 0x4E, 0x4E, 
    0x4E, 0x4E, 0x4E, 0x4E, 0x4E, 0x4E, 0x4E, 0x4E, 0x4E, 0x4E, 0x4E, 0x4E, 0x4E, 0x4E, 0x4E, 0x4D, 
    0x4E, 0x4E, 0x4E, 0x4E, 0x4E, 0x4E, 0x4D, 0x4D, 0x4D, 0x4C, 0x4C, 0x4E, 0x4E, 0x4E, 0x4C, 0x4E, 
    0x4E, 0x4E, 0x4E, 0x4E, 0x4E, 0x4E, 0x4E, 0x4E, 0x4E, 0x4E, 0x4E, 0x4E, 0x4E, 0x4E, 0x4D, 0x09, 
    0x4E, 0x4E, 0x4E, 0x4E, 0x4E, 0x4E, 0x4D, 0x4D, 0x4D, 0x4C, 0x4C, 0x4E, 0x4E, 0x4E, 0x4C, 0x4E, 
    0x4E, 0x4E, 0x4E, 0x4E, 0x4E, 0x4E, 0x4E, 0x4E, 0x4E, 0x4E, 0x4E, 0x4E, 0x4E, 0x4E, 0x4D, 0x09, 
    0x4E, 0x4E, 0x4E, 0x4E, 0x4E, 0x4E, 0x4E, 0x4E, 0x4C, 0x4C, 0x4E, 0x4E, 0x4E, 0x4E, 0x4E, 0x4C, 
    0x4E, 0x4E, 0x4D, 0x4D, 0x4E, 0x4E, 0x4E, 0x4E, 0x4E, 0x4E, 0x4E, 0x4E, 0x4E, 0x4D, 0x09, 0x4C, 
    0x4E, 0x4E, 0x4E, 0x4E, 0x4E, 0x4E, 0x4E, 0x4E, 0x4C, 0x4C, 0x4E, 0x4E, 0x4E, 0x4E, 0x4E, 0x4C, 
    0x4E, 0x4E, 0x4D, 0x4D, 0x4E, 0x4E, 0x4E, 0x4E, 0x4E, 0x4E, 0x4E, 0x4E, 0x4E, 0x4D, 0x09, 0x4C, 
    0x4E, 0x4E, 0x4E, 0x4E, 0x4E, 0x4E, 0x4E, 0x4D, 0x4C, 0x4D, 0x4E, 0x4C, 0x4C, 0x4D, 0x4D, 0x4D, 
    0x4C, 0x4C, 0x4D, 0x4E, 0x4D, 0x4D, 0x4E, 0x4E, 0x4E, 0x4E, 0x4E, 0x4E, 0x4D, 0x4E, 0x09, 0x4C, 
    0x4E, 0x4E, 0x4E, 0x4E, 0x4E, 0x4E, 0x4E, 0x4D, 0x4C, 0x4D, 0x4E, 0x4C, 0x4C, 0x4D, 0x4D, 0x4D, 
    0x4C, 0x4C, 0x4D, 0x4E, 0x4D, 0x4D, 0x4E, 0x4E, 0x4E, 0x4E, 0x4E, 0x4E, 0x4D, 0x4E, 0x09, 0x4C, 
    0x4D, 0x4D, 0x4D, 0x4E, 0x4E, 0x4E, 0x4D, 0x4C, 0x4C, 0x4C, 0x4C, 0x4C, 0x4C, 0x4C, 0x4C, 0x4C, 
    0x4C, 0x4C, 0x4C, 0x4C, 0x4C, 0x4C, 0x09, 0x4D, 0x4D, 0x4D, 0x4D, 0x4D, 0x4D, 0x09, 0x4C, 0x4C, 
    0x4D, 0x4D, 0x4D, 0x4E, 0x4E, 0x4E, 0x4D, 0x4C, 0x4C, 0x4C, 0x4C, 0x4C, 0x4C, 0x4C, 0x4C, 0x4C, 
    0x4C, 0x4C, 0x4C, 0x4C, 0x4C, 0x4C, 0x09, 0x09, 0x4D, 0x4D, 0x4D, 0x4D, 0x4D, 0x09, 0x4C, 0x4C, 
    0x4D, 0x4D, 0x4D, 0x4D, 0x4C, 0x09, 0x4C, 0x4C, 0x09, 0x4E, 0x4E, 0x4E, 0x4E, 0x4E, 0x4E, 0x4D, 
    0x09, 0x4C, 0x09, 0x09, 0x09, 0x4E, 0x4C, 0x4C, 0x4C, 0x4C, 0x4C, 0x4C, 0x4C, 0x4C, 0x4C, 0x4D, 
    0x4D, 0x4D, 0x4D, 0x4D, 0x4C, 0x09, 0x4C, 0x4C, 0x09, 0x4E, 0x4E, 0x4E, 0x4E, 0x4E, 0x4E, 0x4D, 
    0x09, 0x4C, 0x09, 0x09, 0x09, 0x4E, 0x4C, 0x4C, 0x4C, 0x4C, 0x4C, 0x4C, 0x4C, 0x4C, 0x4C, 0x4D, 
    0x4D, 0x4D, 0x4D, 0x4E, 0x09, 0x4C, 0x4C, 0x4D, 0x4E, 0x4E, 0x4E, 0x4E, 0x4E, 0x4E, 0x4E, 0x4E, 
    0x4E, 0x4E, 0x4E, 0x4E, 0x4E, 0x4E, 0x4E, 0x09, 0x4E, 0x4C, 0x4C, 0x4C, 0x4E, 0x4D, 0x4D, 0x4D, 
    0x4D, 0x4D, 0x4E, 0x4D, 0x09, 0x4C, 0x4C, 0x4D, 0x4E, 0x4E, 0x4E, 0x4E, 0x4E, 0x4E, 0x4E, 0x4E, 
    0x4E, 0x4E, 0x4E, 0x4D, 0x4E, 0x4E, 0x4E, 0x09, 0x4E, 0x4C, 0x4C, 0x4C, 0x4E, 0x4D, 0x4D, 0x4D, 
    0x4E, 0x4E, 0x4E, 0x4E, 0x4E, 0x4C, 0x4E, 0x4E, 0x4E, 0x4E, 0x4E, 0x4E, 0x4E, 0x4E, 0x4E, 0x4E, 
    0x4E, 0x4E, 0x4E, 0x4E, 0x4E, 0x4E, 0x4E, 0x4E, 0x4D, 0x4D, 0x4C, 0x4D, 0x4D, 0x4D, 0x4E, 0x4E, 
    0x4E, 0x4E, 0x4E, 0x4E, 0x4E, 0x4C, 0x4E, 0x4E, 0x4E, 0x4E, 0x4E, 0x4E, 0x4E, 0x4E, 0x4E, 0x4E, 
    0x4E, 0x4E, 0x4E, 0x4E, 0x4E, 0x4E, 0x4E, 0x4E, 0x4D, 0x4D, 0x4C, 0x4D, 0x4D, 0x4D, 0x4E, 0x4E, 
    0x4E, 0x4E, 0x4E, 0x4E, 0x4E, 0x4C, 0x4E, 0x4E, 0x4E, 0x4E, 0x4E, 0x4E, 0x4E, 0x4E, 0x4E, 0x4E, 
    0x4E, 0x4E, 0x4E, 0x4E, 0x4E, 0x4E, 0x4E, 0x4E, 0x4E, 0x4D, 0x4C, 0x4D, 0x4E, 0x4E, 0x4E, 0x4E, 
    0x4E, 0x4E, 0x4E, 0x4E, 0x4E, 0x4C, 0x4E, 0x4E, 0x4E, 0x4E, 0x4E, 0x4E, 0x4E, 0x4E, 0x4E, 0x4E, 
    0x4E, 0x4E, 0x4E, 0x4E, 0x4E, 0x4E, 0x4E, 0x4E, 0x4E, 0x4D, 0x4C, 0x4D, 0x4E, 0x4E, 0x4E, 0x4E, 
    0x4E, 0x4E, 0x4E, 0x4E, 0x4E, 0x4C, 0x09, 0x4E, 0x4E, 0x4E, 0x4E, 0x4E, 0x4E, 0x4E, 0x4E, 0x4E, 
    0x4E, 0x4E, 0x4E, 0x4E, 0x4E, 0x4E, 0x4E, 0x4E, 0x4E, 0x4D, 0x4C, 0x4E, 0x4E, 0x4E, 0x4E, 0x4E, 
    0x4E, 0x4E, 0x4E, 0x4E, 0x4E, 0x4C, 0x09, 0x4E, 0x4E, 0x4E, 0x4E, 0x4E, 0x4E, 0x4E, 0x4E, 0x4E, 
    0x4E, 0x4E, 0x4E, 0x4E, 0x4E, 0x4E, 0x4E, 0x4E, 0x4E, 0x4D, 0x4C, 0x4E, 0x4E, 0x4E, 0x4E, 0x4E, 
    0x4E, 0x4E, 0x4E, 0x4E, 0x4E, 0x09, 0x4C, 0x4C, 0x4E, 0x4E, 0x4E, 0x4E, 0x4E, 0x4E, 0x4E, 0x4E, 
    0x4E, 0x4E, 0x4E, 0x4E, 0x4E, 0x4E, 0x4E, 0x4E, 0x4E, 0x4E, 0x4C, 0x4E, 0x4E, 0x4E, 0x4E, 0x4E, 
    0x4E, 0x4E, 0x4E, 0x4E, 0x4E, 0x09, 0x4C, 0x4C, 0x4E, 0x4E, 0x4E, 0x4E, 0x4E, 0x4E, 0x4E, 0x4E, 
    0x4E, 0x4E, 0x4E, 0x4E, 0x4E, 0x4E, 0x4E, 0x4E, 0x4E, 0x4E, 0x4C, 0x4E, 0x4E, 0x4E, 0x4E, 0x4E, 
    0x4E, 0x4E, 0x4E, 0x4E, 0x4E, 0x4E, 0x4E, 0x4D, 0x4C, 0x4C, 0x4C, 0x4C, 0x4C, 0x4C, 0x4C, 0x4E, 
    0x4D, 0x4D, 0x4E, 0x4E, 0x4E, 0x4E, 0x4E, 0x4E, 0x4E, 0x4C, 0x09, 0x4E, 0x4E, 0x4E, 0x4E, 0x4E, 
    0x4E, 0x4E, 0x4E, 0x4E, 0x4E, 0x4E, 0x4E, 0x4D, 0x4C, 0x4C, 0x4C, 0x4C, 0x4C, 0x4C, 0x4C, 0x4E, 
    0x4D, 0x4D, 0x4E, 0x4E, 0x4E, 0x4E, 0x4E, 0x4E, 0x4E, 0x4C, 0x09, 0x4E, 0x4E, 0x4E, 0x4E, 0x4E, 
    0x4E, 0x4E, 0x4E, 0x4E, 0x4E, 0x4E, 0x4E, 0x4E, 0x4E, 0x4D, 0x4D, 0x09, 0x4C, 0x4C, 0x09, 0x4C, 
    0x09, 0x4C, 0x09, 0x4E, 0x4E, 0x4E, 0x4E, 0x4E, 0x4E, 0x4C, 0x4D, 0x4E, 0x4E, 0x4E, 0x4E, 0x4E, 
    0x4E, 0x4E, 0x4E, 0x4E, 0x4E, 0x4E, 0x4E, 0x4E, 0x4E, 0x4D, 0x4D, 0x09, 0x4C, 0x4C, 0x09, 0x4C, 
    0x09, 0x4C, 0x09, 0x4E, 0x4E, 0x4E, 0x4E, 0x4E, 0x4E, 0x4C, 0x4E, 0x4E, 0x4E, 0x4E, 0x4E, 0x4E, 
    0x4E, 0x4E, 0x4E, 0x4E, 0x4E, 0x4E, 0x4E, 0x4E, 0x4D, 0x4D, 0x4D, 0x4C, 0x4C, 0x09, 0x4D, 0x4E, 
    0x4E, 0x09, 0x09, 0x4D, 0x4D, 0x4E, 0x4E, 0x4E, 0x4D, 0x4C, 0x4E, 0x4E, 0x4E, 0x4E, 0x4E, 0x4E, 
    0x4E, 0x4E, 0x4E, 0x4E, 0x4E, 0x4E, 0x4E, 0x4E, 0x4D, 0x4D, 0x4D, 0x4C, 0x4C, 0x09, 0x4D, 0x4E, 
    0x4E, 0x09, 0x09, 0x4D, 0x4E, 0x4E, 0x4E, 0x4E, 0x4D, 0x4C, 0x4D, 0x4E, 0x4E, 0x4E, 0x4E, 0x4E, 
    0x4E, 0x4E, 0x4E, 0x4E, 0x4E, 0x4D, 0x09, 0x4D, 0x4C, 0x4C, 0x4C, 0x4C, 0x09, 0x4E, 0x4E, 0x4E, 
    0x4E, 0x4E, 0x4E, 0x4C, 0x4C, 0x4C, 0x4C, 0x4C, 0x4D, 0x4D, 0x4C, 0x4C, 0x4E, 0x4D, 0x4E, 0x4E, 
    0x4E, 0x4E, 0x4E, 0x4E, 0x4E, 0x4D, 0x4D, 0x09, 0x4C, 0x4C, 0x4C, 0x4C, 0x09, 0x4E, 0x4E, 0x4E, 
    0x4E, 0x4E, 0x4E, 0x4C, 0x4C, 0x4C, 0x4C, 0x4C, 0x4E, 0x4D, 0x4C, 0x4C, 0x4E, 0x4D, 0x4E, 0x4E, 
    0x09, 0x4D, 0x4D, 0x4D, 0x09, 0x4C, 0x4C, 0x4C, 0x09, 0x09, 0x09, 0x4D, 0x4D, 0x4D, 0x4E, 0x4E, 
    0x4E, 0x4E, 0x4E, 0x4E, 0x4D, 0x4D, 0x4D, 0x4E, 0x4D, 0x4D, 0x4D, 0x4D, 0x4C, 0x09, 0x09, 0x4C, 
    0x4D, 0x4D, 0x4D, 0x4D, 0x09, 0x4C, 0x4C, 0x4C, 0x09, 0x09, 0x09, 0x4D, 0x4D, 0x4D, 0x4E, 0x4E, 
    0x4E, 0x4E, 0x4E, 0x4E, 0x4D, 0x4D, 0x4D, 0x4D, 0x4D, 0x4D, 0x4D, 0x4D, 0x4C, 0x09, 0x09, 0x4C, 
    0x4C, 0x4C, 0x4C, 0x4C, 0x4C, 0x4C, 0x4E, 0x4E, 0x4E, 0x4E, 0x4E, 0x4E, 0x4E, 0x4D, 0x4D, 0x4D, 
    0x4D, 0x4E, 0x4E, 0x4E, 0x4D, 0x4D, 0x4D, 0x4D, 0x4D, 0x4D, 0x4D, 0x4D, 0x4D, 0x4C, 0x4C, 0x4C, 
    0x4C, 0x4C, 0x4C, 0x4C, 0x4C, 0x4C, 0x4E, 0x4E, 0x4E, 0x4E, 0x4E, 0x4E, 0x4E, 0x4D, 0x09, 0x4D, 
    0x4D, 0x4E, 0x4E, 0x4E, 0x4D, 0x4D, 0x4D, 0x4D, 0x4D, 0x4D, 0x4D, 0x4D, 0x4D, 0x4C, 0x4C, 0x4C, 
    0x4C, 0x4C, 0x4C, 0x4C, 0x4E, 0x4E, 0x4E, 0x4E, 0x4E, 0x4E, 0x4E, 0x4E, 0x4E, 0x4E, 0x4E, 0x4E, 
    0x4E, 0x4D, 0x4E, 0x4D, 0x4E, 0x4D, 0x4D, 0x4D, 0x4D, 0x4E, 0x4E, 0x4E, 0x4E, 0x4D, 0x4D, 0x4C, 
    0x4C, 0x4C, 0x4C, 0x4C, 0x4E, 0x4E, 0x4E, 0x4E, 0x4E, 0x4E, 0x4E, 0x4E, 0x4E, 0x4E, 0x4E, 0x4E, 
    0x4E, 0x4D, 0x4E, 0x4D, 0x4D, 0x4D, 0x4D, 0x4D, 0x4D, 0x4E, 0x4E, 0x4E, 0x4E, 0x4D, 0x4D, 0x4C, 
    0x4C, 0x4C, 0x4C, 0x09, 0x4E, 0x4E, 0x4E, 0x4E, 0x4E, 0x4E, 0x4E, 0x4E, 0x4E, 0x4E, 0x4E, 0x4E, 
    0x4E, 0x4D, 0x4D, 0x4D, 0x4D, 0x4E, 0x4E, 0x4E, 0x4E, 0x4E, 0x4E, 0x4E, 0x4E, 0x4E, 0x4D, 0x4C, 
    0x4C, 0x4C, 0x4C, 0x09, 0x4E, 0x4E, 0x4E, 0x4E, 0x4E, 0x4E, 0x4E, 0x4E, 0x4E, 0x4E, 0x4E, 0x4E, 
    0x4E, 0x4D, 0x4D, 0x4D, 0x4D, 0x4E, 0x4E, 0x4E, 0x4E, 0x4E, 0x4E, 0x4E, 0x4E, 0x4E, 0x4D, 0x4C, 
    0x4C, 0x4C, 0x09, 0x4D, 0x4E, 0x4E, 0x4E, 0x4E, 0x4E, 0x4E, 0x4E, 0x4E, 0x4E, 0x4E, 0x4E, 0x4E, 
    0x4E, 0x4E, 0x4C, 0x4E, 0x4E, 0x4E, 0x4E, 0x4E, 0x4E, 0x4E, 0x4E, 0x4E, 0x4E, 0x4E, 0x4E, 0x4D, 
    0x4C, 0x4C, 0x09, 0x4D, 0x4E, 0x4E, 0x4E, 0x4E, 0x4E, 0x4E, 0x4E, 0x4E, 0x4E, 0x4E, 0x4E, 0x4E, 
    0x4E, 0x4E, 0x4C, 0x4E, 0x4E, 0x4E, 0x4E, 0x4E, 0x4E, 0x4E, 0x4E, 0x4E, 0x4E, 0x4E, 0x4E, 0x4D, 
    0x09, 0x4C, 0x09, 0x09, 0x4D, 0x4E, 0x4E, 0x4E, 0x4E, 0x4E, 0x4E, 0x4E, 0x4E, 0x4E, 0x4E, 0x4E, 
    0x4E, 0x4C, 0x4E, 0x4E, 0x4E, 0x4E, 0x4E, 0x4E, 0x4E, 0x4E, 0x4E, 0x4E, 0x4E, 0x4E, 0x4E, 0x4E, 
    0x09, 0x4C, 0x09, 0x09, 0x4D, 0x4E, 0x4E, 0x4E, 0x4E, 0x4E, 0x4E, 0x4E, 0x4E, 0x4E, 0x4E, 0x4E, 
    0x4E, 0x4C, 0x4E, 0x4E, 0x4E, 0x4E, 0x4E, 0x4E, 0x4E, 0x4E, 0x4E, 0x4E, 0x4E, 0x4E, 0x4E, 0x4E, 
    0x09, 0x4C, 0x4C, 0x4D, 0x4D, 0x4E, 0x4E, 0x4D, 0x4E, 0x4E, 0x4E, 0x4E, 0x4E, 0x4E, 0x4E, 0x4E, 
    0x09, 0x4C, 0x4D, 0x4E, 0x4E, 0x4E, 0x4E, 0x4E, 0x4E, 0x4E, 0x4E, 0x4E, 0x4E, 0x4E, 0x4E, 0x4E, 
    0x4D, 0x4C, 0x4C, 0x09, 0x4D, 0x4E, 0x4E, 0x4D, 0x4E, 0x4E, 0x4E, 0x4E, 0x4E, 0x4E, 0x4E, 0x4E, 
    0x09, 0x4C, 0x4D, 0x4E, 0x4E, 0x4E, 0x4E, 0x4E, 0x4E, 0x4E, 0x4E, 0x4E, 0x4E, 0x4E, 0x4E, 0x4E, 
    0x09, 0x4C, 0x4C, 0x4C, 0x4C, 0x4C, 0x4C, 0x4C, 0x4C, 0x4C, 0x4C, 0x09, 0x09, 0x09, 0x4C, 0x4C, 
    0x4C, 0x09, 0x4E, 0x4E, 0x4E, 0x4E, 0x4E, 0x4E, 0x4E, 0x4E, 0x4E, 0x4E, 0x4E, 0x4E, 0x4E, 0x4E, 
    0x4D, 0x4C, 0x4C, 0x4C, 0x4C, 0x4C, 0x4C, 0x4C, 0x4C, 0x4C, 0x4C, 0x09, 0x09, 0x09, 0x4C, 0x4C, 
    0x4C, 0x09, 0x4E, 0x4E, 0x4E, 0x4E, 0x4E, 0x4E, 0x4E, 0x4E, 0x4E, 0x4E, 0x4E, 0x4E, 0x4E, 0x4E, 
    0x09, 0x4C, 0x4C, 0x4E, 0x4E, 0x4E, 0x4E, 0x4E, 0x4E, 0x4E, 0x09, 0x4C, 0x4C, 0x4C, 0x4E, 0x4E, 
    0x09, 0x4D, 0x4D, 0x4E, 0x4E, 0x4D, 0x4D, 0x4E, 0x4E, 0x4E, 0x4E, 0x4E, 0x4E, 0x4E, 0x4E, 0x4D, 
    0x09, 0x4C, 0x4C, 0x4E, 0x4E, 0x4E, 0x4E, 0x4E, 0x4E, 0x4E, 0x09, 0x4C, 0x4C, 0x4C, 0x4E, 0x4E, 
    0x09, 0x4D, 0x4D, 0x4E, 0x4E, 0x4D, 0x4D, 0x4E, 0x4E, 0x4E, 0x4E, 0x4E, 0x4E, 0x4E, 0x4E, 0x4D, 
    0x4C, 0x4C, 0x4D, 0x4E, 0x4E, 0x4E, 0x4E, 0x4E, 0x4E, 0x4E, 0x4E, 0x4E, 0x4E, 0x4E, 0x4E, 0x4E, 
    0x4E, 0x4E, 0x09, 0x09, 0x09, 0x4C, 0x4C, 0x4C, 0x4E, 0x09, 0x4C, 0x09, 0x4E, 0x4E, 0x09, 0x4C, 
    0x4C, 0x4C, 0x09, 0x4E, 0x4E, 0x4E, 0x4E, 0x4E, 0x4E, 0x4E, 0x4E, 0x4E, 0x4E, 0x4E, 0x4E, 0x4E, 
    0x4E, 0x4E, 0x09, 0x09, 0x09, 0x4C, 0x4C, 0x4C, 0x4E, 0x09, 0x4C, 0x09, 0x4E, 0x4E, 0x4D, 0x4C, 
    0x4D, 0x4D, 0x4D, 0x4E, 0x4E, 0x4E, 0x4C, 0x4C, 0x4C, 0x4C, 0x4C, 0x4E, 0x4E, 0x4E, 0x4E, 0x4E, 
    0x4C, 0x4C, 0x4C, 0x4C, 0x4C, 0x4C, 0x4C, 0x4C, 0x4C, 0x4C, 0x4C, 0x4C, 0x4C, 0x4C, 0x4C, 0x4C, 
    0x4D, 0x4E, 0x4D, 0x4E, 0x4E, 0x4E, 0x4C, 0x4C, 0x4C, 0x4C, 0x4C, 0x4E, 0x4E, 0x4E, 0x4E, 0x4E, 
    0x4C, 0x4C, 0x4C, 0x4C, 0x4C, 0x4C, 0x4C, 0x4C, 0x4C, 0x4C, 0x4C, 0x4C, 0x4C, 0x4C, 0x4C, 0x4C
};


uint8_t txt_grass[] = {
    0x47, 0x45, 0x47, 0x47, 0x47, 0x45, 0x45, 0x46, 0x47, 0x47, 0x47, 0x46, 0x46, 0x45, 0x46, 0x47, 
    0x47, 0x46, 0x46, 0x46, 0x46, 0x45, 0x46, 0x46, 0x46, 0x46, 0x47, 0x47, 0x45, 0x47, 0x47, 0x47, 
    0x47, 0x45, 0x47, 0x47, 0x47, 0x45, 0x45, 0x46, 0x47, 0x47, 0x47, 0x46, 0x46, 0x45, 0x46, 0x47, 
    0x47, 0x46, 0x46, 0x46, 0x46, 0x45, 0x46, 0x46, 0x46, 0x46, 0x47, 0x47, 0x45, 0x47, 0x47, 0x47, 
    0x45, 0x45, 0x47, 0x47, 0x47, 0x46, 0x46, 0x45, 0x47, 0x47, 0x47, 0x46, 0x46, 0x46, 0x47, 0x47, 
    0x47, 0x46, 0x46, 0x46, 0x46, 0x46, 0x47, 0x46, 0x46, 0x46, 0x47, 0x47, 0x46, 0x45, 0x47, 0x47, 
    0x45, 0x45, 0x47, 0x47, 0x47, 0x46, 0x46, 0x45, 0x47, 0x47, 0x47, 0x46, 0x46, 0x46, 0x47, 0x47, 
    0x47, 0x46, 0x46, 0x46, 0x46, 0x46, 0x47, 0x46, 0x46, 0x46, 0x47, 0x47, 0x46, 0x45, 0x47, 0x47, 
    0x46, 0x46, 0x45, 0x47, 0x47, 0x46, 0x46, 0x46, 0x45, 0x47, 0x47, 0x46, 0x46, 0x47, 0x47, 0x47, 
    0x47, 0x47, 0x47, 0x46, 0x46, 0x46, 0x47, 0x47, 0x47, 0x47, 0x47, 0x46, 0x46, 0x46, 0x47, 0x47, 
    0x46, 0x46, 0x45, 0x47, 0x47, 0x46, 0x46, 0x46, 0x45, 0x47, 0x47, 0x46, 0x46, 0x47, 0x47, 0x47, 
    0x47, 0x47, 0x47, 0x46, 0x46, 0x46, 0x47, 0x47, 0x47, 0x47, 0x47, 0x46, 0x46, 0x46, 0x47, 0x47, 
    0x46, 0x46, 0x46, 0x47, 0x47, 0x47, 0x47, 0x46, 0x46, 0x47, 0x47, 0x46, 0x46, 0x47, 0x47, 0x45, 
    0x45, 0x47, 0x47, 0x47, 0x46, 0x47, 0x47, 0x47, 0x45, 0x47, 0x47, 0x46, 0x46, 0x46, 0x47, 0x47, 
    0x46, 0x46, 0x46, 0x47, 0x47, 0x47, 0x47, 0x46, 0x46, 0x47, 0x47, 0x46, 0x46, 0x47, 0x47, 0x45, 
    0x45, 0x47, 0x47, 0x47, 0x46, 0x47, 0x47, 0x47, 0x45, 0x47, 0x47, 0x46, 0x46, 0x46, 0x47, 0x47, 
    0x46, 0x46, 0x46, 0x47, 0x47, 0x47, 0x47, 0x46, 0x46, 0x47, 0x47, 0x47, 0x46, 0x47, 0x47, 0x46, 
    0x46, 0x45, 0x47, 0x47, 0x46, 0x47, 0x47, 0x47, 0x45, 0x47, 0x47, 0x46, 0x46, 0x46, 0x47, 0x46, 
    0x46, 0x46, 0x46, 0x47, 0x47, 0x47, 0x47, 0x47, 0x46, 0x47, 0x47, 0x47, 0x46, 0x47, 0x47, 0x46, 
    0x46, 0x45, 0x47, 0x47, 0x46, 0x47, 0x47, 0x47, 0x45, 0x47, 0x47, 0x46, 0x46, 0x46, 0x47, 0x46, 
    0x46, 0x46, 0x47, 0x47, 0x45, 0x47, 0x47, 0x47, 0x47, 0x47, 0x47, 0x47, 0x47, 0x46, 0x47, 0x46, 
    0x46, 0x46, 0x47, 0x47, 0x46, 0x47, 0x47, 0x45, 0x46, 0x47, 0x47, 0x47, 0x47, 0x47, 0x45, 0x46, 
    0x46, 0x46, 0x47, 0x47, 0x45, 0x47, 0x47, 0x47, 0x47, 0x47, 0x47, 0x47, 0x47, 0x46, 0x47, 0x46, 
    0x46, 0x46, 0x47, 0x47, 0x46, 0x47, 0x47, 0x45, 0x46, 0x47, 0x47, 0x47, 0x47, 0x47, 0x45, 0x46, 
    0x47, 0x47, 0x47, 0x46, 0x46, 0x47, 0x47, 0x47, 0x47, 0x47, 0x47, 0x47, 0x47, 0x47, 0x47, 0x46, 
    0x46, 0x46, 0x46, 0x47, 0x47, 0x47, 0x46, 0x46, 0x46, 0x47, 0x45, 0x47, 0x47, 0x47, 0x46, 0x46, 
    0x47, 0x47, 0x47, 0x46, 0x46, 0x47, 0x47, 0x47, 0x47, 0x47, 0x47, 0x47, 0x47, 0x47, 0x47, 0x46, 
    0x46, 0x46, 0x46, 0x47, 0x47, 0x47, 0x46, 0x46, 0x46, 0x47, 0x45, 0x47, 0x47, 0x47, 0x46, 0x46, 
    0x47, 0x47, 0x47, 0x46, 0x46, 0x46, 0x45, 0x47, 0x47, 0x47, 0x45, 0x46, 0x47, 0x45, 0x46, 0x47, 
    0x46, 0x46, 0x46, 0x45, 0x47, 0x47, 0x46, 0x46, 0x47, 0x47, 0x45, 0x45, 0x47, 0x47, 0x46, 0x46, 
    0x47, 0x47, 0x47, 0x46, 0x46, 0x46, 0x45, 0x47, 0x47, 0x47, 0x45, 0x46, 0x47, 0x45, 0x46, 0x47, 
    0x46, 0x46, 0x46, 0x45, 0x47, 0x47, 0x46, 0x46, 0x47, 0x47, 0x45, 0x45, 0x47, 0x47, 0x46, 0x46, 
    0x45, 0x47, 0x47, 0x47, 0x46, 0x46, 0x46, 0x47, 0x47, 0x46, 0x46, 0x46, 0x47, 0x46, 0x45, 0x47, 
    0x47, 0x46, 0x46, 0x46, 0x47, 0x46, 0x46, 0x47, 0x46, 0x45, 0x46, 0x46, 0x47, 0x47, 0x47, 0x47, 
    0x45, 0x47, 0x47, 0x47, 0x46, 0x46, 0x46, 0x47, 0x47, 0x46, 0x46, 0x46, 0x47, 0x46, 0x45, 0x47, 
    0x47, 0x46, 0x46, 0x46, 0x47, 0x46, 0x46, 0x47, 0x46, 0x45, 0x46, 0x46, 0x47, 0x47, 0x47, 0x47, 
    0x46, 0x45, 0x47, 0x47, 0x47, 0x46, 0x46, 0x47, 0x47, 0x46, 0x46, 0x47, 0x47, 0x46, 0x46, 0x45, 
    0x47, 0x47, 0x47, 0x47, 0x47, 0x47, 0x46, 0x47, 0x47, 0x46, 0x46, 0x46, 0x47, 0x47, 0x47, 0x47, 
    0x46, 0x45, 0x47, 0x47, 0x46, 0x46, 0x46, 0x47, 0x47, 0x46, 0x46, 0x47, 0x47, 0x46, 0x46, 0x45, 
    0x47, 0x47, 0x47, 0x47, 0x47, 0x47, 0x46, 0x47, 0x47, 0x46, 0x46, 0x46, 0x47, 0x47, 0x47, 0x47, 
    0x46, 0x46, 0x47, 0x47, 0x47, 0x46, 0x46, 0x45, 0x45, 0x46, 0x46, 0x47, 0x47, 0x46, 0x46, 0x46, 
    0x45, 0x47, 0x47, 0x47, 0x47, 0x47, 0x47, 0x47, 0x47, 0x47, 0x46, 0x46, 0x47, 0x47, 0x47, 0x47, 
    0x46, 0x46, 0x46, 0x47, 0x47, 0x47, 0x46, 0x45, 0x45, 0x46, 0x46, 0x47, 0x47, 0x46, 0x46, 0x46, 
    0x45, 0x47, 0x47, 0x47, 0x47, 0x47, 0x47, 0x47, 0x47, 0x47, 0x46, 0x46, 0x47, 0x47, 0x47, 0x47, 
    0x46, 0x46, 0x47, 0x47, 0x47, 0x47, 0x47, 0x46, 0x46, 0x46, 0x46, 0x47, 0x47, 0x47, 0x46, 0x46, 
    0x46, 0x47, 0x47, 0x47, 0x47, 0x45, 0x45, 0x45, 0x47, 0x46, 0x46, 0x46, 0x47, 0x47, 0x47, 0x46, 
    0x46, 0x46, 0x47, 0x47, 0x47, 0x47, 0x47, 0x46, 0x46, 0x46, 0x46, 0x47, 0x47, 0x47, 0x46, 0x46, 
    0x46, 0x47, 0x47, 0x47, 0x47, 0x45, 0x45, 0x45, 0x47, 0x46, 0x46, 0x46, 0x47, 0x47, 0x47, 0x47, 
    0x47, 0x46, 0x46, 0x47, 0x47, 0x45, 0x45, 0x47, 0x46, 0x47, 0x47, 0x47, 0x47, 0x45, 0x47, 0x46, 
    0x46, 0x47, 0x47, 0x45, 0x47, 0x46, 0x46, 0x46, 0x47, 0x46, 0x46, 0x46, 0x46, 0x47, 0x47, 0x46, 
    0x46, 0x46, 0x46, 0x47, 0x47, 0x45, 0x45, 0x47, 0x46, 0x47, 0x47, 0x47, 0x47, 0x45, 0x47, 0x46, 
    0x46, 0x47, 0x47, 0x45, 0x47, 0x46, 0x46, 0x46, 0x47, 0x46, 0x46, 0x46, 0x46, 0x47, 0x47, 0x47, 
    0x46, 0x46, 0x46, 0x47, 0x47, 0x46, 0x45, 0x47, 0x47, 0x47, 0x47, 0x47, 0x47, 0x46, 0x45, 0x47, 
    0x47, 0x47, 0x46, 0x46, 0x45, 0x47, 0x47, 0x47, 0x47, 0x47, 0x47, 0x46, 0x46, 0x47, 0x47, 0x46, 
    0x46, 0x46, 0x46, 0x47, 0x47, 0x46, 0x45, 0x47, 0x47, 0x47, 0x47, 0x47, 0x47, 0x46, 0x45, 0x47, 
    0x47, 0x47, 0x46, 0x46, 0x45, 0x47, 0x47, 0x47, 0x47, 0x47, 0x47, 0x46, 0x46, 0x47, 0x47, 0x47, 
    0x47, 0x46, 0x46, 0x46, 0x47, 0x46, 0x46, 0x45, 0x47, 0x47, 0x47, 0x47, 0x47, 0x47, 0x46, 0x45, 
    0x47, 0x47, 0x46, 0x46, 0x46, 0x47, 0x47, 0x45, 0x45, 0x47, 0x47, 0x46, 0x46, 0x47, 0x47, 0x47, 
    0x46, 0x46, 0x46, 0x46, 0x47, 0x46, 0x46, 0x45, 0x47, 0x47, 0x47, 0x47, 0x47, 0x47, 0x46, 0x45, 
    0x47, 0x47, 0x46, 0x46, 0x46, 0x47, 0x47, 0x45, 0x45, 0x47, 0x47, 0x46, 0x46, 0x47, 0x47, 0x47, 
    0x47, 0x46, 0x46, 0x46, 0x45, 0x47, 0x46, 0x46, 0x45, 0x47, 0x47, 0x47, 0x47, 0x46, 0x46, 0x46, 
    0x47, 0x47, 0x47, 0x46, 0x46, 0x47, 0x47, 0x45, 0x46, 0x47, 0x46, 0x46, 0x46, 0x47, 0x47, 0x47, 
    0x47, 0x46, 0x46, 0x46, 0x45, 0x47, 0x46, 0x46, 0x45, 0x47, 0x47, 0x47, 0x47, 0x46, 0x46, 0x46, 
    0x47, 0x47, 0x47, 0x46, 0x46, 0x47, 0x47, 0x45, 0x46, 0x47, 0x47, 0x46, 0x46, 0x47, 0x47, 0x47, 
    0x46, 0x46, 0x46, 0x46, 0x46, 0x47, 0x47, 0x46, 0x46, 0x45, 0x47, 0x47, 0x47, 0x46, 0x46, 0x46, 
    0x45, 0x47, 0x47, 0x47, 0x47, 0x47, 0x46, 0x46, 0x46, 0x47, 0x47, 0x47, 0x46, 0x47, 0x45, 0x47, 
    0x46, 0x46, 0x46, 0x46, 0x46, 0x47, 0x47, 0x46, 0x46, 0x45, 0x47, 0x47, 0x47, 0x46, 0x46, 0x46, 
    0x45, 0x47, 0x47, 0x47, 0x47, 0x47, 0x46, 0x46, 0x46, 0x47, 0x47, 0x46, 0x46, 0x47, 0x45, 0x47, 
    0x47, 0x47, 0x46, 0x46, 0x46, 0x47, 0x47, 0x46, 0x46, 0x46, 0x47, 0x47, 0x47, 0x46, 0x46, 0x46, 
    0x46, 0x45, 0x47, 0x46, 0x45, 0x46, 0x46, 0x46, 0x46, 0x47, 0x47, 0x47, 0x47, 0x47, 0x46, 0x47, 
    0x47, 0x47, 0x46, 0x46, 0x46, 0x47, 0x47, 0x46, 0x46, 0x46, 0x47, 0x47, 0x47, 0x46, 0x46, 0x46, 
    0x46, 0x45, 0x47, 0x46, 0x45, 0x46, 0x46, 0x46, 0x46, 0x47, 0x47, 0x47, 0x47, 0x47, 0x46, 0x47, 
    0x47, 0x47, 0x47, 0x47, 0x47, 0x47, 0x47, 0x47, 0x46, 0x46, 0x47, 0x47, 0x47, 0x46, 0x46, 0x46, 
    0x46, 0x46, 0x45, 0x46, 0x46, 0x45, 0x47, 0x47, 0x47, 0x45, 0x47, 0x47, 0x47, 0x45, 0x46, 0x45, 
    0x47, 0x47, 0x47, 0x47, 0x47, 0x47, 0x47, 0x47, 0x46, 0x46, 0x47, 0x47, 0x47, 0x46, 0x46, 0x46, 
    0x46, 0x46, 0x45, 0x46, 0x46, 0x45, 0x47, 0x47, 0x47, 0x45, 0x47, 0x47, 0x47, 0x45, 0x46, 0x45, 
    0x45, 0x47, 0x47, 0x47, 0x47, 0x45, 0x47, 0x47, 0x46, 0x46, 0x47, 0x47, 0x47, 0x46, 0x46, 0x47, 
    0x46, 0x46, 0x46, 0x47, 0x46, 0x46, 0x47, 0x47, 0x46, 0x46, 0x45, 0x47, 0x47, 0x46, 0x46, 0x46, 
    0x45, 0x47, 0x47, 0x47, 0x47, 0x45, 0x47, 0x47, 0x46, 0x46, 0x47, 0x47, 0x47, 0x46, 0x46, 0x46, 
    0x46, 0x46, 0x46, 0x47, 0x46, 0x46, 0x47, 0x47, 0x46, 0x46, 0x45, 0x47, 0x47, 0x46, 0x46, 0x46, 
    0x47, 0x47, 0x47, 0x45, 0x46, 0x46, 0x47, 0x47, 0x47, 0x47, 0x47, 0x47, 0x47, 0x46, 0x46, 0x46, 
    0x47, 0x47, 0x46, 0x47, 0x46, 0x46, 0x47, 0x47, 0x46, 0x46, 0x46, 0x47, 0x47, 0x46, 0x46, 0x46, 
    0x46, 0x47, 0x47, 0x45, 0x46, 0x46, 0x47, 0x47, 0x47, 0x47, 0x47, 0x47, 0x47, 0x46, 0x46, 0x47, 
    0x47, 0x47, 0x46, 0x47, 0x46, 0x46, 0x47, 0x47, 0x46, 0x46, 0x46, 0x47, 0x47, 0x46, 0x46, 0x46, 
    0x46, 0x47, 0x47, 0x46, 0x46, 0x46, 0x47, 0x47, 0x45, 0x45, 0x47, 0x47, 0x46, 0x46, 0x47, 0x47, 
    0x47, 0x47, 0x46, 0x47, 0x46, 0x46, 0x47, 0x47, 0x47, 0x47, 0x45, 0x45, 0x47, 0x47, 0x46, 0x46, 
    0x46, 0x47, 0x47, 0x46, 0x46, 0x46, 0x47, 0x47, 0x45, 0x45, 0x47, 0x47, 0x46, 0x47, 0x46, 0x47, 
    0x47, 0x47, 0x46, 0x47, 0x46, 0x46, 0x47, 0x47, 0x47, 0x47, 0x45, 0x45, 0x47, 0x47, 0x46, 0x47, 
    0x47, 0x47, 0x47, 0x47, 0x46, 0x46, 0x46, 0x47, 0x46, 0x46, 0x47, 0x47, 0x47, 0x47, 0x46, 0x47, 
    0x45, 0x47, 0x47, 0x47, 0x46, 0x46, 0x47, 0x47, 0x47, 0x45, 0x46, 0x46, 0x47, 0x46, 0x46, 0x46, 
    0x46, 0x47, 0x47, 0x47, 0x46, 0x46, 0x46, 0x47, 0x46, 0x46, 0x47, 0x47, 0x47, 0x46, 0x47, 0x47, 
    0x45, 0x47, 0x47, 0x47, 0x46, 0x47, 0x47, 0x47, 0x47, 0x45, 0x46, 0x46, 0x47, 0x47, 0x46, 0x47, 
    0x46, 0x47, 0x47, 0x47, 0x47, 0x46, 0x46, 0x47, 0x47, 0x46, 0x45, 0x47, 0x47, 0x47, 0x47, 0x46, 
    0x45, 0x47, 0x47, 0x47, 0x46, 0x46, 0x47, 0x47, 0x47, 0x46, 0x46, 0x46, 0x47, 0x47, 0x46, 0x47, 
    0x46, 0x47, 0x47, 0x47, 0x47, 0x46, 0x46, 0x47, 0x47, 0x46, 0x45, 0x47, 0x47, 0x47, 0x47, 0x46, 
    0x45, 0x47, 0x47, 0x47, 0x46, 0x46, 0x47, 0x47, 0x47, 0x46, 0x46, 0x46, 0x47, 0x47, 0x46, 0x47, 
    0x47, 0x47, 0x47, 0x45, 0x47, 0x47, 0x46, 0x47, 0x47, 0x46, 0x46, 0x47, 0x47, 0x47, 0x47, 0x45, 
    0x46, 0x47, 0x47, 0x46, 0x46, 0x46, 0x47, 0x47, 0x47, 0x46, 0x46, 0x47, 0x47, 0x47, 0x47, 0x47, 
    0x47, 0x47, 0x47, 0x45, 0x47, 0x47, 0x46, 0x47, 0x47, 0x46, 0x46, 0x47, 0x47, 0x47, 0x46, 0x45, 
    0x46, 0x47, 0x47, 0x46, 0x46, 0x46, 0x47, 0x47, 0x47, 0x46, 0x46, 0x47, 0x47, 0x47, 0x47, 0x47, 
    0x47, 0x47, 0x46, 0x45, 0x47, 0x47, 0x46, 0x47, 0x47, 0x45, 0x47, 0x47, 0x47, 0x47, 0x46, 0x47, 
    0x47, 0x47, 0x47, 0x47, 0x46, 0x47, 0x45, 0x45, 0x47, 0x47, 0x45, 0x46, 0x47, 0x45, 0x47, 0x47, 
    0x47, 0x47, 0x46, 0x45, 0x47, 0x47, 0x46, 0x47, 0x46, 0x45, 0x47, 0x47, 0x47, 0x47, 0x46, 0x47, 
    0x47, 0x47, 0x47, 0x46, 0x47, 0x47, 0x45, 0x45, 0x47, 0x47, 0x45, 0x46, 0x47, 0x45, 0x47, 0x47, 
    0x47, 0x47, 0x46, 0x46, 0x47, 0x47, 0x47, 0x47, 0x46, 0x45, 0x47, 0x46, 0x45, 0x46, 0x47, 0x47, 
    0x45, 0x45, 0x47, 0x47, 0x47, 0x47, 0x46, 0x46, 0x47, 0x47, 0x46, 0x45, 0x47, 0x46, 0x46, 0x45, 
    0x47, 0x47, 0x46, 0x46, 0x47, 0x47, 0x47, 0x47, 0x46, 0x45, 0x47, 0x47, 0x45, 0x46, 0x47, 0x47, 
    0x45, 0x45, 0x47, 0x47, 0x47, 0x47, 0x46, 0x46, 0x47, 0x47, 0x46, 0x45, 0x47, 0x46, 0x46, 0x45, 
    0x47, 0x47, 0x46, 0x46, 0x46, 0x47, 0x47, 0x47, 0x46, 0x46, 0x46, 0x46, 0x46, 0x45, 0x47, 0x47, 
    0x46, 0x46, 0x47, 0x47, 0x47, 0x47, 0x46, 0x46, 0x45, 0x47, 0x46, 0x46, 0x45, 0x46, 0x45, 0x46, 
    0x47, 0x47, 0x46, 0x46, 0x46, 0x47, 0x47, 0x47, 0x46, 0x46, 0x46, 0x46, 0x46, 0x45, 0x47, 0x47, 
    0x46, 0x46, 0x47, 0x47, 0x47, 0x47, 0x46, 0x46, 0x45, 0x47, 0x46, 0x46, 0x45, 0x46, 0x45, 0x46, 
    0x47, 0x47, 0x46, 0x46, 0x46, 0x47, 0x47, 0x46, 0x46, 0x46, 0x47, 0x46, 0x46, 0x46, 0x47, 0x46, 
    0x46, 0x46, 0x47, 0x47, 0x47, 0x45, 0x46, 0x46, 0x46, 0x47, 0x47, 0x46, 0x46, 0x47, 0x46, 0x46, 
    0x47, 0x46, 0x46, 0x46, 0x46, 0x47, 0x47, 0x46, 0x46, 0x46, 0x47, 0x46, 0x46, 0x46, 0x47, 0x46, 
    0x46, 0x46, 0x47, 0x47, 0x47, 0x45, 0x46, 0x46, 0x46, 0x47, 0x47, 0x46, 0x46, 0x47, 0x46, 0x46, 
    0x47, 0x47, 0x46, 0x46, 0x46, 0x47, 0x47, 0x46, 0x46, 0x47, 0x47, 0x47, 0x46, 0x46, 0x47, 0x46, 
    0x46, 0x47, 0x47, 0x47, 0x45, 0x46, 0x46, 0x47, 0x47, 0x47, 0x47, 0x46, 0x46, 0x47, 0x47, 0x46, 
    0x47, 0x46, 0x46, 0x46, 0x46, 0x47, 0x47, 0x46, 0x46, 0x47, 0x47, 0x47, 0x46, 0x46, 0x47, 0x46, 
    0x46, 0x47, 0x47, 0x47, 0x45, 0x46, 0x46, 0x47, 0x47, 0x47, 0x47, 0x46, 0x46, 0x47, 0x47, 0x46, 
    0x47, 0x46, 0x46, 0x47, 0x46, 0x47, 0x46, 0x46, 0x47, 0x47, 0x47, 0x45, 0x47, 0x47, 0x47, 0x47, 
    0x47, 0x47, 0x47, 0x47, 0x46, 0x46, 0x47, 0x47, 0x45, 0x47, 0x47, 0x47, 0x46, 0x47, 0x46, 0x47, 
    0x47, 0x47, 0x46, 0x47, 0x46, 0x47, 0x46, 0x46, 0x47, 0x47, 0x47, 0x45, 0x47, 0x47, 0x47, 0x47, 
    0x47, 0x47, 0x47, 0x47, 0x46, 0x46, 0x47, 0x47, 0x45, 0x47, 0x47, 0x47, 0x46, 0x47, 0x46, 0x47, 
    0x47, 0x47, 0x47, 0x47, 0x47, 0x47, 0x47, 0x47, 0x47, 0x47, 0x46, 0x46, 0x45, 0x47, 0x47, 0x47, 
    0x47, 0x45, 0x45, 0x45, 0x45, 0x47, 0x47, 0x45, 0x46, 0x45, 0x47, 0x47, 0x47, 0x47, 0x47, 0x47, 
    0x47, 0x47, 0x47, 0x47, 0x47, 0x47, 0x47, 0x47, 0x47, 0x47, 0x46, 0x46, 0x45, 0x47, 0x47, 0x47, 
    0x47, 0x45, 0x45, 0x45, 0x45, 0x47, 0x47, 0x45, 0x46, 0x45, 0x47, 0x47, 0x47, 0x47, 0x47, 0x47, 
    0x47, 0x45, 0x47, 0x47, 0x47, 0x45, 0x45, 0x47, 0x47, 0x47, 0x47, 0x46, 0x46, 0x45, 0x47, 0x47, 
    0x47, 0x46, 0x46, 0x46, 0x46, 0x45, 0x47, 0x46, 0x46, 0x46, 0x47, 0x47, 0x45, 0x47, 0x47, 0x47, 
    0x47, 0x45, 0x47, 0x47, 0x47, 0x45, 0x45, 0x47, 0x47, 0x47, 0x47, 0x46, 0x46, 0x45, 0x47, 0x47, 
    0x47, 0x46, 0x46, 0x46, 0x46, 0x45, 0x47, 0x46, 0x46, 0x46, 0x47, 0x47, 0x45, 0x47, 0x47, 0x47, 
    0x45, 0x45, 0x47, 0x47, 0x47, 0x46, 0x46, 0x45, 0x47, 0x47, 0x47, 0x46, 0x46, 0x46, 0x47, 0x47, 
    0x47, 0x46, 0x46, 0x46, 0x46, 0x46, 0x47, 0x46, 0x46, 0x46, 0x47, 0x47, 0x46, 0x45, 0x47, 0x47, 
    0x45, 0x45, 0x47, 0x47, 0x47, 0x46, 0x46, 0x45, 0x47, 0x47, 0x47, 0x46, 0x46, 0x46, 0x47, 0x47, 
    0x47, 0x46, 0x46, 0x46, 0x46, 0x46, 0x47, 0x46, 0x46, 0x46, 0x47, 0x47, 0x46, 0x45, 0x47, 0x47, 
    0x46, 0x46, 0x45, 0x47, 0x47, 0x47, 0x46, 0x46, 0x45, 0x47, 0x47, 0x46, 0x46, 0x47, 0x47, 0x47, 
    0x47, 0x47, 0x47, 0x46, 0x46, 0x46, 0x47, 0x47, 0x47, 0x47, 0x47, 0x46, 0x46, 0x46, 0x47, 0x47, 
    0x46, 0x46, 0x45, 0x47, 0x47, 0x47, 0x46, 0x46, 0x45, 0x47, 0x47, 0x46, 0x46, 0x47, 0x47, 0x47, 
    0x47, 0x47, 0x47, 0x46, 0x46, 0x46, 0x47, 0x47, 0x47, 0x47, 0x47, 0x46, 0x46, 0x46, 0x47, 0x47, 
    0x46, 0x46, 0x46, 0x47, 0x47, 0x47, 0x46, 0x46, 0x46, 0x47, 0x47, 0x46, 0x46, 0x47, 0x47, 0x45, 
    0x45, 0x47, 0x47, 0x47, 0x46, 0x47, 0x47, 0x47, 0x45, 0x47, 0x47, 0x46, 0x46, 0x46, 0x47, 0x47, 
    0x46, 0x46, 0x46, 0x47, 0x47, 0x47, 0x46, 0x46, 0x46, 0x47, 0x47, 0x46, 0x46, 0x47, 0x47, 0x45, 
    0x45, 0x47, 0x47, 0x47, 0x46, 0x47, 0x47, 0x47, 0x45, 0x47, 0x47, 0x46, 0x46, 0x46, 0x47, 0x47, 
    0x46, 0x46, 0x46, 0x47, 0x47, 0x47, 0x47, 0x47, 0x46, 0x47, 0x47, 0x46, 0x47, 0x47, 0x47, 0x46, 
    0x46, 0x45, 0x47, 0x47, 0x46, 0x47, 0x47, 0x47, 0x45, 0x47, 0x47, 0x46, 0x46, 0x46, 0x47, 0x46, 
    0x46, 0x46, 0x46, 0x47, 0x47, 0x47, 0x47, 0x46, 0x46, 0x47, 0x47, 0x47, 0x46, 0x47, 0x47, 0x46, 
    0x46, 0x45, 0x47, 0x47, 0x46, 0x47, 0x47, 0x47, 0x45, 0x47, 0x47, 0x46, 0x46, 0x46, 0x47, 0x46, 
    0x46, 0x46, 0x47, 0x47, 0x45, 0x47, 0x47, 0x47, 0x46, 0x47, 0x47, 0x47, 0x47, 0x46, 0x47, 0x46, 
    0x46, 0x46, 0x47, 0x47, 0x46, 0x47, 0x47, 0x45, 0x46, 0x47, 0x47, 0x47, 0x47, 0x47, 0x45, 0x46, 
    0x46, 0x46, 0x47, 0x47, 0x45, 0x47, 0x47, 0x47, 0x47, 0x47, 0x47, 0x47, 0x47, 0x46, 0x47, 0x46, 
    0x46, 0x46, 0x47, 0x47, 0x46, 0x47, 0x47, 0x45, 0x46, 0x47, 0x47, 0x47, 0x47, 0x47, 0x45, 0x46, 
    0x47, 0x47, 0x47, 0x46, 0x46, 0x47, 0x47, 0x47, 0x47, 0x47, 0x47, 0x47, 0x47, 0x47, 0x47, 0x47, 
    0x46, 0x46, 0x46, 0x47, 0x47, 0x47, 0x46, 0x46, 0x46, 0x47, 0x45, 0x47, 0x47, 0x47, 0x46, 0x46, 
    0x47, 0x47, 0x47, 0x46, 0x46, 0x47, 0x47, 0x47, 0x47, 0x47, 0x47, 0x47, 0x47, 0x47, 0x47, 0x47, 
    0x46, 0x46, 0x46, 0x47, 0x47, 0x47, 0x46, 0x46, 0x46, 0x47, 0x45, 0x47, 0x47, 0x47, 0x46, 0x46, 
    0x47, 0x47, 0x47, 0x46, 0x46, 0x46, 0x45, 0x47, 0x47, 0x47, 0x45, 0x46, 0x47, 0x45, 0x46, 0x46, 
    0x46, 0x46, 0x46, 0x45, 0x47, 0x47, 0x46, 0x46, 0x46, 0x47, 0x45, 0x45, 0x47, 0x47, 0x46, 0x46, 
    0x47, 0x47, 0x47, 0x46, 0x46, 0x46, 0x45, 0x47, 0x47, 0x47, 0x45, 0x46, 0x47, 0x45, 0x46, 0x46, 
    0x46, 0x46, 0x46, 0x45, 0x47, 0x47, 0x46, 0x46, 0x47, 0x47, 0x45, 0x45, 0x47, 0x47, 0x46, 0x46, 
    0x45, 0x47, 0x47, 0x47, 0x46, 0x46, 0x46, 0x47, 0x47, 0x46, 0x46, 0x46, 0x47, 0x46, 0x45, 0x47, 
    0x47, 0x46, 0x46, 0x46, 0x47, 0x46, 0x46, 0x47, 0x46, 0x45, 0x46, 0x46, 0x47, 0x47, 0x47, 0x47, 
    0x45, 0x47, 0x47, 0x47, 0x46, 0x46, 0x46, 0x47, 0x47, 0x46, 0x46, 0x46, 0x47, 0x46, 0x45, 0x47, 
    0x47, 0x46, 0x46, 0x46, 0x47, 0x46, 0x46, 0x47, 0x46, 0x45, 0x46, 0x46, 0x47, 0x47, 0x47, 0x47, 
    0x46, 0x45, 0x47, 0x47, 0x47, 0x46, 0x46, 0x47, 0x47, 0x46, 0x46, 0x47, 0x47, 0x46, 0x46, 0x45, 
    0x47, 0x47, 0x47, 0x47, 0x47, 0x47, 0x46, 0x47, 0x47, 0x46, 0x46, 0x46, 0x47, 0x47, 0x47, 0x47, 
    0x46, 0x45, 0x47, 0x47, 0x46, 0x46, 0x46, 0x47, 0x47, 0x46, 0x46, 0x47, 0x47, 0x46, 0x46, 0x45, 
    0x47, 0x47, 0x47, 0x47, 0x47, 0x47, 0x46, 0x47, 0x47, 0x46, 0x46, 0x46, 0x47, 0x47, 0x47, 0x47, 
    0x46, 0x46, 0x47, 0x47, 0x47, 0x47, 0x46, 0x45, 0x45, 0x46, 0x46, 0x47, 0x47, 0x46, 0x46, 0x46, 
    0x45, 0x47, 0x47, 0x47, 0x47, 0x47, 0x47, 0x47, 0x47, 0x47, 0x46, 0x46, 0x47, 0x47, 0x47, 0x47, 
    0x46, 0x46, 0x47, 0x47, 0x47, 0x47, 0x46, 0x45, 0x45, 0x46, 0x46, 0x47, 0x47, 0x46, 0x46, 0x46, 
    0x45, 0x47, 0x47, 0x47, 0x47, 0x47, 0x47, 0x47, 0x47, 0x47, 0x46, 0x46, 0x47, 0x47, 0x47, 0x47, 
    0x46, 0x46, 0x47, 0x47, 0x47, 0x47, 0x47, 0x46, 0x46, 0x46, 0x47, 0x47, 0x47, 0x47, 0x46, 0x46, 
    0x46, 0x47, 0x47, 0x47, 0x47, 0x45, 0x45, 0x45, 0x47, 0x47, 0x46, 0x46, 0x47, 0x47, 0x46, 0x46, 
    0x46, 0x46, 0x47, 0x47, 0x47, 0x47, 0x47, 0x46, 0x46, 0x46, 0x46, 0x47, 0x47, 0x47, 0x46, 0x46, 
    0x46, 0x47, 0x47, 0x47, 0x47, 0x45, 0x45, 0x45, 0x47, 0x47, 0x46, 0x46, 0x47, 0x47, 0x47, 0x47, 
    0x47, 0x46, 0x46, 0x47, 0x47, 0x45, 0x45, 0x47, 0x46, 0x47, 0x47, 0x47, 0x47, 0x45, 0x47, 0x46, 
    0x46, 0x47, 0x47, 0x45, 0x47, 0x46, 0x46, 0x46, 0x47, 0x46, 0x46, 0x46, 0x46, 0x47, 0x47, 0x46, 
    0x46, 0x46, 0x46, 0x47, 0x47, 0x45, 0x45, 0x47, 0x46, 0x47, 0x47, 0x47, 0x47, 0x45, 0x47, 0x46, 
    0x46, 0x47, 0x47, 0x45, 0x47, 0x46, 0x46, 0x46, 0x47, 0x46, 0x46, 0x46, 0x46, 0x47, 0x47, 0x47, 
    0x46, 0x46, 0x46, 0x47, 0x47, 0x46, 0x45, 0x47, 0x47, 0x47, 0x47, 0x47, 0x47, 0x46, 0x45, 0x47, 
    0x47, 0x47, 0x46, 0x46, 0x45, 0x47, 0x47, 0x47, 0x47, 0x47, 0x47, 0x46, 0x46, 0x47, 0x47, 0x47, 
    0x46, 0x46, 0x46, 0x47, 0x47, 0x46, 0x45, 0x47, 0x47, 0x47, 0x47, 0x47, 0x47, 0x46, 0x45, 0x47, 
    0x47, 0x47, 0x46, 0x46, 0x45, 0x47, 0x47, 0x47, 0x47, 0x47, 0x47, 0x46, 0x46, 0x47, 0x47, 0x47, 
    0x47, 0x46, 0x46, 0x46, 0x47, 0x46, 0x46, 0x45, 0x47, 0x47, 0x47, 0x47, 0x47, 0x47, 0x46, 0x45, 
    0x47, 0x47, 0x46, 0x46, 0x46, 0x47, 0x47, 0x45, 0x45, 0x47, 0x47, 0x46, 0x46, 0x47, 0x47, 0x46, 
    0x46, 0x46, 0x46, 0x46, 0x46, 0x46, 0x46, 0x45, 0x47, 0x47, 0x47, 0x47, 0x47, 0x47, 0x46, 0x45, 
    0x47, 0x47, 0x46, 0x46, 0x46, 0x47, 0x47, 0x45, 0x45, 0x47, 0x47, 0x46, 0x46, 0x47, 0x47, 0x47, 
    0x47, 0x46, 0x46, 0x46, 0x45, 0x47, 0x46, 0x46, 0x45, 0x47, 0x47, 0x47, 0x47, 0x46, 0x46, 0x46, 
    0x47, 0x47, 0x47, 0x46, 0x46, 0x47, 0x47, 0x45, 0x46, 0x47, 0x47, 0x46, 0x46, 0x47, 0x47, 0x47, 
    0x47, 0x46, 0x46, 0x46, 0x45, 0x47, 0x46, 0x46, 0x45, 0x47, 0x47, 0x47, 0x47, 0x46, 0x46, 0x46, 
    0x47, 0x47, 0x47, 0x46, 0x46, 0x47, 0x47, 0x45, 0x46, 0x47, 0x46, 0x46, 0x46, 0x47, 0x47, 0x47, 
    0x46, 0x46, 0x46, 0x46, 0x46, 0x47, 0x47, 0x46, 0x46, 0x45, 0x47, 0x47, 0x47, 0x46, 0x46, 0x46, 
    0x45, 0x47, 0x47, 0x47, 0x47, 0x47, 0x46, 0x46, 0x46, 0x47, 0x47, 0x46, 0x46, 0x47, 0x45, 0x47, 
    0x46, 0x46, 0x46, 0x46, 0x46, 0x47, 0x47, 0x46, 0x46, 0x45, 0x47, 0x47, 0x47, 0x46, 0x46, 0x46, 
    0x45, 0x47, 0x47, 0x47, 0x47, 0x47, 0x46, 0x46, 0x46, 0x47, 0x47, 0x47, 0x46, 0x47, 0x45, 0x47, 
    0x47, 0x47, 0x46, 0x46, 0x46, 0x47, 0x47, 0x46, 0x46, 0x46, 0x47, 0x47, 0x47, 0x46, 0x46, 0x46, 
    0x46, 0x45, 0x47, 0x46, 0x45, 0x46, 0x46, 0x46, 0x46, 0x47, 0x47, 0x47, 0x47, 0x47, 0x46, 0x47, 
    0x47, 0x47, 0x46, 0x46, 0x46, 0x47, 0x47, 0x46, 0x46, 0x46, 0x47, 0x47, 0x47, 0x46, 0x46, 0x46, 
    0x46, 0x45, 0x47, 0x46, 0x45, 0x46, 0x46, 0x46, 0x46, 0x47, 0x47, 0x47, 0x47, 0x47, 0x46, 0x47, 
    0x47, 0x47, 0x47, 0x47, 0x47, 0x47, 0x47, 0x47, 0x46, 0x46, 0x47, 0x47, 0x47, 0x46, 0x46, 0x46, 
    0x46, 0x46, 0x45, 0x46, 0x46, 0x45, 0x47, 0x47, 0x47, 0x45, 0x47, 0x47, 0x47, 0x45, 0x46, 0x45, 
    0x47, 0x47, 0x47, 0x47, 0x47, 0x47, 0x47, 0x47, 0x46, 0x46, 0x47, 0x47, 0x47, 0x46, 0x46, 0x46, 
    0x46, 0x46, 0x45, 0x46, 0x46, 0x45, 0x47, 0x47, 0x47, 0x45, 0x47, 0x47, 0x47, 0x45, 0x46, 0x45, 
    0x45, 0x47, 0x47, 0x47, 0x47, 0x45, 0x47, 0x47, 0x46, 0x46, 0x47, 0x47, 0x47, 0x46, 0x46, 0x46, 
    0x46, 0x46, 0x46, 0x47, 0x46, 0x46, 0x47, 0x47, 0x46, 0x46, 0x45, 0x47, 0x47, 0x46, 0x46, 0x46, 
    0x45, 0x47, 0x47, 0x47, 0x47, 0x45, 0x47, 0x47, 0x46, 0x46, 0x47, 0x47, 0x47, 0x46, 0x46, 0x46, 
    0x46, 0x46, 0x46, 0x47, 0x46, 0x46, 0x47, 0x47, 0x46, 0x46, 0x45, 0x47, 0x47, 0x46, 0x46, 0x46, 
    0x47, 0x47, 0x47, 0x45, 0x46, 0x46, 0x47, 0x47, 0x47, 0x47, 0x47, 0x47, 0x47, 0x46, 0x46, 0x47, 
    0x47, 0x47, 0x46, 0x47, 0x46, 0x46, 0x47, 0x47, 0x46, 0x46, 0x46, 0x47, 0x47, 0x46, 0x46, 0x46, 
    0x46, 0x47, 0x47, 0x45, 0x46, 0x46, 0x47, 0x47, 0x47, 0x47, 0x47, 0x47, 0x47, 0x46, 0x46, 0x47, 
    0x47, 0x47, 0x46, 0x47, 0x46, 0x46, 0x47, 0x47, 0x46, 0x46, 0x46, 0x47, 0x47, 0x46, 0x46, 0x46, 
    0x46, 0x47, 0x47, 0x46, 0x46, 0x46, 0x47, 0x47, 0x45, 0x45, 0x47, 0x47, 0x46, 0x46, 0x47, 0x47, 
    0x47, 0x47, 0x46, 0x47, 0x46, 0x46, 0x47, 0x47, 0x47, 0x47, 0x45, 0x45, 0x47, 0x47, 0x46, 0x46, 
    0x46, 0x47, 0x47, 0x46, 0x46, 0x46, 0x47, 0x47, 0x45, 0x45, 0x47, 0x47, 0x46, 0x46, 0x47, 0x47, 
    0x47, 0x47, 0x46, 0x47, 0x46, 0x46, 0x47, 0x47, 0x47, 0x47, 0x45, 0x45, 0x47, 0x47, 0x46, 0x47, 
    0x47, 0x47, 0x47, 0x47, 0x46, 0x46, 0x46, 0x47, 0x46, 0x46, 0x47, 0x47, 0x47, 0x46, 0x47, 0x47, 
    0x45, 0x47, 0x47, 0x47, 0x46, 0x46, 0x47, 0x47, 0x47, 0x45, 0x46, 0x46, 0x47, 0x47, 0x46, 0x46, 
    0x46, 0x47, 0x47, 0x47, 0x46, 0x46, 0x46, 0x47, 0x46, 0x46, 0x47, 0x47, 0x47, 0x46, 0x47, 0x47, 
    0x45, 0x47, 0x47, 0x47, 0x46, 0x46, 0x47, 0x47, 0x47, 0x45, 0x46, 0x46, 0x47, 0x47, 0x46, 0x47, 
    0x46, 0x47, 0x47, 0x47, 0x47, 0x46, 0x46, 0x47, 0x47, 0x46, 0x45, 0x47, 0x47, 0x47, 0x47, 0x46, 
    0x45, 0x47, 0x47, 0x47, 0x46, 0x46, 0x47, 0x47, 0x47, 0x46, 0x46, 0x46, 0x47, 0x47, 0x46, 0x46, 
    0x46, 0x47, 0x47, 0x47, 0x47, 0x46, 0x46, 0x47, 0x47, 0x46, 0x45, 0x47, 0x47, 0x47, 0x47, 0x46, 
    0x45, 0x47, 0x47, 0x47, 0x46, 0x46, 0x47, 0x47, 0x47, 0x46, 0x46, 0x46, 0x47, 0x47, 0x46, 0x47, 
    0x47, 0x47, 0x47, 0x45, 0x47, 0x47, 0x46, 0x47, 0x47, 0x46, 0x46, 0x47, 0x47, 0x47, 0x47, 0x45, 
    0x46, 0x47, 0x47, 0x46, 0x46, 0x46, 0x47, 0x47, 0x47, 0x46, 0x46, 0x47, 0x47, 0x47, 0x47, 0x47, 
    0x47, 0x47, 0x47, 0x45, 0x47, 0x47, 0x46, 0x47, 0x47, 0x46, 0x46, 0x47, 0x47, 0x47, 0x46, 0x45, 
    0x46, 0x47, 0x47, 0x46, 0x46, 0x46, 0x47, 0x47, 0x47, 0x46, 0x46, 0x47, 0x47, 0x47, 0x47, 0x47, 
    0x47, 0x47, 0x46, 0x45, 0x47, 0x47, 0x46, 0x47, 0x46, 0x45, 0x47, 0x47, 0x47, 0x47, 0x46, 0x47, 
    0x47, 0x47, 0x47, 0x47, 0x47, 0x47, 0x45, 0x45, 0x47, 0x47, 0x45, 0x46, 0x47, 0x45, 0x47, 0x47, 
    0x47, 0x47, 0x46, 0x45, 0x47, 0x47, 0x46, 0x47, 0x47, 0x45, 0x47, 0x47, 0x47, 0x47, 0x46, 0x47, 
    0x47, 0x47, 0x47, 0x46, 0x47, 0x47, 0x45, 0x45, 0x47, 0x47, 0x45, 0x47, 0x47, 0x45, 0x47, 0x47, 
    0x47, 0x47, 0x46, 0x46, 0x47, 0x47, 0x47, 0x47, 0x46, 0x45, 0x47, 0x46, 0x45, 0x47, 0x47, 0x47, 
    0x45, 0x45, 0x47, 0x47, 0x47, 0x47, 0x46, 0x46, 0x47, 0x47, 0x46, 0x45, 0x47, 0x46, 0x46, 0x45, 
    0x47, 0x47, 0x46, 0x46, 0x47, 0x47, 0x47, 0x47, 0x46, 0x45, 0x47, 0x46, 0x45, 0x47, 0x47, 0x47, 
    0x45, 0x45, 0x47, 0x47, 0x47, 0x47, 0x46, 0x46, 0x47, 0x47, 0x46, 0x45, 0x47, 0x46, 0x46, 0x45, 
    0x47, 0x47, 0x46, 0x46, 0x46, 0x47, 0x47, 0x47, 0x46, 0x46, 0x47, 0x46, 0x46, 0x45, 0x47, 0x47, 
    0x46, 0x46, 0x47, 0x47, 0x47, 0x47, 0x46, 0x46, 0x45, 0x47, 0x46, 0x46, 0x45, 0x46, 0x45, 0x46, 
    0x47, 0x47, 0x46, 0x46, 0x46, 0x47, 0x47, 0x47, 0x46, 0x46, 0x47, 0x46, 0x46, 0x45, 0x47, 0x47, 
    0x46, 0x46, 0x47, 0x47, 0x47, 0x47, 0x46, 0x46, 0x45, 0x47, 0x46, 0x46, 0x45, 0x46, 0x45, 0x46, 
    0x47, 0x47, 0x46, 0x46, 0x46, 0x47, 0x47, 0x46, 0x46, 0x46, 0x47, 0x46, 0x46, 0x46, 0x47, 0x46, 
    0x46, 0x46, 0x47, 0x47, 0x47, 0x45, 0x46, 0x46, 0x46, 0x47, 0x47, 0x46, 0x46, 0x47, 0x46, 0x46, 
    0x47, 0x46, 0x46, 0x46, 0x46, 0x47, 0x47, 0x46, 0x46, 0x46, 0x47, 0x46, 0x46, 0x46, 0x47, 0x46, 
    0x46, 0x46, 0x47, 0x47, 0x47, 0x45, 0x46, 0x46, 0x46, 0x47, 0x47, 0x46, 0x46, 0x47, 0x46, 0x46, 
    0x47, 0x47, 0x46, 0x46, 0x46, 0x47, 0x47, 0x46, 0x46, 0x47, 0x47, 0x47, 0x46, 0x46, 0x47, 0x46, 
    0x46, 0x47, 0x47, 0x47, 0x45, 0x46, 0x46, 0x47, 0x47, 0x47, 0x47, 0x46, 0x46, 0x47, 0x47, 0x46, 
    0x47, 0x47, 0x46, 0x46, 0x46, 0x47, 0x47, 0x46, 0x46, 0x47, 0x47, 0x47, 0x46, 0x46, 0x47, 0x46, 
    0x46, 0x47, 0x47, 0x47, 0x45, 0x46, 0x46, 0x47, 0x47, 0x47, 0x47, 0x46, 0x46, 0x47, 0x47, 0x46, 
    0x47, 0x47, 0x46, 0x46, 0x47, 0x47, 0x46, 0x46, 0x47, 0x47, 0x47, 0x45, 0x47, 0x47, 0x47, 0x47, 
    0x47, 0x47, 0x47, 0x47, 0x46, 0x46, 0x47, 0x47, 0x45, 0x46, 0x47, 0x47, 0x46, 0x47, 0x46, 0x47, 
    0x47, 0x47, 0x46, 0x46, 0x46, 0x47, 0x46, 0x46, 0x47, 0x47, 0x47, 0x45, 0x47, 0x47, 0x47, 0x47, 
    0x47, 0x47, 0x47, 0x47, 0x46, 0x46, 0x47, 0x47, 0x45, 0x46, 0x47, 0x47, 0x46, 0x47, 0x46, 0x47, 
    0x47, 0x47, 0x47, 0x47, 0x47, 0x47, 0x47, 0x47, 0x47, 0x47, 0x46, 0x46, 0x45, 0x47, 0x47, 0x47, 
    0x47, 0x45, 0x45, 0x45, 0x45, 0x47, 0x47, 0x45, 0x46, 0x45, 0x47, 0x47, 0x47, 0x47, 0x47, 0x47, 
    0x47, 0x47, 0x47, 0x47, 0x47, 0x47, 0x47, 0x47, 0x47, 0x47, 0x46, 0x46, 0x45, 0x47, 0x47, 0x47, 
    0x47, 0x45, 0x45, 0x45, 0x45, 0x47, 0x47, 0x45, 0x46, 0x45, 0x47, 0x47, 0x47, 0x47, 0x47, 0x47
};

uint8_t txt_burnedwood[] = {
    0x28, 0x28, 0x34, 0x28, 0x34, 0x28, 0x34, 0x28, 0x34, 0x28, 0x34, 0x28, 0x34, 0x34, 0x34, 0x28, 
    0x34, 0x28, 0x34, 0x28, 0x34, 0x28, 0x34, 0x28, 0x28, 0x28, 0x28, 0x34, 0x28, 0x34, 0x28, 0x28, 
    0x28, 0x28, 0x34, 0x28, 0x34, 0x28, 0x34, 0x28, 0x34, 0x28, 0x34, 0x28, 0x34, 0x34, 0x34, 0x28, 
    0x34, 0x28, 0x34, 0x28, 0x34, 0x28, 0x34, 0x28, 0x28, 0x28, 0x28, 0x34, 0x28, 0x34, 0x28, 0x28, 
    0x28, 0x28, 0x0A, 0x0A, 0x0A, 0x0A, 0x0A, 0x0A, 0x0A, 0x0A, 0x0A, 0x0A, 0x0A, 0x0A, 0x0A, 0x0A, 
    0x0A, 0x0A, 0x0A, 0x0A, 0x0A, 0x0A, 0x0A, 0x34, 0x28, 0x28, 0x0A, 0x0A, 0x0A, 0x0A, 0x0A, 0x24, 
    0x28, 0x28, 0x0A, 0x0A, 0x0A, 0x0A, 0x0A, 0x0A, 0x0A, 0x0A, 0x0A, 0x0A, 0x0A, 0x0A, 0x0A, 0x0A, 
    0x0A, 0x0A, 0x0A, 0x0A, 0x0A, 0x0A, 0x0A, 0x34, 0x28, 0x28, 0x0A, 0x0A, 0x0A, 0x0A, 0x0A, 0x24, 
    0x28, 0x0A, 0x0A, 0x0A, 0x0A, 0x0A, 0x0A, 0x0A, 0x0A, 0x0A, 0x0A, 0x0A, 0x0A, 0x0A, 0x0A, 0x0A, 
    0x0A, 0x0A, 0x0A, 0x0A, 0x0A, 0x0A, 0x0A, 0x0A, 0x34, 0x34, 0x0A, 0x0A, 0x0A, 0x0A, 0x0A, 0x0A, 
    0x34, 0x0A, 0x0A, 0x0A, 0x0A, 0x0A, 0x0A, 0x0A, 0x0A, 0x0A, 0x0A, 0x0A, 0x0A, 0x0A, 0x0A, 0x0A, 
    0x0A, 0x0A, 0x0A, 0x0A, 0x0A, 0x0A, 0x0A, 0x0A, 0x34, 0x34, 0x0A, 0x0A, 0x0A, 0x0A, 0x0A, 0x0A, 
    0x28, 0x0A, 0x0A, 0x0A, 0x0A, 0x0A, 0x0A, 0x0A, 0x0A, 0x0A, 0x0A, 0x0A, 0x0A, 0x0A, 0x0A, 0x0A, 
    0x0A, 0x0A, 0x0A, 0x0A, 0x0A, 0x0A, 0x0A, 0x0A, 0x0A, 0x34, 0x0A, 0x0A, 0x0A, 0x0A, 0x0A, 0x0A, 
    0x34, 0x0A, 0x0A, 0x0A, 0x0A, 0x0A, 0x0A, 0x0A, 0x0A, 0x0A, 0x0A, 0x0A, 0x0A, 0x0A, 0x0A, 0x0A, 
    0x0A, 0x0A, 0x0A, 0x0A, 0x0A, 0x0A, 0x0A, 0x0A, 0x0A, 0x34, 0x0A, 0x0A, 0x0A, 0x0A, 0x0A, 0x0A, 
    0x28, 0x0A, 0x0A, 0x0A, 0x0A, 0x0A, 0x0A, 0x0A, 0x0A, 0x34, 0x34, 0x0A, 0x0A, 0x0A, 0x0A, 0x0A, 
    0x0A, 0x0A, 0x0A, 0x0A, 0x0A, 0x34, 0x0A, 0x0A, 0x0A, 0x0A, 0x0A, 0x0A, 0x0A, 0x0A, 0x0A, 0x0A, 
    0x34, 0x0A, 0x0A, 0x0A, 0x0A, 0x0A, 0x0A, 0x0A, 0x0A, 0x34, 0x34, 0x0A, 0x0A, 0x0A, 0x0A, 0x0A, 
    0x0A, 0x0A, 0x0A, 0x0A, 0x0A, 0x34, 0x0A, 0x0A, 0x0A, 0x0A, 0x0A, 0x0A, 0x0A, 0x0A, 0x0A, 0x0A, 
    0x24, 0x28, 0x34, 0x0A, 0x0A, 0x0A, 0x0A, 0x0A, 0x0A, 0x34, 0x34, 0x0A, 0x0A, 0x0A, 0x0A, 0x0A, 
    0x0A, 0x0A, 0x34, 0x0A, 0x0A, 0x34, 0x34, 0x0A, 0x0A, 0x0A, 0x0A, 0x0A, 0x0A, 0x0A, 0x0A, 0x0A, 
    0x28, 0x24, 0x34, 0x0A, 0x0A, 0x0A, 0x0A, 0x0A, 0x0A, 0x34, 0x34, 0x0A, 0x0A, 0x0A, 0x0A, 0x0A, 
    0x0A, 0x0A, 0x34, 0x0A, 0x0A, 0x34, 0x34, 0x0A, 0x0A, 0x0A, 0x0A, 0x0A, 0x0A, 0x0A, 0x0A, 0x0A, 
    0x24, 0x24, 0x28, 0x34, 0x0A, 0x0A, 0x0A, 0x0A, 0x0A, 0x34, 0x28, 0x34, 0x34, 0x0A, 0x0A, 0x0A, 
    0x0A, 0x0A, 0x0A, 0x0A, 0x0A, 0x28, 0x28, 0x0A, 0x0A, 0x0A, 0x0A, 0x0A, 0x0A, 0x0A, 0x0A, 0x0A, 
    0x28, 0x24, 0x28, 0x34, 0x0A, 0x0A, 0x0A, 0x0A, 0x0A, 0x34, 0x28, 0x34, 0x34, 0x0A, 0x0A, 0x0A, 
    0x0A, 0x0A, 0x0A, 0x0A, 0x0A, 0x28, 0x28, 0x0A, 0x0A, 0x0A, 0x0A, 0x0A, 0x0A, 0x0A, 0x0A, 0x0A, 
    0x28, 0x24, 0x0A, 0x0A, 0x0A, 0x0A, 0x0A, 0x0A, 0x0A, 0x0A, 0x28, 0x28, 0x0A, 0x0A, 0x0A, 0x0A, 
    0x0A, 0x0A, 0x0A, 0x0A, 0x0A, 0x34, 0x28, 0x0A, 0x0A, 0x0A, 0x0A, 0x0A, 0x0A, 0x0A, 0x0A, 0x28, 
    0x28, 0x28, 0x34, 0x0A, 0x0A, 0x0A, 0x0A, 0x0A, 0x0A, 0x0A, 0x24, 0x28, 0x0A, 0x0A, 0x0A, 0x0A, 
    0x0A, 0x0A, 0x0A, 0x0A, 0x0A, 0x34, 0x28, 0x0A, 0x0A, 0x0A, 0x0A, 0x0A, 0x0A, 0x0A, 0x0A, 0x28, 
    0x28, 0x28, 0x34, 0x34, 0x34, 0x34, 0x34, 0x34, 0x34, 0x34, 0x28, 0x34, 0x34, 0x34, 0x34, 0x28, 
    0x34, 0x28, 0x34, 0x34, 0x34, 0x34, 0x34, 0x34, 0x34, 0x34, 0x34, 0x34, 0x34, 0x34, 0x34, 0x28, 
    0x28, 0x34, 0x34, 0x34, 0x34, 0x34, 0x34, 0x34, 0x34, 0x34, 0x34, 0x34, 0x34, 0x34, 0x34, 0x28, 
    0x34, 0x28, 0x34, 0x34, 0x34, 0x34, 0x34, 0x34, 0x34, 0x34, 0x34, 0x34, 0x34, 0x34, 0x34, 0x28, 
    0x0A, 0x0A, 0x0A, 0x0A, 0x0A, 0x0A, 0x0A, 0x0A, 0x34, 0x0A, 0x0A, 0x0A, 0x0A, 0x0A, 0x0A, 0x28, 
    0x28, 0x24, 0x34, 0x0A, 0x0A, 0x0A, 0x0A, 0x0A, 0x0A, 0x34, 0x0A, 0x34, 0x0A, 0x0A, 0x34, 0x0A, 
    0x0A, 0x0A, 0x0A, 0x0A, 0x0A, 0x0A, 0x0A, 0x34, 0x0A, 0x0A, 0x0A, 0x0A, 0x0A, 0x0A, 0x0A, 0x28, 
    0x28, 0x24, 0x34, 0x0A, 0x0A, 0x0A, 0x0A, 0x0A, 0x0A, 0x34, 0x0A, 0x0A, 0x34, 0x0A, 0x0A, 0x0A, 
    0x0A, 0x0A, 0x0A, 0x0A, 0x0A, 0x0A, 0x0A, 0x0A, 0x0A, 0x34, 0x34, 0x34, 0x34, 0x34, 0x34, 0x34, 
    0x28, 0x24, 0x28, 0x34, 0x0A, 0x0A, 0x0A, 0x0A, 0x0A, 0x0A, 0x0A, 0x0A, 0x34, 0x0A, 0x0A, 0x0A, 
    0x0A, 0x0A, 0x0A, 0x0A, 0x0A, 0x0A, 0x0A, 0x0A, 0x34, 0x34, 0x34, 0x34, 0x34, 0x34, 0x34, 0x34, 
    0x28, 0x24, 0x28, 0x34, 0x0A, 0x0A, 0x0A, 0x0A, 0x0A, 0x0A, 0x0A, 0x0A, 0x0A, 0x0A, 0x0A, 0x0A, 
    0x0A, 0x0A, 0x0A, 0x0A, 0x0A, 0x0A, 0x34, 0x0A, 0x34, 0x28, 0x28, 0x34, 0x28, 0x28, 0x28, 0x24, 
    0x28, 0x28, 0x34, 0x0A, 0x0A, 0x0A, 0x0A, 0x0A, 0x0A, 0x0A, 0x0A, 0x0A, 0x0A, 0x0A, 0x0A, 0x0A, 
    0x0A, 0x0A, 0x0A, 0x0A, 0x0A, 0x0A, 0x34, 0x0A, 0x34, 0x28, 0x28, 0x28, 0x28, 0x28, 0x28, 0x24, 
    0x28, 0x28, 0x34, 0x0A, 0x0A, 0x0A, 0x0A, 0x0A, 0x0A, 0x0A, 0x0A, 0x0A, 0x0A, 0x0A, 0x0A, 0x0A, 
    0x0A, 0x0A, 0x0A, 0x0A, 0x0A, 0x0A, 0x0A, 0x0A, 0x34, 0x0A, 0x0A, 0x0A, 0x0A, 0x34, 0x28, 0x28, 
    0x28, 0x34, 0x0A, 0x0A, 0x0A, 0x0A, 0x0A, 0x0A, 0x0A, 0x0A, 0x0A, 0x0A, 0x0A, 0x0A, 0x0A, 0x0A, 
    0x0A, 0x0A, 0x0A, 0x0A, 0x0A, 0x0A, 0x0A, 0x0A, 0x34, 0x0A, 0x0A, 0x0A, 0x34, 0x34, 0x28, 0x28, 
    0x28, 0x34, 0x0A, 0x0A, 0x0A, 0x0A, 0x0A, 0x0A, 0x0A, 0x0A, 0x0A, 0x0A, 0x0A, 0x0A, 0x0A, 0x0A, 
    0x0A, 0x0A, 0x0A, 0x0A, 0x0A, 0x0A, 0x0A, 0x0A, 0x0A, 0x0A, 0x0A, 0x0A, 0x0A, 0x0A, 0x0A, 0x0A, 
    0x28, 0x28, 0x24, 0x34, 0x0A, 0x0A, 0x0A, 0x0A, 0x0A, 0x0A, 0x0A, 0x0A, 0x0A, 0x0A, 0x0A, 0x0A, 
    0x0A, 0x0A, 0x0A, 0x0A, 0x0A, 0x0A, 0x0A, 0x0A, 0x0A, 0x0A, 0x0A, 0x0A, 0x0A, 0x0A, 0x0A, 0x0A, 
    0x28, 0x28, 0x28, 0x34, 0x0A, 0x0A, 0x0A, 0x0A, 0x0A, 0x0A, 0x0A, 0x0A, 0x0A, 0x0A, 0x0A, 0x0A, 
    0x0A, 0x0A, 0x0A, 0x0A, 0x0A, 0x0A, 0x0A, 0x0A, 0x0A, 0x0A, 0x0A, 0x0A, 0x0A, 0x0A, 0x0A, 0x0A, 
    0x28, 0x24, 0x24, 0x28, 0x28, 0x28, 0x34, 0x0A, 0x0A, 0x0A, 0x34, 0x0A, 0x0A, 0x0A, 0x0A, 0x0A, 
    0x0A, 0x0A, 0x0A, 0x0A, 0x0A, 0x0A, 0x0A, 0x0A, 0x0A, 0x0A, 0x0A, 0x0A, 0x0A, 0x0A, 0x0A, 0x0A, 
    0x28, 0x24, 0x24, 0x28, 0x28, 0x28, 0x34, 0x0A, 0x0A, 0x0A, 0x34, 0x0A, 0x0A, 0x0A, 0x0A, 0x0A, 
    0x0A, 0x0A, 0x0A, 0x0A, 0x0A, 0x0A, 0x0A, 0x0A, 0x0A, 0x0A, 0x0A, 0x0A, 0x34, 0x0A, 0x0A, 0x28, 
    0x28, 0x24, 0x34, 0x0A, 0x0A, 0x34, 0x0A, 0x0A, 0x0A, 0x0A, 0x28, 0x28, 0x0A, 0x0A, 0x0A, 0x0A, 
    0x0A, 0x0A, 0x0A, 0x0A, 0x0A, 0x0A, 0x0A, 0x0A, 0x0A, 0x0A, 0x0A, 0x0A, 0x0A, 0x0A, 0x34, 0x28, 
    0x28, 0x24, 0x34, 0x0A, 0x0A, 0x0A, 0x34, 0x0A, 0x0A, 0x0A, 0x28, 0x28, 0x0A, 0x0A, 0x0A, 0x0A, 
    0x28, 0x34, 0x34, 0x34, 0x34, 0x34, 0x28, 0x34, 0x34, 0x34, 0x34, 0x34, 0x34, 0x34, 0x34, 0x34, 
    0x28, 0x28, 0x34, 0x34, 0x34, 0x34, 0x34, 0x34, 0x34, 0x34, 0x28, 0x28, 0x34, 0x34, 0x34, 0x28, 
    0x28, 0x34, 0x34, 0x34, 0x34, 0x34, 0x28, 0x34, 0x34, 0x34, 0x34, 0x34, 0x34, 0x34, 0x34, 0x34, 
    0x28, 0x28, 0x34, 0x34, 0x34, 0x34, 0x34, 0x34, 0x34, 0x34, 0x28, 0x28, 0x34, 0x34, 0x34, 0x28, 
    0x28, 0x34, 0x0A, 0x0A, 0x0A, 0x34, 0x28, 0x0A, 0x0A, 0x0A, 0x0A, 0x0A, 0x0A, 0x0A, 0x0A, 0x0A, 
    0x0A, 0x28, 0x0A, 0x0A, 0x0A, 0x0A, 0x0A, 0x0A, 0x0A, 0x0A, 0x0A, 0x34, 0x34, 0x34, 0x34, 0x24, 
    0x28, 0x34, 0x34, 0x0A, 0x0A, 0x34, 0x28, 0x34, 0x0A, 0x34, 0x0A, 0x0A, 0x34, 0x0A, 0x0A, 0x0A, 
    0x0A, 0x28, 0x0A, 0x0A, 0x0A, 0x0A, 0x0A, 0x0A, 0x0A, 0x0A, 0x34, 0x34, 0x34, 0x34, 0x34, 0x24, 
    0x28, 0x0A, 0x0A, 0x0A, 0x0A, 0x0A, 0x34, 0x0A, 0x0A, 0x0A, 0x0A, 0x0A, 0x0A, 0x0A, 0x0A, 0x0A, 
    0x0A, 0x0A, 0x0A, 0x0A, 0x0A, 0x0A, 0x0A, 0x0A, 0x0A, 0x34, 0x34, 0x34, 0x28, 0x28, 0x24, 0x24, 
    0x28, 0x34, 0x0A, 0x0A, 0x0A, 0x0A, 0x34, 0x0A, 0x0A, 0x0A, 0x0A, 0x0A, 0x0A, 0x0A, 0x0A, 0x0A, 
    0x0A, 0x0A, 0x0A, 0x0A, 0x0A, 0x0A, 0x0A, 0x0A, 0x0A, 0x0A, 0x34, 0x34, 0x28, 0x28, 0x24, 0x24, 
    0x28, 0x34, 0x0A, 0x34, 0x0A, 0x0A, 0x0A, 0x0A, 0x0A, 0x0A, 0x0A, 0x0A, 0x0A, 0x0A, 0x0A, 0x0A, 
    0x0A, 0x0A, 0x0A, 0x0A, 0x0A, 0x0A, 0x0A, 0x0A, 0x0A, 0x0A, 0x34, 0x34, 0x28, 0x24, 0x28, 0x28, 
    0x28, 0x34, 0x34, 0x34, 0x0A, 0x0A, 0x0A, 0x0A, 0x0A, 0x0A, 0x0A, 0x0A, 0x0A, 0x0A, 0x0A, 0x0A, 
    0x0A, 0x0A, 0x0A, 0x0A, 0x0A, 0x0A, 0x0A, 0x0A, 0x0A, 0x0A, 0x34, 0x28, 0x28, 0x28, 0x24, 0x24, 
    0x28, 0x28, 0x28, 0x34, 0x0A, 0x0A, 0x0A, 0x0A, 0x0A, 0x0A, 0x0A, 0x0A, 0x0A, 0x0A, 0x0A, 0x0A, 
    0x0A, 0x0A, 0x0A, 0x0A, 0x0A, 0x34, 0x0A, 0x0A, 0x0A, 0x0A, 0x0A, 0x0A, 0x0A, 0x0A, 0x0A, 0x34, 
    0x28, 0x28, 0x28, 0x34, 0x0A, 0x0A, 0x0A, 0x0A, 0x0A, 0x0A, 0x0A, 0x0A, 0x0A, 0x0A, 0x34, 0x0A, 
    0x0A, 0x0A, 0x0A, 0x0A, 0x0A, 0x34, 0x0A, 0x0A, 0x0A, 0x0A, 0x0A, 0x0A, 0x0A, 0x0A, 0x0A, 0x0A, 
    0x28, 0x28, 0x28, 0x34, 0x0A, 0x0A, 0x0A, 0x0A, 0x0A, 0x0A, 0x0A, 0x0A, 0x0A, 0x0A, 0x34, 0x0A, 
    0x0A, 0x0A, 0x0A, 0x0A, 0x0A, 0x0A, 0x0A, 0x0A, 0x0A, 0x0A, 0x0A, 0x0A, 0x0A, 0x0A, 0x0A, 0x0A, 
    0x28, 0x28, 0x28, 0x34, 0x0A, 0x0A, 0x0A, 0x0A, 0x0A, 0x0A, 0x0A, 0x0A, 0x0A, 0x34, 0x0A, 0x0A, 
    0x0A, 0x0A, 0x0A, 0x0A, 0x0A, 0x0A, 0x0A, 0x0A, 0x0A, 0x0A, 0x0A, 0x0A, 0x0A, 0x0A, 0x0A, 0x0A, 
    0x34, 0x34, 0x0A, 0x0A, 0x0A, 0x0A, 0x0A, 0x0A, 0x0A, 0x0A, 0x0A, 0x0A, 0x0A, 0x34, 0x34, 0x34, 
    0x0A, 0x34, 0x0A, 0x34, 0x34, 0x0A, 0x0A, 0x0A, 0x0A, 0x0A, 0x0A, 0x0A, 0x0A, 0x0A, 0x0A, 0x0A, 
    0x34, 0x34, 0x0A, 0x0A, 0x0A, 0x0A, 0x0A, 0x0A, 0x0A, 0x0A, 0x0A, 0x0A, 0x0A, 0x34, 0x34, 0x0A, 
    0x0A, 0x0A, 0x0A, 0x34, 0x0A, 0x34, 0x0A, 0x0A, 0x0A, 0x0A, 0x0A, 0x0A, 0x0A, 0x0A, 0x0A, 0x0A, 
    0x28, 0x34, 0x0A, 0x0A, 0x0A, 0x0A, 0x0A, 0x0A, 0x0A, 0x0A, 0x0A, 0x0A, 0x34, 0x28, 0x28, 0x0A, 
    0x0A, 0x0A, 0x0A, 0x34, 0x34, 0x34, 0x0A, 0x34, 0x0A, 0x0A, 0x0A, 0x0A, 0x0A, 0x0A, 0x0A, 0x24, 
    0x28, 0x28, 0x0A, 0x0A, 0x0A, 0x0A, 0x0A, 0x34, 0x0A, 0x0A, 0x0A, 0x0A, 0x0A, 0x28, 0x28, 0x34, 
    0x0A, 0x34, 0x0A, 0x0A, 0x28, 0x0A, 0x0A, 0x34, 0x0A, 0x34, 0x0A, 0x34, 0x0A, 0x0A, 0x0A, 0x24, 
    0x34, 0x28, 0x28, 0x34, 0x34, 0x34, 0x34, 0x34, 0x34, 0x34, 0x34, 0x34, 0x34, 0x28, 0x28, 0x28, 
    0x28, 0x34, 0x34, 0x34, 0x34, 0x34, 0x34, 0x34, 0x34, 0x34, 0x34, 0x34, 0x34, 0x34, 0x34, 0x28, 
    0x28, 0x28, 0x28, 0x34, 0x34, 0x34, 0x34, 0x34, 0x34, 0x34, 0x34, 0x34, 0x34, 0x28, 0x28, 0x28, 
    0x34, 0x34, 0x34, 0x34, 0x28, 0x34, 0x34, 0x34, 0x34, 0x34, 0x34, 0x34, 0x34, 0x34, 0x34, 0x28, 
    0x0A, 0x28, 0x28, 0x0A, 0x0A, 0x0A, 0x0A, 0x0A, 0x0A, 0x0A, 0x0A, 0x0A, 0x0A, 0x0A, 0x0A, 0x24, 
    0x28, 0x34, 0x0A, 0x0A, 0x0A, 0x0A, 0x0A, 0x0A, 0x0A, 0x0A, 0x0A, 0x0A, 0x0A, 0x0A, 0x0A, 0x0A, 
    0x0A, 0x28, 0x28, 0x0A, 0x0A, 0x0A, 0x34, 0x0A, 0x0A, 0x34, 0x0A, 0x0A, 0x0A, 0x0A, 0x34, 0x24, 
    0x28, 0x34, 0x0A, 0x0A, 0x0A, 0x0A, 0x0A, 0x0A, 0x0A, 0x0A, 0x0A, 0x0A, 0x0A, 0x0A, 0x0A, 0x0A, 
    0x28, 0x28, 0x34, 0x0A, 0x0A, 0x0A, 0x0A, 0x0A, 0x0A, 0x0A, 0x0A, 0x0A, 0x0A, 0x34, 0x28, 0x24, 
    0x28, 0x0A, 0x0A, 0x0A, 0x0A, 0x0A, 0x0A, 0x0A, 0x0A, 0x0A, 0x0A, 0x0A, 0x0A, 0x0A, 0x0A, 0x0A, 
    0x34, 0x28, 0x34, 0x0A, 0x0A, 0x0A, 0x0A, 0x0A, 0x0A, 0x0A, 0x0A, 0x0A, 0x0A, 0x34, 0x28, 0x24, 
    0x34, 0x0A, 0x0A, 0x0A, 0x0A, 0x0A, 0x0A, 0x0A, 0x0A, 0x0A, 0x0A, 0x0A, 0x0A, 0x0A, 0x0A, 0x0A, 
    0x0A, 0x28, 0x34, 0x0A, 0x0A, 0x0A, 0x0A, 0x0A, 0x0A, 0x0A, 0x0A, 0x0A, 0x0A, 0x34, 0x28, 0x28, 
    0x28, 0x0A, 0x0A, 0x34, 0x0A, 0x0A, 0x0A, 0x0A, 0x0A, 0x0A, 0x0A, 0x0A, 0x0A, 0x0A, 0x0A, 0x34, 
    0x0A, 0x28, 0x34, 0x0A, 0x0A, 0x0A, 0x0A, 0x0A, 0x0A, 0x0A, 0x0A, 0x0A, 0x0A, 0x34, 0x28, 0x28, 
    0x28, 0x0A, 0x0A, 0x0A, 0x0A, 0x0A, 0x0A, 0x0A, 0x0A, 0x0A, 0x0A, 0x0A, 0x0A, 0x0A, 0x0A, 0x0A, 
    0x0A, 0x0A, 0x0A, 0x0A, 0x0A, 0x0A, 0x0A, 0x0A, 0x34, 0x0A, 0x0A, 0x0A, 0x0A, 0x0A, 0x0A, 0x0A, 
    0x28, 0x28, 0x28, 0x28, 0x0A, 0x0A, 0x0A, 0x0A, 0x0A, 0x0A, 0x0A, 0x0A, 0x0A, 0x0A, 0x0A, 0x0A, 
    0x0A, 0x0A, 0x0A, 0x0A, 0x0A, 0x0A, 0x0A, 0x0A, 0x34, 0x0A, 0x0A, 0x0A, 0x0A, 0x0A, 0x0A, 0x0A, 
    0x28, 0x28, 0x28, 0x28, 0x0A, 0x0A, 0x0A, 0x0A, 0x0A, 0x0A, 0x0A, 0x0A, 0x0A, 0x0A, 0x0A, 0x0A, 
    0x0A, 0x0A, 0x0A, 0x0A, 0x0A, 0x0A, 0x0A, 0x0A, 0x28, 0x34, 0x0A, 0x0A, 0x0A, 0x0A, 0x0A, 0x0A, 
    0x28, 0x28, 0x24, 0x28, 0x34, 0x0A, 0x0A, 0x34, 0x34, 0x0A, 0x0A, 0x0A, 0x0A, 0x0A, 0x34, 0x34, 
    0x34, 0x0A, 0x0A, 0x0A, 0x0A, 0x0A, 0x0A, 0x34, 0x34, 0x34, 0x0A, 0x0A, 0x0A, 0x0A, 0x0A, 0x0A, 
    0x28, 0x28, 0x28, 0x28, 0x34, 0x0A, 0x0A, 0x34, 0x34, 0x0A, 0x0A, 0x0A, 0x0A, 0x0A, 0x34, 0x34, 
    0x28, 0x0A, 0x0A, 0x0A, 0x0A, 0x0A, 0x0A, 0x0A, 0x28, 0x34, 0x0A, 0x0A, 0x0A, 0x0A, 0x0A, 0x0A, 
    0x34, 0x34, 0x0A, 0x0A, 0x0A, 0x0A, 0x0A, 0x28, 0x34, 0x34, 0x0A, 0x0A, 0x0A, 0x0A, 0x34, 0x28, 
    0x34, 0x0A, 0x0A, 0x0A, 0x0A, 0x0A, 0x0A, 0x0A, 0x28, 0x28, 0x34, 0x0A, 0x0A, 0x0A, 0x0A, 0x0A, 
    0x34, 0x34, 0x0A, 0x0A, 0x0A, 0x0A, 0x34, 0x34, 0x34, 0x34, 0x0A, 0x0A, 0x0A, 0x0A, 0x34, 0x28, 
    0x28, 0x0A, 0x0A, 0x0A, 0x0A, 0x0A, 0x0A, 0x0A, 0x28, 0x28, 0x0A, 0x0A, 0x0A, 0x0A, 0x0A, 0x28, 
    0x28, 0x28, 0x0A, 0x0A, 0x0A, 0x0A, 0x0A, 0x28, 0x24, 0x28, 0x34, 0x0A, 0x0A, 0x0A, 0x34, 0x28, 
    0x28, 0x34, 0x0A, 0x0A, 0x0A, 0x0A, 0x0A, 0x34, 0x28, 0x28, 0x0A, 0x0A, 0x0A, 0x0A, 0x34, 0x28, 
    0x28, 0x28, 0x0A, 0x0A, 0x0A, 0x0A, 0x0A, 0x28, 0x24, 0x28, 0x34, 0x0A, 0x0A, 0x34, 0x0A, 0x28, 
    0x28, 0x34, 0x34, 0x34, 0x34, 0x34, 0x34, 0x34, 0x28, 0x28, 0x34, 0x34, 0x34, 0x34, 0x34, 0x34, 
    0x28, 0x28, 0x34, 0x34, 0x34, 0x34, 0x34, 0x28, 0x28, 0x28, 0x34, 0x34, 0x34, 0x34, 0x34, 0x28, 
    0x28, 0x28, 0x34, 0x34, 0x34, 0x34, 0x34, 0x34, 0x28, 0x28, 0x34, 0x34, 0x34, 0x34, 0x34, 0x34, 
    0x28, 0x28, 0x34, 0x34, 0x34, 0x34, 0x34, 0x28, 0x28, 0x28, 0x34, 0x34, 0x34, 0x34, 0x34, 0x28, 
    0x28, 0x28, 0x0A, 0x0A, 0x0A, 0x0A, 0x0A, 0x0A, 0x0A, 0x0A, 0x0A, 0x0A, 0x0A, 0x0A, 0x0A, 0x0A, 
    0x0A, 0x0A, 0x0A, 0x0A, 0x0A, 0x0A, 0x0A, 0x34, 0x28, 0x34, 0x34, 0x0A, 0x0A, 0x0A, 0x34, 0x28, 
    0x28, 0x34, 0x0A, 0x0A, 0x0A, 0x34, 0x0A, 0x0A, 0x0A, 0x0A, 0x0A, 0x0A, 0x0A, 0x0A, 0x0A, 0x0A, 
    0x0A, 0x0A, 0x0A, 0x0A, 0x0A, 0x0A, 0x0A, 0x34, 0x28, 0x28, 0x34, 0x0A, 0x0A, 0x0A, 0x0A, 0x24, 
    0x28, 0x0A, 0x0A, 0x0A, 0x0A, 0x0A, 0x0A, 0x0A, 0x0A, 0x0A, 0x0A, 0x0A, 0x0A, 0x0A, 0x0A, 0x0A, 
    0x0A, 0x0A, 0x0A, 0x0A, 0x0A, 0x0A, 0x0A, 0x0A, 0x34, 0x28, 0x0A, 0x0A, 0x0A, 0x0A, 0x0A, 0x0A, 
    0x34, 0x0A, 0x0A, 0x0A, 0x0A, 0x0A, 0x0A, 0x0A, 0x0A, 0x0A, 0x0A, 0x0A, 0x0A, 0x0A, 0x0A, 0x0A, 
    0x0A, 0x0A, 0x0A, 0x0A, 0x0A, 0x0A, 0x0A, 0x0A, 0x34, 0x34, 0x0A, 0x0A, 0x0A, 0x0A, 0x0A, 0x34, 
    0x28, 0x0A, 0x0A, 0x0A, 0x0A, 0x0A, 0x0A, 0x0A, 0x0A, 0x0A, 0x0A, 0x0A, 0x0A, 0x0A, 0x0A, 0x0A, 
    0x0A, 0x0A, 0x0A, 0x0A, 0x0A, 0x0A, 0x0A, 0x0A, 0x0A, 0x34, 0x0A, 0x0A, 0x0A, 0x0A, 0x0A, 0x0A, 
    0x34, 0x0A, 0x0A, 0x0A, 0x0A, 0x0A, 0x0A, 0x0A, 0x0A, 0x0A, 0x0A, 0x0A, 0x0A, 0x0A, 0x0A, 0x0A, 
    0x0A, 0x0A, 0x0A, 0x0A, 0x0A, 0x0A, 0x0A, 0x0A, 0x0A, 0x34, 0x0A, 0x0A, 0x0A, 0x0A, 0x0A, 0x0A, 
    0x28, 0x0A, 0x0A, 0x0A, 0x0A, 0x0A, 0x0A, 0x0A, 0x0A, 0x34, 0x34, 0x0A, 0x0A, 0x0A, 0x0A, 0x0A, 
    0x0A, 0x0A, 0x0A, 0x0A, 0x34, 0x34, 0x0A, 0x0A, 0x0A, 0x0A, 0x0A, 0x0A, 0x0A, 0x0A, 0x0A, 0x0A, 
    0x34, 0x34, 0x0A, 0x0A, 0x0A, 0x0A, 0x0A, 0x0A, 0x0A, 0x34, 0x34, 0x0A, 0x0A, 0x0A, 0x0A, 0x0A, 
    0x0A, 0x0A, 0x0A, 0x0A, 0x0A, 0x34, 0x0A, 0x0A, 0x0A, 0x0A, 0x0A, 0x0A, 0x0A, 0x0A, 0x0A, 0x0A, 
    0x24, 0x28, 0x34, 0x0A, 0x0A, 0x0A, 0x0A, 0x0A, 0x0A, 0x34, 0x34, 0x0A, 0x0A, 0x0A, 0x0A, 0x0A, 
    0x0A, 0x0A, 0x34, 0x0A, 0x0A, 0x34, 0x0A, 0x0A, 0x0A, 0x0A, 0x0A, 0x0A, 0x0A, 0x0A, 0x0A, 0x0A, 
    0x28, 0x28, 0x34, 0x0A, 0x0A, 0x0A, 0x0A, 0x0A, 0x0A, 0x34, 0x34, 0x0A, 0x0A, 0x0A, 0x0A, 0x0A, 
    0x0A, 0x0A, 0x34, 0x0A, 0x34, 0x34, 0x34, 0x0A, 0x0A, 0x0A, 0x0A, 0x0A, 0x0A, 0x0A, 0x0A, 0x0A, 
    0x24, 0x24, 0x28, 0x34, 0x0A, 0x0A, 0x0A, 0x0A, 0x0A, 0x34, 0x34, 0x34, 0x0A, 0x0A, 0x0A, 0x0A, 
    0x0A, 0x0A, 0x0A, 0x0A, 0x0A, 0x28, 0x28, 0x0A, 0x0A, 0x0A, 0x0A, 0x0A, 0x0A, 0x0A, 0x0A, 0x0A, 
    0x28, 0x24, 0x28, 0x34, 0x34, 0x0A, 0x0A, 0x0A, 0x0A, 0x34, 0x28, 0x34, 0x34, 0x0A, 0x0A, 0x0A, 
    0x0A, 0x0A, 0x0A, 0x0A, 0x0A, 0x28, 0x28, 0x0A, 0x0A, 0x0A, 0x0A, 0x0A, 0x0A, 0x0A, 0x0A, 0x0A, 
    0x28, 0x24, 0x0A, 0x0A, 0x0A, 0x0A, 0x0A, 0x0A, 0x0A, 0x0A, 0x28, 0x28, 0x0A, 0x0A, 0x0A, 0x0A, 
    0x0A, 0x0A, 0x0A, 0x34, 0x0A, 0x34, 0x28, 0x0A, 0x0A, 0x0A, 0x0A, 0x0A, 0x0A, 0x0A, 0x0A, 0x28, 
    0x28, 0x28, 0x34, 0x0A, 0x0A, 0x0A, 0x0A, 0x0A, 0x0A, 0x0A, 0x28, 0x28, 0x0A, 0x0A, 0x0A, 0x0A, 
    0x0A, 0x0A, 0x0A, 0x0A, 0x0A, 0x34, 0x28, 0x34, 0x0A, 0x0A, 0x0A, 0x0A, 0x0A, 0x0A, 0x0A, 0x28, 
    0x28, 0x28, 0x34, 0x34, 0x34, 0x34, 0x34, 0x34, 0x34, 0x34, 0x28, 0x34, 0x34, 0x34, 0x34, 0x34, 
    0x34, 0x28, 0x34, 0x34, 0x34, 0x34, 0x28, 0x34, 0x34, 0x34, 0x34, 0x34, 0x34, 0x34, 0x34, 0x28, 
    0x34, 0x28, 0x34, 0x34, 0x34, 0x34, 0x34, 0x34, 0x34, 0x34, 0x28, 0x34, 0x34, 0x34, 0x34, 0x28, 
    0x28, 0x28, 0x34, 0x34, 0x34, 0x34, 0x34, 0x34, 0x34, 0x34, 0x34, 0x34, 0x34, 0x34, 0x34, 0x34, 
    0x0A, 0x0A, 0x0A, 0x0A, 0x0A, 0x0A, 0x0A, 0x0A, 0x0A, 0x0A, 0x34, 0x0A, 0x0A, 0x0A, 0x0A, 0x28, 
    0x28, 0x28, 0x34, 0x0A, 0x0A, 0x0A, 0x0A, 0x0A, 0x0A, 0x0A, 0x34, 0x0A, 0x34, 0x0A, 0x34, 0x0A, 
    0x0A, 0x0A, 0x0A, 0x0A, 0x0A, 0x34, 0x0A, 0x0A, 0x34, 0x0A, 0x0A, 0x0A, 0x34, 0x0A, 0x34, 0x28, 
    0x28, 0x28, 0x34, 0x0A, 0x0A, 0x0A, 0x0A, 0x0A, 0x0A, 0x0A, 0x0A, 0x0A, 0x34, 0x0A, 0x0A, 0x0A, 
    0x0A, 0x0A, 0x0A, 0x0A, 0x0A, 0x0A, 0x0A, 0x0A, 0x34, 0x34, 0x34, 0x34, 0x34, 0x34, 0x34, 0x34, 
    0x28, 0x24, 0x28, 0x34, 0x0A, 0x0A, 0x0A, 0x0A, 0x0A, 0x0A, 0x0A, 0x0A, 0x0A, 0x0A, 0x0A, 0x0A, 
    0x0A, 0x0A, 0x0A, 0x0A, 0x0A, 0x0A, 0x0A, 0x0A, 0x0A, 0x34, 0x34, 0x34, 0x34, 0x34, 0x34, 0x34, 
    0x28, 0x24, 0x28, 0x34, 0x0A, 0x0A, 0x0A, 0x0A, 0x0A, 0x0A, 0x0A, 0x0A, 0x0A, 0x0A, 0x0A, 0x0A, 
    0x0A, 0x0A, 0x0A, 0x0A, 0x0A, 0x0A, 0x0A, 0x0A, 0x34, 0x28, 0x28, 0x34, 0x28, 0x28, 0x28, 0x24, 
    0x28, 0x28, 0x34, 0x0A, 0x0A, 0x0A, 0x0A, 0x0A, 0x0A, 0x0A, 0x0A, 0x0A, 0x0A, 0x0A, 0x0A, 0x0A, 
    0x0A, 0x0A, 0x0A, 0x0A, 0x0A, 0x0A, 0x0A, 0x0A, 0x34, 0x28, 0x28, 0x28, 0x28, 0x28, 0x28, 0x24, 
    0x28, 0x28, 0x34, 0x0A, 0x0A, 0x0A, 0x0A, 0x0A, 0x0A, 0x0A, 0x0A, 0x0A, 0x0A, 0x0A, 0x0A, 0x0A, 
    0x0A, 0x0A, 0x0A, 0x0A, 0x0A, 0x0A, 0x0A, 0x0A, 0x34, 0x0A, 0x0A, 0x0A, 0x0A, 0x34, 0x28, 0x28, 
    0x28, 0x34, 0x0A, 0x0A, 0x0A, 0x0A, 0x0A, 0x0A, 0x0A, 0x0A, 0x0A, 0x0A, 0x0A, 0x0A, 0x0A, 0x0A, 
    0x0A, 0x0A, 0x0A, 0x0A, 0x0A, 0x0A, 0x0A, 0x0A, 0x0A, 0x0A, 0x0A, 0x0A, 0x34, 0x34, 0x28, 0x28, 
    0x28, 0x34, 0x0A, 0x0A, 0x0A, 0x0A, 0x0A, 0x0A, 0x0A, 0x0A, 0x0A, 0x0A, 0x0A, 0x0A, 0x0A, 0x0A, 
    0x0A, 0x0A, 0x0A, 0x0A, 0x0A, 0x0A, 0x0A, 0x0A, 0x0A, 0x0A, 0x0A, 0x0A, 0x0A, 0x0A, 0x0A, 0x0A, 
    0x28, 0x28, 0x28, 0x34, 0x0A, 0x0A, 0x0A, 0x0A, 0x0A, 0x0A, 0x0A, 0x0A, 0x0A, 0x0A, 0x0A, 0x0A, 
    0x0A, 0x0A, 0x0A, 0x0A, 0x0A, 0x0A, 0x0A, 0x0A, 0x0A, 0x0A, 0x0A, 0x0A, 0x0A, 0x0A, 0x0A, 0x0A, 
    0x28, 0x28, 0x28, 0x34, 0x34, 0x0A, 0x0A, 0x0A, 0x0A, 0x0A, 0x0A, 0x0A, 0x0A, 0x0A, 0x0A, 0x0A, 
    0x0A, 0x0A, 0x0A, 0x0A, 0x0A, 0x0A, 0x0A, 0x0A, 0x0A, 0x0A, 0x0A, 0x0A, 0x0A, 0x0A, 0x0A, 0x0A, 
    0x28, 0x24, 0x24, 0x28, 0x28, 0x34, 0x34, 0x0A, 0x0A, 0x0A, 0x34, 0x34, 0x0A, 0x0A, 0x0A, 0x0A, 
    0x0A, 0x0A, 0x0A, 0x0A, 0x0A, 0x0A, 0x0A, 0x0A, 0x0A, 0x0A, 0x0A, 0x0A, 0x0A, 0x0A, 0x0A, 0x0A, 
    0x28, 0x24, 0x24, 0x28, 0x28, 0x34, 0x34, 0x0A, 0x0A, 0x0A, 0x34, 0x0A, 0x0A, 0x0A, 0x0A, 0x0A, 
    0x0A, 0x0A, 0x0A, 0x0A, 0x0A, 0x0A, 0x0A, 0x0A, 0x0A, 0x0A, 0x0A, 0x0A, 0x34, 0x0A, 0x34, 0x28, 
    0x28, 0x24, 0x34, 0x0A, 0x0A, 0x34, 0x0A, 0x34, 0x0A, 0x0A, 0x28, 0x28, 0x0A, 0x0A, 0x0A, 0x0A, 
    0x0A, 0x0A, 0x0A, 0x0A, 0x0A, 0x0A, 0x0A, 0x0A, 0x0A, 0x0A, 0x0A, 0x0A, 0x0A, 0x0A, 0x0A, 0x28, 
    0x28, 0x24, 0x34, 0x0A, 0x0A, 0x34, 0x0A, 0x0A, 0x0A, 0x0A, 0x28, 0x28, 0x34, 0x0A, 0x0A, 0x0A, 
    0x28, 0x34, 0x34, 0x34, 0x34, 0x34, 0x28, 0x34, 0x34, 0x34, 0x34, 0x34, 0x34, 0x34, 0x34, 0x34, 
    0x28, 0x28, 0x34, 0x34, 0x34, 0x34, 0x34, 0x34, 0x34, 0x34, 0x28, 0x28, 0x34, 0x34, 0x34, 0x28, 
    0x34, 0x34, 0x34, 0x34, 0x34, 0x34, 0x28, 0x34, 0x34, 0x34, 0x34, 0x34, 0x34, 0x34, 0x34, 0x34, 
    0x28, 0x28, 0x34, 0x34, 0x34, 0x34, 0x34, 0x34, 0x34, 0x34, 0x28, 0x28, 0x34, 0x34, 0x34, 0x28, 
    0x28, 0x34, 0x0A, 0x0A, 0x0A, 0x34, 0x28, 0x0A, 0x0A, 0x0A, 0x0A, 0x0A, 0x0A, 0x0A, 0x0A, 0x0A, 
    0x0A, 0x28, 0x0A, 0x0A, 0x0A, 0x0A, 0x0A, 0x0A, 0x0A, 0x0A, 0x34, 0x34, 0x34, 0x34, 0x34, 0x24, 
    0x28, 0x34, 0x34, 0x0A, 0x0A, 0x34, 0x28, 0x0A, 0x0A, 0x0A, 0x0A, 0x0A, 0x0A, 0x34, 0x0A, 0x0A, 
    0x0A, 0x28, 0x0A, 0x0A, 0x0A, 0x0A, 0x0A, 0x0A, 0x0A, 0x34, 0x0A, 0x34, 0x34, 0x34, 0x34, 0x24, 
    0x28, 0x0A, 0x0A, 0x0A, 0x0A, 0x0A, 0x34, 0x0A, 0x0A, 0x0A, 0x0A, 0x0A, 0x0A, 0x0A, 0x0A, 0x0A, 
    0x0A, 0x0A, 0x0A, 0x0A, 0x0A, 0x0A, 0x0A, 0x0A, 0x0A, 0x34, 0x34, 0x34, 0x34, 0x24, 0x24, 0x24, 
    0x28, 0x0A, 0x0A, 0x0A, 0x0A, 0x0A, 0x34, 0x0A, 0x0A, 0x0A, 0x0A, 0x0A, 0x0A, 0x0A, 0x0A, 0x0A, 
    0x0A, 0x0A, 0x0A, 0x0A, 0x0A, 0x0A, 0x0A, 0x0A, 0x0A, 0x0A, 0x34, 0x28, 0x34, 0x24, 0x24, 0x24, 
    0x28, 0x34, 0x0A, 0x34, 0x0A, 0x0A, 0x0A, 0x0A, 0x0A, 0x0A, 0x0A, 0x0A, 0x0A, 0x0A, 0x0A, 0x0A, 
    0x0A, 0x0A, 0x0A, 0x0A, 0x0A, 0x0A, 0x0A, 0x0A, 0x0A, 0x0A, 0x34, 0x28, 0x24, 0x28, 0x28, 0x28, 
    0x28, 0x34, 0x34, 0x0A, 0x0A, 0x0A, 0x0A, 0x0A, 0x0A, 0x0A, 0x0A, 0x0A, 0x0A, 0x0A, 0x0A, 0x0A, 
    0x0A, 0x0A, 0x0A, 0x0A, 0x0A, 0x0A, 0x0A, 0x0A, 0x0A, 0x0A, 0x34, 0x28, 0x28, 0x28, 0x28, 0x24, 
    0x28, 0x28, 0x28, 0x34, 0x0A, 0x0A, 0x0A, 0x0A, 0x0A, 0x0A, 0x0A, 0x0A, 0x0A, 0x0A, 0x0A, 0x0A, 
    0x0A, 0x0A, 0x0A, 0x0A, 0x0A, 0x34, 0x0A, 0x0A, 0x0A, 0x0A, 0x0A, 0x0A, 0x0A, 0x0A, 0x0A, 0x0A, 
    0x28, 0x28, 0x28, 0x34, 0x0A, 0x0A, 0x0A, 0x0A, 0x0A, 0x0A, 0x0A, 0x0A, 0x0A, 0x0A, 0x0A, 0x0A, 
    0x0A, 0x0A, 0x0A, 0x0A, 0x0A, 0x0A, 0x0A, 0x0A, 0x0A, 0x0A, 0x0A, 0x0A, 0x0A, 0x34, 0x0A, 0x0A, 
    0x28, 0x28, 0x28, 0x34, 0x0A, 0x0A, 0x0A, 0x0A, 0x0A, 0x0A, 0x0A, 0x0A, 0x0A, 0x0A, 0x0A, 0x0A, 
    0x0A, 0x0A, 0x0A, 0x0A, 0x0A, 0x0A, 0x0A, 0x0A, 0x0A, 0x0A, 0x0A, 0x0A, 0x0A, 0x0A, 0x0A, 0x0A, 
    0x28, 0x28, 0x28, 0x34, 0x0A, 0x0A, 0x0A, 0x0A, 0x0A, 0x0A, 0x0A, 0x0A, 0x0A, 0x0A, 0x34, 0x0A, 
    0x0A, 0x0A, 0x0A, 0x0A, 0x0A, 0x0A, 0x0A, 0x0A, 0x0A, 0x0A, 0x0A, 0x0A, 0x0A, 0x0A, 0x0A, 0x0A, 
    0x34, 0x34, 0x0A, 0x0A, 0x0A, 0x0A, 0x0A, 0x0A, 0x0A, 0x0A, 0x0A, 0x0A, 0x0A, 0x34, 0x34, 0x0A, 
    0x0A, 0x34, 0x0A, 0x34, 0x34, 0x0A, 0x0A, 0x0A, 0x0A, 0x0A, 0x0A, 0x0A, 0x0A, 0x0A, 0x0A, 0x34, 
    0x34, 0x34, 0x0A, 0x0A, 0x0A, 0x0A, 0x0A, 0x0A, 0x0A, 0x0A, 0x0A, 0x0A, 0x0A, 0x34, 0x34, 0x34, 
    0x0A, 0x0A, 0x0A, 0x0A, 0x0A, 0x0A, 0x0A, 0x0A, 0x0A, 0x0A, 0x0A, 0x0A, 0x0A, 0x0A, 0x0A, 0x34, 
    0x28, 0x28, 0x0A, 0x0A, 0x0A, 0x0A, 0x0A, 0x0A, 0x0A, 0x0A, 0x0A, 0x0A, 0x34, 0x28, 0x28, 0x0A, 
    0x0A, 0x34, 0x0A, 0x0A, 0x28, 0x0A, 0x34, 0x0A, 0x0A, 0x34, 0x0A, 0x34, 0x0A, 0x0A, 0x34, 0x28, 
    0x28, 0x34, 0x0A, 0x0A, 0x0A, 0x0A, 0x0A, 0x0A, 0x0A, 0x34, 0x0A, 0x0A, 0x0A, 0x28, 0x28, 0x0A, 
    0x0A, 0x0A, 0x34, 0x0A, 0x28, 0x0A, 0x0A, 0x0A, 0x0A, 0x0A, 0x0A, 0x34, 0x0A, 0x0A, 0x0A, 0x24, 
    0x34, 0x28, 0x28, 0x34, 0x34, 0x34, 0x34, 0x34, 0x34, 0x34, 0x34, 0x34, 0x34, 0x34, 0x28, 0x28, 
    0x28, 0x34, 0x34, 0x34, 0x28, 0x34, 0x34, 0x34, 0x34, 0x34, 0x34, 0x34, 0x34, 0x34, 0x34, 0x34, 
    0x28, 0x28, 0x28, 0x34, 0x34, 0x34, 0x34, 0x34, 0x34, 0x34, 0x34, 0x34, 0x34, 0x28, 0x28, 0x28, 
    0x28, 0x34, 0x34, 0x34, 0x34, 0x34, 0x34, 0x34, 0x34, 0x34, 0x34, 0x34, 0x34, 0x34, 0x34, 0x34, 
    0x0A, 0x28, 0x28, 0x0A, 0x0A, 0x0A, 0x0A, 0x0A, 0x0A, 0x0A, 0x0A, 0x0A, 0x0A, 0x0A, 0x34, 0x24, 
    0x28, 0x34, 0x0A, 0x0A, 0x0A, 0x0A, 0x0A, 0x0A, 0x0A, 0x0A, 0x0A, 0x0A, 0x0A, 0x0A, 0x0A, 0x0A, 
    0x34, 0x28, 0x28, 0x0A, 0x0A, 0x0A, 0x0A, 0x0A, 0x0A, 0x0A, 0x0A, 0x0A, 0x0A, 0x0A, 0x34, 0x24, 
    0x28, 0x34, 0x0A, 0x0A, 0x0A, 0x0A, 0x0A, 0x0A, 0x0A, 0x0A, 0x0A, 0x0A, 0x0A, 0x0A, 0x0A, 0x0A, 
    0x28, 0x28, 0x34, 0x0A, 0x0A, 0x0A, 0x0A, 0x0A, 0x0A, 0x0A, 0x0A, 0x0A, 0x0A, 0x34, 0x28, 0x24, 
    0x28, 0x0A, 0x0A, 0x0A, 0x0A, 0x0A, 0x0A, 0x0A, 0x0A, 0x0A, 0x0A, 0x0A, 0x0A, 0x0A, 0x0A, 0x0A, 
    0x34, 0x28, 0x34, 0x0A, 0x0A, 0x0A, 0x0A, 0x0A, 0x0A, 0x0A, 0x0A, 0x0A, 0x0A, 0x34, 0x28, 0x24, 
    0x28, 0x0A, 0x0A, 0x0A, 0x0A, 0x0A, 0x0A, 0x0A, 0x0A, 0x0A, 0x0A, 0x0A, 0x0A, 0x0A, 0x0A, 0x0A, 
    0x0A, 0x28, 0x34, 0x0A, 0x0A, 0x0A, 0x0A, 0x0A, 0x0A, 0x0A, 0x0A, 0x0A, 0x0A, 0x34, 0x28, 0x28, 
    0x28, 0x0A, 0x34, 0x0A, 0x0A, 0x0A, 0x0A, 0x0A, 0x0A, 0x0A, 0x0A, 0x0A, 0x0A, 0x0A, 0x0A, 0x0A, 
    0x34, 0x34, 0x34, 0x0A, 0x0A, 0x0A, 0x0A, 0x0A, 0x0A, 0x0A, 0x0A, 0x0A, 0x0A, 0x34, 0x28, 0x28, 
    0x28, 0x0A, 0x0A, 0x0A, 0x0A, 0x0A, 0x0A, 0x0A, 0x0A, 0x0A, 0x0A, 0x0A, 0x0A, 0x0A, 0x0A, 0x0A, 
    0x0A, 0x0A, 0x0A, 0x0A, 0x0A, 0x0A, 0x0A, 0x0A, 0x34, 0x0A, 0x0A, 0x0A, 0x0A, 0x0A, 0x0A, 0x0A, 
    0x28, 0x28, 0x28, 0x28, 0x0A, 0x0A, 0x0A, 0x0A, 0x0A, 0x0A, 0x0A, 0x0A, 0x0A, 0x0A, 0x0A, 0x0A, 
    0x0A, 0x0A, 0x0A, 0x0A, 0x0A, 0x0A, 0x0A, 0x0A, 0x34, 0x0A, 0x0A, 0x0A, 0x0A, 0x0A, 0x0A, 0x0A, 
    0x28, 0x28, 0x28, 0x28, 0x0A, 0x0A, 0x0A, 0x0A, 0x0A, 0x0A, 0x0A, 0x0A, 0x0A, 0x0A, 0x0A, 0x0A, 
    0x0A, 0x0A, 0x0A, 0x0A, 0x0A, 0x0A, 0x0A, 0x0A, 0x28, 0x34, 0x0A, 0x0A, 0x0A, 0x0A, 0x0A, 0x0A, 
    0x28, 0x28, 0x24, 0x28, 0x34, 0x0A, 0x0A, 0x0A, 0x34, 0x0A, 0x0A, 0x0A, 0x0A, 0x0A, 0x34, 0x34, 
    0x34, 0x0A, 0x0A, 0x0A, 0x0A, 0x0A, 0x0A, 0x34, 0x34, 0x34, 0x0A, 0x0A, 0x0A, 0x0A, 0x0A, 0x0A, 
    0x28, 0x28, 0x28, 0x28, 0x34, 0x0A, 0x0A, 0x34, 0x34, 0x0A, 0x0A, 0x0A, 0x0A, 0x0A, 0x34, 0x34, 
    0x28, 0x0A, 0x0A, 0x0A, 0x0A, 0x0A, 0x0A, 0x0A, 0x28, 0x34, 0x0A, 0x0A, 0x0A, 0x0A, 0x0A, 0x34, 
    0x34, 0x34, 0x0A, 0x0A, 0x0A, 0x0A, 0x0A, 0x28, 0x28, 0x34, 0x0A, 0x34, 0x0A, 0x0A, 0x34, 0x28, 
    0x28, 0x0A, 0x0A, 0x0A, 0x0A, 0x0A, 0x0A, 0x0A, 0x28, 0x28, 0x34, 0x0A, 0x0A, 0x0A, 0x0A, 0x34, 
    0x34, 0x34, 0x0A, 0x0A, 0x0A, 0x0A, 0x0A, 0x28, 0x28, 0x34, 0x0A, 0x0A, 0x0A, 0x0A, 0x34, 0x28, 
    0x28, 0x0A, 0x0A, 0x0A, 0x0A, 0x0A, 0x0A, 0x0A, 0x28, 0x24, 0x0A, 0x0A, 0x0A, 0x0A, 0x0A, 0x28, 
    0x28, 0x28, 0x0A, 0x0A, 0x0A, 0x0A, 0x34, 0x24, 0x24, 0x28, 0x0A, 0x0A, 0x0A, 0x0A, 0x34, 0x28, 
    0x28, 0x0A, 0x0A, 0x0A, 0x0A, 0x0A, 0x0A, 0x0A, 0x28, 0x24, 0x0A, 0x0A, 0x0A, 0x0A, 0x0A, 0x28, 
    0x28, 0x28, 0x0A, 0x0A, 0x0A, 0x0A, 0x0A, 0x28, 0x24, 0x28, 0x0A, 0x0A, 0x0A, 0x0A, 0x0A, 0x24
};










