MAPEDIT8
START -15.500000 -5.900000 4.770453 3
VERTS 1018
-0.900000 -3.200000
0.900000 -3.200000
1.000000 -7.000000
-1.000000 -7.000000
1.000000 -9.000000
-5.000000 -3.000000
3.000000 -7.000000
3.000000 -9.000000
0.800000 -13.000000
-5.000000 -11.000000
-11.000000 -3.000000
-7.000000 -13.000000
-7.000000 -5.000000
-11.000000 -5.000000
-11.000000 -9.000000
-13.000000 -1.000000
-13.000000 -9.000000
-11.000000 -1.000000
-15.800001 -9.000000
-17.000000 -5.000000
-13.000000 -7.000000
-13.000000 -5.000000
-15.000000 -7.000000
-15.000000 -9.000000
-17.000000 -7.000000
-17.200001 -16.000000
-25.000000 -6.500000
-23.000000 -13.600000
-21.000000 -12.900000
-19.000000 -12.900000
-19.100000 -11.000000
-20.900000 -11.000000
-23.000000 -9.300000
-24.600000 -9.000000
-29.000000 -5.000000
-25.800001 -13.000000
-29.000000 -13.400001
-25.000000 -5.000000
-31.600002 -10.500000
-35.000000 -11.000000
-35.000000 -18.000000
-29.000000 -19.000000
-32.699997 -16.000000
-31.400002 -16.000000
-31.400002 -13.000000
-33.099998 -13.400000
-17.000000 -17.000000
-19.000000 -17.000000
-19.400002 -15.000000
-29.000000 -17.000000
-17.000000 -19.000000
-25.000000 -19.000000
-25.000000 -21.000000
-21.000000 -21.000000
-21.000000 -19.000000
-27.000000 -19.000000
-27.000000 -27.000000
-29.000000 -27.000000
-31.000000 -19.200001
-33.000000 -19.200001
-31.000000 -28.000000
-33.000000 -28.000000
-27.000000 -23.000000
-25.000000 -23.000000
-24.000000 -31.000000
-26.000000 -29.000000
-23.000000 -25.000000
-24.000000 -25.000000
-21.000000 -31.000000
-22.000000 -27.000000
-21.000000 -27.000000
-25.000000 -29.000000
-19.000000 -29.200001
-11.000000 -23.000000
-11.000000 -33.000000
-35.000000 -28.500000
-29.000000 -28.500000
-29.000000 -35.500000
-35.000000 -35.500000
-19.000000 -23.000000
-19.000000 -33.000000
-17.100000 -28.900000
-13.100000 -29.100000
-12.900000 -27.100000
-17.100000 -27.100000
-16.799999 -17.000000
-15.000000 -19.000000
-13.000000 -23.000000
-15.000000 -23.000000
-13.000000 -19.000000
-9.000000 -19.000000
-9.000000 -21.000000
-7.000000 -23.000000
-11.000000 -21.000000
-9.000000 -23.000000
-1.000000 -35.000000
-9.000000 -34.900002
-7.000000 -33.000000
-1.000000 -33.000000
1.000000 -30.999998
-6.700000 -31.000000
-6.700000 -29.000000
-6.200000 -29.000000
-6.200000 -31.000000
-5.700000 -29.000000
-5.700000 -31.000000
-5.200000 -29.000000
-5.200000 -31.000000
-4.700000 -29.000000
-4.700000 -31.000000
-4.200000 -29.000000
-4.200000 -31.000000
-3.700000 -29.000000
-3.700000 -31.000000
1.400000 -29.199999
-2.000000 -1.000000
-2.000000 2.000000
2.000000 2.000000
2.000000 -1.000000
-1.000000 -2.600000
1.000000 -2.600000
-0.900000 -3.000000
0.900000 -3.000000
-1.000000 -3.000000
1.000000 -3.000000
1.000000 -3.200000
-1.000000 -3.200000
-31.000000 -15.600000
-31.000000 -13.400000
-32.599998 -13.000000
-33.099998 -15.600000
-7.300000 -35.000000
-8.600000 -35.000000
-7.600000 -35.400002
-8.300000 -35.400002
-7.000000 -34.900002
-8.900000 -34.900002
-7.200000 -34.800003
-7.100000 -34.800003
-8.700000 -34.800003
-8.800000 -34.800003
-8.400000 -34.990002
-7.500000 -34.990002
-7.700000 -34.800003
-8.200000 -34.800003
-8.600000 -35.100002
-7.300000 -35.100002
-8.600000 -34.900002
-7.300000 -34.900002
-8.300000 -35.200005
-8.200000 -35.200005
-8.200000 -35.100002
-8.300000 -35.100002
-7.700000 -35.200005
-7.600000 -35.200005
-7.600000 -35.100002
-7.700000 -35.100002
1.100000 -12.900000
1.000000 -12.800000
0.900000 -13.100000
-1.000000 -10.100000
-1.100000 -10.899998
-1.900000 -10.999998
-6.999998 -28.800001
-9.000002 -27.900002
-7.000000 -31.000000
-7.000000 -29.000002
-15.700000 -26.900000
-16.299999 -26.900000
-15.600000 -27.000000
-16.400000 -27.000000
-14.300000 -27.100000
-13.500000 -27.100000
-14.400001 -27.000000
-13.400001 -27.000000
-13.100000 -26.900000
-13.000000 -27.200001
-13.100000 -27.500000
-13.100000 -27.900002
-13.000000 -28.000000
-12.900000 -28.900000
-16.900002 -29.100000
-16.900002 -26.900000
-13.900001 -29.000000
-14.100000 -28.799999
-16.299999 -29.000000
-16.100000 -28.799999
-16.799999 -29.000000
-17.000000 -28.800001
-16.799999 -27.000000
-17.000000 -27.200001
-13.200000 -27.000000
-13.000000 -27.400002
-13.000001 -28.799999
-13.200001 -29.000000
-15.100000 -28.900002
-14.900001 -28.900002
-15.200000 -28.799999
-14.800000 -28.799999
-14.800000 -27.000000
-15.200000 -27.000000
-14.900001 -26.900000
-15.099999 -26.900000
-31.400000 -15.200000
-31.400000 -13.800000
-31.000000 -15.400001
-31.000000 -13.600000
-31.100000 -15.400001
-31.100000 -13.600000
-28.600000 -13.000000
-31.000000 -9.900001
-25.000000 -9.400001
-23.300001 -9.000000
-24.500000 -7.000000
-19.000000 -12.600000
-19.000000 -11.400000
-19.200001 -12.400000
-19.200001 -11.600000
-19.400000 -11.000000
-19.600000 -11.200000
-20.400000 -11.200000
-20.600000 -11.000000
-21.000000 -11.400000
-20.799999 -11.600000
-20.799999 -12.400000
-21.000000 -12.600000
-20.600000 -13.000000
-20.400002 -12.800000
-19.600000 -12.800000
-19.400002 -13.000000
-19.000000 -11.100000
-21.000000 -11.100000
-20.900000 -13.000000
-19.100000 -13.000000
-19.000000 -15.400000
-21.600000 -15.000000
-34.000000 -19.000000
-31.000000 -7.000000
-21.000000 -30.800001
-21.000000 -29.200001
-20.499998 -29.199999
-20.499998 -30.800001
-18.700001 -31.100000
-19.500002 -30.800001
-19.500002 -29.200001
-29.599998 -17.000002
-29.600000 -16.800001
-29.000002 -16.800001
-29.110001 -17.000000
-29.490000 -17.000000
-29.110001 -19.000000
-29.490000 -19.000000
-15.599999 -32.989986
-14.500000 -32.989986
-14.500000 -28.909998
-15.599999 -28.909998
-32.799999 -28.400002
-32.699997 -28.500002
-32.500000 -28.500002
-32.399998 -28.400002
-31.600000 -28.400002
-31.500002 -28.500002
-31.300001 -28.500002
-31.200001 -28.400002
-31.200001 -28.200003
-31.300001 -28.100002
-31.300001 -27.900000
-31.200001 -27.799999
-31.200001 -27.600000
-31.300001 -27.500000
-31.500002 -27.500000
-31.600000 -27.600000
-32.400002 -27.600000
-32.500000 -27.500000
-32.700001 -27.500000
-32.800003 -27.600000
-32.800003 -27.799999
-32.700001 -27.900000
-32.700001 -28.100000
-32.800003 -28.200001
-13.400002 -20.200001
-13.400002 -19.900002
-14.599998 -20.100000
-14.599998 -19.900002
-13.400002 -20.100000
-13.400002 -19.800001
-14.599999 -19.800001
-14.800001 -20.200001
-13.000000 -20.400000
-13.000000 -19.400000
-15.000000 -19.599998
-13.099999 -19.900002
-13.000000 -19.600002
-13.200000 -19.800001
-12.900000 -19.700001
-32.599998 -16.000000
-31.500000 -16.000000
-32.599998 -15.900001
-31.500002 -13.300000
-31.699999 -13.100000
-32.500000 -13.099999
-32.500000 -16.000000
-32.399998 -16.000000
-32.399998 -15.900002
-32.500000 -15.900002
-32.299999 -16.000000
-32.200001 -16.000000
-32.200001 -15.900002
-32.299999 -15.900002
-32.099998 -16.000000
-32.000000 -16.000000
-32.000000 -15.900002
-32.099998 -15.900002
-31.900002 -16.000000
-31.800001 -16.000000
-31.800001 -15.900002
-31.900002 -15.900002
-31.700001 -16.000000
-31.600000 -16.000000
-31.600000 -15.900002
-31.700001 -15.900002
-33.000000 -15.500000
-33.000000 -13.500000
-14.599999 -20.200001
-14.700001 -20.100000
-14.700001 -19.900000
-13.300000 -19.900000
-13.300000 -20.100000
-26.200001 -17.000000
-26.200001 -19.000000
-25.800001 -19.000000
-25.799999 -18.599998
-25.900000 -18.599998
-26.100000 -18.599998
-26.200001 -18.599998
-25.799999 -17.000000
-26.200001 -17.400000
-25.799999 -17.400002
-26.100000 -17.400000
-25.900000 -17.400000
-25.300001 -18.300001
-24.300001 -18.300001
-24.300001 -17.700001
-25.300001 -17.700001
-26.200001 -17.300001
-26.200001 -17.100000
-26.130001 -17.100000
-26.130001 -17.300001
-27.700001 -18.300001
-26.700001 -18.300001
-26.700001 -17.700001
-27.700001 -17.700001
-19.000000 -16.600002
-18.799999 -16.000000
-18.600000 -16.400002
-18.599998 -16.000000
-17.400000 -16.000000
-17.400002 -16.400002
-17.200003 -16.400000
-17.400000 -16.300001
-17.400000 -16.100000
-18.600000 -16.300001
-18.600000 -16.100000
-17.000000 -15.800000
-16.900000 -15.900001
-17.100000 -16.100000
-19.000000 -15.800000
-18.900002 -16.100000
-19.100000 -15.900001
-14.800000 -19.799999
-14.900000 -19.900000
-15.099999 -19.700001
-15.000000 -20.400000
-13.200001 -20.200001
-13.100000 -20.100000
-12.900001 -20.300001
-15.099999 -20.300001
-14.900000 -20.100000
-17.000000 -16.600000
-18.800001 -16.400000
-19.100000 -16.500000
-18.900000 -16.299999
-17.100000 -16.299999
-16.900002 -16.500000
-20.049999 -14.400001
-20.049999 -14.000000
-20.500000 -14.000000
-20.500000 -14.400001
-19.950001 -14.400001
-19.500000 -14.400001
-19.500000 -14.000001
-19.950001 -14.000001
-19.950001 -13.900001
-19.500000 -13.900001
-19.500000 -13.500001
-19.950001 -13.500001
-20.500000 -13.900001
-20.049999 -13.900001
-20.049999 -13.500001
-20.500000 -13.500001
-24.900002 -21.000000
-24.800001 -20.900000
-24.700001 -20.900000
-24.300001 -20.900000
-24.200001 -20.900000
-24.100000 -21.000000
-24.300001 -21.000000
-24.700001 -21.000000
-23.800001 -20.900000
-23.200001 -20.900000
-23.200001 -21.000000
-23.800001 -21.000000
-23.100000 -20.900000
-23.900000 -20.900000
-24.000000 -21.000000
-23.000000 -21.000000
-7.000000 -19.799999
-7.100000 -20.000002
-11.000000 -21.400000
-9.400000 -23.000002
-9.000000 -16.999998
-15.200001 -16.999998
-11.000003 -22.000000
-19.600000 -18.900000
-19.600000 -17.100000
-19.400000 -18.900000
-19.400000 -17.100000
-19.400000 -17.000000
-19.600000 -17.000000
-19.600000 -19.000000
-19.400000 -19.000000
-34.500000 -10.500000
-35.200001 -10.600000
-34.900002 -10.300001
-34.599998 -11.600000
-33.999996 -11.000001
-25.000000 -12.200000
-25.300001 -12.199999
-25.500000 -12.300000
-25.700001 -12.500000
-25.799999 -12.700001
-26.400000 -13.000000
-27.900002 -13.000000
-26.600000 -13.200000
-27.699999 -13.200000
-29.000000 -9.000000
-27.000000 -9.000000
-27.000000 -7.000000
-29.000000 -7.000000
-28.200001 -8.100000
-27.799999 -8.100000
-27.799999 -7.900001
-28.200001 -7.900001
-30.800001 -19.000000
-33.200001 -19.000000
-27.900000 -8.200001
-28.100000 -8.200001
-28.100000 -7.800000
-27.900000 -7.800000
-28.900000 -8.800000
-27.200001 -8.900001
-27.100000 -8.100001
-28.900000 -8.100000
-28.900000 -7.900000
-27.100000 -7.900001
-27.100000 -7.200001
-28.799999 -7.100000
-29.100000 -9.100000
-26.900000 -9.100000
-26.900000 -6.900001
-29.100000 -6.900001
-7.000000 -28.900000
-7.119998 -28.900002
-7.119998 -28.800001
-9.000000 -29.800001
-7.400000 -28.900002
-7.400000 -28.800001
-24.900000 -11.400001
-24.900000 -10.100000
-23.600000 -10.100000
-23.600000 -11.400001
-24.600000 -10.100000
-24.600000 -11.400001
-25.000000 -11.500000
-25.000000 -10.000000
-7.100000 -20.200001
-7.000000 -20.199999
-33.100002 -14.600000
-6.900000 -19.900000
-6.900000 -19.700001
-7.200000 -20.100000
-7.000000 -17.000000
-7.100000 -19.600000
-7.200000 -19.500000
-7.100000 -19.400002
-7.000000 -19.400002
-9.300000 -5.000000
-9.300000 -3.000000
-19.000000 -10.000000
-18.000000 -10.000000
-18.000000 -9.000000
-19.000000 -9.000000
-26.299999 -11.300000
-26.299999 -10.200000
-25.500000 -10.200000
-25.500000 -11.300000
-10.200000 -18.400000
-11.000000 -17.400000
-9.200000 -17.400000
-9.000000 -18.900000
-13.400001 -17.200001
-12.600000 -17.500000
-12.500000 -17.009998
-13.400001 -17.009998
-8.900001 -28.500002
-8.900001 -29.100002
-8.700000 -29.200003
-8.700000 -28.300001
-10.800000 -22.800001
-9.900001 -22.800001
-10.100000 -22.200001
-10.600000 -22.200001
-24.800001 -11.200000
-24.700001 -11.200000
-24.700001 -11.100000
-24.800001 -11.100000
-24.800001 -10.400001
-24.700001 -10.400001
-24.700001 -10.300000
-24.800001 -10.300000
-24.800001 -10.800000
-24.700001 -10.800000
-24.700001 -10.700000
-24.800001 -10.700000
-33.000000 -19.600000
-32.600002 -19.600000
-32.600002 -19.800001
-33.000000 -19.799999
-31.000000 -19.800001
-31.400000 -19.800001
-31.400000 -19.600000
-31.000000 -19.600000
-30.600000 -15.500001
-29.100000 -16.100000
-29.100000 -15.700001
-30.600000 -15.300000
-30.600000 -15.200001
-30.600000 -15.000000
-29.100000 -15.300000
-29.100000 -15.600000
-30.600000 -14.900002
-30.600000 -14.700001
-29.100000 -14.800000
-29.100000 -15.200001
-30.600000 -14.600001
-30.600000 -14.400001
-29.100000 -14.299999
-29.100000 -14.700001
-30.600000 -14.300001
-30.600000 -14.100000
-29.100000 -13.799998
-29.100000 -14.200000
-30.600000 -14.000002
-30.600000 -13.800001
-29.100000 -13.400000
-29.100000 -13.700000
-30.600000 -13.700002
-30.600000 -13.500001
-29.300001 -13.099998
-28.859997 -13.249999
-29.000000 -16.100000
-29.000000 -15.700000
-29.000000 -15.600000
-29.000000 -15.300000
-29.000000 -15.200000
-29.000000 -14.800000
-29.000000 -14.700000
-29.000000 -14.300000
-29.000000 -14.200000
-29.000000 -13.800000
-29.000000 -13.700000
-28.400000 -12.990003
-28.400000 -12.800000
-31.100000 -19.600000
-31.300001 -19.600000
-31.100000 -19.700001
-31.300001 -19.700001
-32.900002 -19.600000
-32.700001 -19.600000
-32.700001 -19.700001
-32.900002 -19.700001
-32.200001 -18.200001
-31.799999 -18.200001
-31.799999 -17.800001
-32.200001 -17.800001
-27.600000 -8.400001
-28.400000 -7.600000
-28.400002 -8.400001
-27.600000 -7.600000
-27.100000 -8.800000
-28.800001 -8.900001
-28.900000 -7.200000
-27.200001 -7.100000
-32.400002 -19.200001
-35.000000 -17.100002
-35.000000 -16.500000
-35.399998 -17.100002
-35.399998 -16.500000
-10.000000 -10.000001
-10.000000 -6.000000
-7.200000 -6.000000
-7.200000 -10.000000
-7.200000 -9.000000
-7.200000 -7.000000
-7.000000 -9.000000
-7.000000 -7.000000
-32.159992 -18.160002
-31.839998 -18.160002
-31.839998 -17.839998
-32.159992 -17.839998
-14.400001 -29.200001
-14.400001 -31.900000
-14.100000 -32.400002
-14.000000 -29.800001
-16.100000 -29.400000
-15.699999 -29.000000
-15.700001 -32.700005
-16.100000 -32.599998
-18.590004 -23.400000
-15.309999 -23.400000
-15.309999 -23.100000
-18.590004 -23.100000
-18.900002 -23.400000
-18.900002 -23.100000
-11.400001 -23.400000
-11.099999 -23.400000
-11.100000 -23.100000
-11.400000 -23.100000
-15.000001 -23.400000
-15.000001 -23.100000
-34.899998 -18.000000
-34.700001 -18.000000
-34.700001 -15.800000
-34.899998 -15.800000
-33.400002 -34.400002
-30.600000 -34.400002
-30.600000 -29.600000
-33.400002 -29.600000
-33.000000 -34.000000
-31.000000 -34.000000
-31.000000 -30.000000
-33.000000 -30.000000
-32.500000 -30.000000
-32.399998 -30.100000
-31.600000 -30.100000
-31.500000 -30.000000
-25.800001 -17.300001
-25.800001 -17.100000
-25.870001 -17.300001
-25.870001 -17.100000
-32.500000 -28.200001
-32.400002 -28.300001
-31.600000 -28.300001
-31.500000 -28.200001
-31.500000 -27.800001
-31.600000 -27.700001
-32.400002 -27.700001
-32.500000 -27.800001
-21.700001 -18.300001
-21.700001 -17.700001
-20.700001 -17.700001
-20.700001 -18.300001
1.400000 -30.799999
1.900000 -29.199999
1.900000 -30.799999
2.400000 -29.199999
2.400000 -30.799999
2.900000 -29.199999
2.900000 -30.799999
3.400000 -29.199999
3.400000 -30.799999
5.000000 -29.299999
5.000000 -30.799999
5.000000 -29.199999
5.000000 -30.700001
5.200000 -29.299999
5.200000 -30.700001
7.000000 -29.199999
7.000000 -32.799999
5.200000 -30.800001
5.200000 -29.199999
5.300000 -30.799999
5.300000 -31.000000
5.200000 -31.000000
5.200000 -32.799999
7.000000 -31.000000
6.900000 -31.000000
6.900000 -30.799999
7.000000 -30.800001
5.200000 -32.399998
5.200000 -31.400000
5.000000 -32.399998
5.000000 -31.400000
4.800000 -32.299995
4.800000 -31.500000
4.700000 -32.099998
4.700000 -31.700001
3.500000 -30.799999
3.500000 -30.699999
3.700000 -30.699999
3.700000 -30.799999
3.500000 -29.199999
3.500000 -29.299999
3.700000 -29.299999
3.700000 -29.199999
4.900000 -32.099998
5.100000 -32.099998
5.100000 -32.199997
4.900000 -32.199997
4.900000 -31.699999
5.100000 -31.699999
5.100000 -31.600000
4.900000 -31.600000
5.200000 -31.100000
5.300000 -31.199999
5.300000 -31.299999
5.200000 -32.700001
5.300000 -32.599998
5.300000 -32.500000
5.169997 -32.170006
5.300000 -32.099998
5.300000 -31.699999
5.169997 -31.630001
5.199998 -32.300018
5.200000 -31.500000
5.159999 -32.200016
5.159999 -31.600002
5.400000 -32.500000
5.800000 -32.099998
5.800000 -31.700001
5.400000 -31.300001
3.820000 -30.520000
3.930000 -30.730000
4.250001 -30.570000
4.140001 -30.359999
4.300000 -30.799999
4.700000 -30.799999
4.700000 -31.400000
4.300000 -31.400000
1.000000 -29.000000
1.000000 -29.200001
1.000000 -30.799999
1.300000 -30.800001
1.300000 -30.700001
1.100000 -30.700001
1.100000 -30.800001
1.300000 -29.200001
1.300000 -29.300001
1.100000 -29.300001
1.100000 -29.200001
-7.000000 -35.000000
-28.900000 -13.300000
1.400000 -2.600000
1.100000 -2.600000
1.300000 -2.600000
1.300000 -2.700000
1.000000 -2.700000
1.000000 -2.900000
1.100000 -2.700000
1.100000 -2.900000
-1.400000 -2.600000
-1.300000 -2.600000
-1.100000 -2.600000
-1.300000 -2.700000
-1.000000 -2.700000
-1.000000 -2.900000
-1.100000 -2.900000
-1.100000 -2.700000
0.900000 -2.500000
1.300000 -2.500000
1.300000 -2.100000
0.900000 -2.100000
1.000000 -2.400000
1.200000 -2.400000
1.200000 -2.200000
1.000000 -2.200000
-1.300000 -2.500000
-0.900000 -2.500000
-0.900000 -2.100000
-1.300000 -2.100000
-1.200000 -2.400000
-1.000000 -2.400000
-1.000000 -2.200000
-1.200000 -2.200000
0.600000 -2.000000
0.700000 -1.200000
0.700000 -0.900000
1.000000 -0.600000
1.200000 0.300000
1.300000 1.300000
0.300000 1.200000
-0.800000 1.400000
-1.000000 1.100000
-1.300000 0.600000
-0.800000 0.100000
-1.300000 -0.700000
-1.100000 -1.000000
-0.400000 -2.300000
-0.900000 -0.800000
-0.300000 -2.000000
-0.100000 -2.200000
0.400000 -2.100000
0.600000 -1.100000
0.600000 -0.800000
0.700000 -0.700000
0.800000 -0.500000
0.800000 -0.200000
1.100000 0.300000
1.000000 0.700000
1.100000 1.000000
0.900000 1.100000
0.300000 1.000000
-0.200000 1.100000
-0.700000 1.200000
-0.800000 1.000000
-1.000000 0.700000
-0.900000 0.500000
-0.700000 0.300000
-0.600000 0.100000
-0.800000 -0.200000
-1.100000 -0.600000
-0.500000 -1.200000
-0.400000 -1.100000
0.300000 -2.500000
-0.200000 -2.600000
0.100000 -2.300000
3.000000 -8.300000
3.000000 -7.800000
3.100000 -7.800000
3.100000 -8.300000
-19.000000 -31.100000
-22.500000 -33.000000
-22.500000 -31.100000
-18.700001 -30.800001
-19.000000 -30.800001
-18.700001 -29.199999
-18.700001 -28.900000
-19.000000 -28.900000
-19.200001 -33.000000
-19.400000 -33.000000
-15.700000 -33.000000
-15.700001 -32.800003
-15.900001 -32.800003
-15.900001 -33.000000
-14.400001 -33.000000
-14.400001 -32.800003
-14.200000 -32.800003
-14.200001 -33.000000
-14.200001 -31.000000
-14.300000 -30.799999
-14.400001 -31.000000
-14.300000 -31.000000
-14.300000 -30.900000
-14.400001 -30.900000
-15.900000 -31.000000
-15.800000 -30.799999
-15.800000 -31.000000
-15.700000 -31.000000
-15.700000 -30.900000
-15.800000 -30.900000
-15.700000 -31.400000
-3.000000 -33.000000
-1.000000 -31.100000
-3.000000 -31.100000
-0.500000 -31.100000
-0.500000 -33.000000
-3.000000 -27.000000
-1.000000 -27.000000
1.000000 -31.100000
1.000000 -33.000000
-0.800000 -32.979988
-0.700000 -32.979988
-0.700000 -31.119997
-0.800000 -31.119999
-5.000000 -21.000000
-1.000000 -21.000000
-5.000000 -27.000000
-2.800000 -28.800001
-1.200000 -28.800001
-1.200000 -27.200001
-2.800000 -27.200001
-32.299999 -30.100000
-31.700001 -30.100000
-31.700001 -30.109999
-32.299999 -30.109999
-29.500000 -28.000000
-34.500000 -28.000000
-34.500000 -36.000000
-29.500000 -36.000000
-34.600002 -28.100000
-34.899998 -28.400002
-35.000004 -28.300001
-34.700001 -28.000000
-29.100000 -28.400000
-29.400000 -28.100000
-29.300001 -28.000000
-29.000000 -28.300001
-16.000000 -8.800001
-15.800001 -8.400001
-16.700001 -7.200000
-17.000002 -7.100000
-17.000000 -9.000000
-11.200000 -4.900000
-11.200000 -3.100000
-33.000000 -25.000000
-33.000000 -23.000000
-40.000000 -25.400000
-40.000000 -23.000000
-38.900002 -23.000000
-38.099998 -23.900000
-38.099998 -24.500000
-38.899998 -25.400000
-37.500000 -22.400002
-35.900002 -22.400002
-33.900002 -23.000000
-33.900002 -25.000000
-36.200001 -25.800001
-37.700001 -24.500002
-37.700001 -23.900002
-37.699982 -24.490002
-37.299999 -24.500002
-37.299999 -23.900002
-37.699982 -23.910002
-37.299984 -24.490002
-36.900002 -24.500002
-36.900002 -23.900002
-37.299984 -23.910002
-36.899982 -24.490002
-36.500004 -24.500002
-36.500004 -23.900002
-36.899982 -23.910002
-36.499985 -24.490002
-36.100002 -24.500002
-36.100002 -23.900002
-36.499985 -23.910002
-36.099983 -24.490002
-33.910015 -24.500002
-33.830013 -23.920002
-36.099983 -23.910002
-39.900002 -25.200001
-39.000000 -25.200001
-38.299999 -24.500000
-38.299999 -23.900000
-39.000000 -23.200001
-39.900002 -23.200001
-33.200001 -24.500000
-33.700001 -24.700001
-34.100002 -24.299999
-33.799999 -23.900000
-33.930012 -23.499998
-33.819996 -23.340000
-34.120014 -24.310001
-34.000004 -22.900000
-34.000000 -25.100000
-36.400002 -25.700001
-36.299999 -25.700001
-36.100002 -25.600000
-36.000000 -25.400000
-36.299999 -25.300001
-36.299999 -25.200001
-36.200001 -25.100000
-36.100002 -25.000000
-36.299999 -24.900000
-36.500000 -24.700001
-36.600002 -24.600000
-36.799999 -24.800001
-37.000000 -24.700001
-37.200001 -24.800001
-37.400002 -24.700001
-37.500000 -24.900000
-37.600002 -24.900000
-37.299999 -25.200001
-37.500000 -25.300001
-37.100002 -25.500000
-36.200001 -22.400000
-37.400002 -23.400000
-37.200001 -23.500000
-36.800003 -23.600000
-36.600002 -23.400000
-36.199997 -23.500000
-36.000000 -23.500000
-35.900005 -23.199999
-35.600002 -23.100000
-36.000004 -22.600000
-37.500000 -22.700001
-37.299999 -22.400000
-36.600002 -24.900000
-36.500000 -25.000000
-36.500000 -24.900000
-34.500000 -23.500000
-34.299999 -23.600000
-34.100002 -23.600000
-33.940010 -23.500000
-33.830013 -23.340002
-34.000000 -23.000000
-34.299999 -22.900000
-34.600002 -23.000000
-34.799999 -23.100000
-34.799999 -23.300001
-35.000000 -23.400000
-35.100002 -23.600000
-34.900002 -23.800001
-34.700001 -23.800001
-33.200001 -24.800001
-33.400002 -24.200001
-33.399998 -23.800001
-33.299999 -23.500000
-33.299999 -23.100000
WALLS 1730
0 1 20 -0.600000 0.300000 6 6 6 3 0 0.500000 0.500000 0.000000 0.000000
1 125 -1 0.000000 0.000000 1 6 1 20 262176 0.500000 0.500000 0.000000 0.000000
125 2 -1 0.000000 0.000000 1 7 1 20 0 0.500000 0.500000 0.000000 0.000000
2 3 1 -0.600000 0.400000 7 7 7 1 0 0.500000 0.500000 0.000000 0.000000
3 126 -1 0.000000 0.000000 1 7 1 20 0 0.500000 0.500000 0.000000 0.000000
126 0 -1 0.000000 0.000000 1 6 1 20 262176 0.500000 0.500000 0.000000 0.000000
3 2 0 -0.600000 0.400000 7 7 7 1 0 1.000000 1.000000 0.000000 0.000000
2 4 2 -0.600000 0.400000 7 7 7 1 0 1.000000 1.000000 0.000000 0.000000
4 158 -1 0.000000 0.000000 7 7 7 20 0 0.500000 0.500000 0.000000 0.000000
158 157 -1 0.000000 0.000000 7 7 7 20 7340032 0.500000 0.500000 0.000000 0.000000
157 159 -1 0.000000 0.000000 7 5 7 20 7340032 0.500000 0.500000 0.000000 0.000000
159 8 -1 0.000000 0.000000 7 7 7 20 7340032 0.500000 0.500000 0.000000 0.000000
8 11 -1 0.000000 0.000000 7 7 7 20 0 0.500000 0.500000 0.000000 0.000000
11 614 -1 0.000000 0.000000 7 7 7 20 0 0.500000 0.500000 0.000000 0.000000
614 615 95 -0.365000 0.135000 7 10 7 79 0 0.500000 0.500000 0.000000 0.000000
615 12 -1 0.000000 0.000000 7 7 7 20 0 0.500000 0.500000 0.000000 0.000000
12 496 -1 0.000000 0.000000 7 7 7 20 0 0.500000 0.500000 0.000000 0.000000
496 497 75 -0.400000 0.400000 8 16 8 77 13 0.500000 1.000000 0.000000 0.000000
497 5 -1 0.000000 0.000000 7 7 7 20 0 0.500000 0.500000 0.000000 0.000000
5 9 -1 0.000000 0.000000 7 7 7 20 0 0.500000 0.500000 0.000000 0.000000
9 162 -1 0.000000 0.000000 7 7 7 20 0 0.500000 0.500000 0.000000 0.000000
162 161 -1 0.000000 0.000000 7 7 7 20 6291456 0.500000 0.500000 0.000000 0.000000
161 161 -1 0.000000 0.000000 7 7 7 20 6291456 0.500000 0.500000 0.000000 0.000000
161 160 -1 0.000000 0.000000 7 7 7 20 6291456 0.500000 0.500000 0.000000 0.000000
160 3 -1 0.000000 0.000000 7 7 7 20 0 0.500000 0.500000 0.000000 0.000000
8 158 25 -0.600000 0.400000 1 1 1 1 0 1.000000 1.000000 0.000000 0.000000
158 160 25 -0.600000 0.400000 1 1 1 1 0 1.000000 1.000000 0.000000 0.000000
160 161 25 -0.600000 0.400000 1 1 1 1 0 1.000000 1.000000 0.000000 0.000000
161 162 25 -0.600000 0.400000 1 1 1 1 0 1.000000 1.000000 0.000000 0.000000
162 8 25 -0.600000 0.400000 1 1 1 1 0 1.000000 1.000000 0.000000 0.000000
4 2 1 -0.600000 0.400000 7 7 7 1 0 1.000000 1.000000 0.000000 0.000000
2 6 -1 0.000000 0.000000 7 7 7 20 0 0.500000 0.500000 0.000000 0.000000
6 837 -1 0.000000 0.000000 7 7 7 20 0 0.500000 0.500000 0.000000 0.000000
837 836 133 -0.364999 0.135000 7 255 7 11 0 0.500000 0.500000 0.000000 0.000000
836 7 -1 0.000000 0.000000 7 7 7 20 0 0.500000 0.500000 0.000000 0.000000
7 4 -1 0.000000 0.000000 7 7 7 20 0 0.500000 0.500000 0.000000 0.000000
10 913 75 -0.200000 0.735000 7 7 7 3 0 0.500000 0.500000 0.000000 0.000000
913 912 75 -0.200000 0.735000 7 7 7 3 0 0.500000 0.500000 0.000000 0.000000
912 13 75 -0.200000 0.735000 7 7 7 3 0 0.500000 0.500000 0.000000 0.000000
13 14 -1 0.000000 0.000000 7 7 7 20 0 0.500000 0.500000 0.000000 0.000000
14 16 -1 0.000000 0.000000 7 7 7 20 0 0.500000 0.500000 0.000000 0.000000
16 20 -1 0.000000 0.000000 7 7 7 20 0 0.500000 0.500000 0.000000 0.000000
20 22 -1 0.000000 0.000000 7 7 7 20 0 0.500000 0.500000 0.000000 0.000000
22 23 -1 0.000000 0.000000 7 7 7 20 0 0.500000 0.500000 0.000000 0.000000
23 18 -1 0.000000 0.000000 7 7 7 20 0 0.500000 0.500000 0.000000 0.000000
18 18 -1 0.000000 0.000000 7 7 7 20 0 0.500000 0.500000 0.000000 0.000000
18 907 4 0.000000 1.000000 7 16 8 77 16777217 0.500000 1.000000 0.000000 0.000000
907 908 4 0.000000 1.000000 7 16 8 77 16777217 0.500000 1.000000 0.000000 0.000000
908 909 4 0.000000 1.000000 7 16 8 77 16777217 0.500000 1.000000 0.000000 0.000000
909 910 4 0.000000 1.000000 7 16 8 77 16777217 0.500000 1.000000 0.000000 0.000000
910 24 4 0.000000 1.000000 7 16 7 77 16777217 1.000000 1.000000 0.000000 0.000000
24 19 -1 0.000000 0.000000 7 7 7 20 0 0.500000 0.500000 0.000000 0.000000
19 21 -1 0.000000 0.000000 7 7 7 20 0 0.500000 0.500000 0.000000 0.000000
21 15 -1 0.000000 0.000000 7 7 7 20 0 0.500000 0.500000 0.000000 0.000000
15 17 -1 0.000000 0.000000 7 7 7 20 0 0.500000 0.500000 0.000000 0.000000
17 10 -1 0.000000 0.000000 7 7 7 20 0 0.500000 0.500000 0.000000 0.000000
24 910 3 0.000000 1.000000 7 16 7 69 1 1.000000 1.000000 0.000000 0.000000
910 909 3 0.000000 1.000000 7 16 7 69 1 1.000000 1.000000 0.000000 0.000000
909 908 3 0.000000 1.000000 7 16 7 69 1 1.000000 1.000000 0.000000 0.000000
908 907 3 0.000000 1.000000 7 16 7 69 1 1.000000 1.000000 0.000000 0.000000
907 18 3 0.000000 1.000000 7 16 7 69 1 1.000000 1.000000 0.000000 0.000000
18 911 -1 0.000000 0.000000 7 7 7 20 0 0.500000 0.500000 0.000000 0.000000
911 363 -1 0.000000 0.000000 7 7 7 20 0 0.500000 0.500000 0.000000 0.000000
363 25 48 0.400000 0.500000 7 7 7 11 0 0.500000 0.500000 0.000000 0.000000
25 356 -1 0.000000 0.000000 7 7 7 20 0 0.500000 0.500000 0.000000 0.000000
356 360 -1 0.000000 0.000000 7 7 7 20 0 0.500000 0.500000 0.000000 0.000000
360 359 -1 0.000000 0.000000 7 7 7 20 0 0.500000 0.500000 0.000000 0.000000
359 357 -1 0.000000 0.000000 7 7 7 20 0 0.500000 0.500000 0.000000 0.000000
357 358 -1 0.000000 0.000000 7 7 7 20 0 0.500000 0.500000 0.000000 0.000000
358 378 54 0.400000 0.500000 7 7 7 11 0 0.500000 0.500000 0.000000 0.000000
378 46 -1 0.000000 0.000000 7 7 7 20 0 0.500000 0.500000 0.000000 0.000000
46 47 43 0.000000 1.000000 7 7 7 1 0 0.500000 0.500000 0.000000 0.000000
47 352 -1 0.000000 0.000000 7 7 7 20 0 0.500000 0.500000 0.000000 0.000000
352 379 53 0.400000 0.500000 7 7 7 11 0 0.500000 0.500000 0.000000 0.000000
379 354 -1 0.000000 0.000000 7 7 7 20 0 0.500000 0.500000 0.000000 0.000000
354 361 -1 0.000000 0.000000 7 7 7 20 0 0.500000 0.500000 0.000000 0.000000
361 362 -1 0.000000 0.000000 0 1 0 20 0 1.000000 1.000000 0.000000 0.000000
362 355 -1 0.000000 0.000000 7 7 7 20 0 0.500000 0.500000 0.000000 0.000000
355 353 -1 0.000000 0.000000 7 7 7 20 0 0.500000 0.500000 0.000000 0.000000
353 366 49 0.400000 0.500000 7 7 7 11 0 0.500000 0.500000 0.000000 0.000000
366 234 -1 0.000000 0.000000 7 7 7 20 0 0.500000 0.500000 0.000000 0.000000
234 48 -1 0.000000 0.000000 7 7 7 20 0 0.500000 0.500000 0.000000 0.000000
48 235 -1 0.000000 0.000000 7 7 7 20 0 0.500000 0.500000 0.000000 0.000000
235 27 -1 0.000000 0.000000 7 7 7 20 0 0.500000 0.500000 0.000000 0.000000
27 32 -1 0.000000 0.000000 7 7 7 20 0 0.500000 0.500000 0.000000 0.000000
32 212 -1 0.000000 0.000000 7 7 7 20 0 0.500000 0.500000 0.000000 0.000000
212 33 -1 0.000000 0.000000 7 7 7 20 0 0.500000 0.500000 0.000000 0.000000
33 211 -1 0.000000 0.000000 7 7 7 20 0 0.500000 0.500000 0.000000 0.000000
211 484 -1 0.000000 0.000000 0 7 0 20 0 1.000000 1.000000 0.000000 0.000000
484 478 -1 0.000000 0.000000 0 7 0 20 0 1.000000 1.000000 0.000000 0.000000
478 477 74 0.200000 0.900000 6 16 6 79 0 1.000000 1.000000 0.000000 0.000000
477 483 -1 0.000000 0.000000 0 7 0 20 0 1.000000 1.000000 0.000000 0.000000
483 436 -1 0.000000 0.000000 0 7 0 20 0 1.000000 1.000000 0.000000 0.000000
436 437 -1 0.000000 0.000000 7 6 7 20 262176 0.500000 0.500000 0.000000 0.000000
437 438 -1 0.000000 0.000000 7 6 7 20 262176 0.500000 0.500000 0.000000 0.000000
438 439 -1 0.000000 0.000000 7 6 7 20 262176 0.500000 0.500000 0.000000 0.000000
439 440 -1 0.000000 0.000000 7 6 7 20 262176 0.500000 0.500000 0.000000 0.000000
440 35 -1 0.000000 0.000000 7 6 7 20 262176 0.500000 0.500000 0.000000 0.000000
35 441 -1 0.000000 0.000000 7 7 7 20 0 0.500000 0.500000 0.000000 0.000000
441 442 67 0.265000 0.734999 7 10 7 79 0 0.500000 0.500000 0.000000 0.000000
442 209 -1 0.000000 0.000000 7 7 7 20 0 0.500000 0.500000 0.000000 0.000000
209 761 -1 0.000000 0.000000 7 7 7 20 6291456 0.500000 0.500000 0.000000 0.000000
761 36 -1 0.000000 0.000000 7 7 7 20 0 0.500000 0.500000 0.000000 0.000000
36 580 -1 0.000000 0.000000 7 7 7 20 5242880 0.500000 0.500000 0.000000 0.000000
580 579 -1 0.000000 0.000000 7 7 7 20 0 0.500000 0.500000 0.000000 0.000000
579 578 -1 0.000000 0.000000 7 7 7 20 5242880 0.500000 0.500000 0.000000 0.000000
578 577 -1 0.000000 0.000000 7 7 7 20 0 0.500000 0.500000 0.000000 0.000000
577 576 -1 0.000000 0.000000 7 7 7 20 5242880 0.500000 0.500000 0.000000 0.000000
576 575 -1 0.000000 0.000000 7 7 7 20 0 0.500000 0.500000 0.000000 0.000000
575 574 -1 0.000000 0.000000 7 7 7 20 5242880 0.500000 0.500000 0.000000 0.000000
574 573 -1 0.000000 0.000000 7 7 7 20 0 0.500000 0.500000 0.000000 0.000000
573 572 -1 0.000000 0.000000 7 7 7 20 5242880 0.500000 0.500000 0.000000 0.000000
572 571 -1 0.000000 0.000000 7 7 7 20 0 0.500000 0.500000 0.000000 0.000000
571 570 -1 0.000000 0.000000 7 7 7 20 5242880 0.500000 0.500000 0.000000 0.000000
570 247 -1 0.000000 0.000000 7 7 7 20 0 0.500000 0.500000 0.000000 0.000000
247 246 -1 0.000000 0.000000 7 7 7 20 0 0.500000 0.500000 0.000000 0.000000
246 245 -1 0.000000 0.000000 7 7 7 20 0 0.500000 0.500000 0.000000 0.000000
245 249 -1 0.000000 0.000000 7 7 7 20 0 0.500000 0.500000 0.000000 0.000000
249 248 -1 0.000000 0.000000 1 1 1 20 0 1.000000 1.000000 0.000000 0.000000
248 49 -1 0.000000 0.000000 7 7 7 20 0 0.500000 0.500000 0.000000 0.000000
49 41 5 0.000000 1.000000 7 7 7 1 0 0.500000 0.500000 0.000000 0.000000
41 250 -1 0.000000 0.000000 7 7 7 20 0 0.500000 0.500000 0.000000 0.000000
250 251 -1 0.000000 0.000000 2 2 7 0 0 0.500000 0.500000 0.000000 0.000000
251 453 -1 0.000000 0.000000 7 7 7 20 0 0.500000 0.500000 0.000000 0.000000
453 58 -1 0.000000 0.000000 7 7 7 20 0 0.500000 0.500000 0.000000 0.000000
58 603 6 0.000000 1.000000 7 255 7 1 0 0.500000 0.500000 0.000000 0.000000
603 59 6 0.000000 1.000000 7 16 7 69 16777231 1.000000 1.000000 0.000000 0.000000
59 454 -1 0.000000 0.000000 7 7 7 20 0 0.500000 0.500000 0.000000 0.000000
454 236 -1 0.000000 0.000000 7 7 7 20 0 0.500000 0.500000 0.000000 0.000000
236 40 -1 0.000000 0.000000 7 7 7 20 0 0.500000 0.500000 0.000000 0.000000
40 604 -1 0.000000 0.000000 7 7 7 20 0 0.500000 0.500000 0.000000 0.000000
604 605 93 0.235000 0.499999 7 255 7 15 0 0.500000 0.500000 0.000000 0.000000
605 39 -1 0.000000 0.000000 7 7 7 20 0 0.500000 0.500000 0.000000 0.000000
39 39 -1 0.000000 0.000000 7 7 7 20 0 0.500000 0.500000 0.000000 0.000000
39 431 65 0.235000 0.734999 7 16 7 79 3145743 0.500000 1.900000 0.000000 0.000000
431 38 -1 0.000000 0.000000 7 7 7 20 0 0.500000 0.500000 0.000000 0.000000
38 210 -1 0.000000 0.000000 7 7 7 20 0 0.500000 0.500000 0.000000 0.000000
210 237 -1 0.000000 0.000000 7 7 7 20 0 0.500000 0.500000 0.000000 0.000000
237 34 -1 0.000000 0.000000 7 7 7 20 0 0.500000 0.500000 0.000000 0.000000
34 37 -1 0.000000 0.000000 7 7 7 20 0 0.500000 0.500000 0.000000 0.000000
37 26 -1 0.000000 0.000000 7 7 7 20 0 0.500000 0.500000 0.000000 0.000000
26 213 -1 0.000000 0.000000 7 7 7 20 0 0.500000 0.500000 0.000000 0.000000
213 24 -1 0.000000 0.000000 7 7 7 20 0 0.500000 0.500000 0.000000 0.000000
28 232 -1 0.000000 0.000000 7 6 7 20 262176 0.500000 0.500000 0.000000 0.000000
232 226 -1 0.000000 0.000000 7 6 7 20 262176 0.500000 0.500000 0.000000 0.000000
226 227 -1 0.000000 0.000000 7 6 7 20 262176 0.500000 0.500000 0.000000 0.000000
227 228 -1 0.000000 0.000000 7 7 7 20 0 0.500000 0.500000 0.000000 0.000000
228 229 -1 0.000000 0.000000 7 6 7 20 262176 0.500000 0.500000 0.000000 0.000000
229 233 -1 0.000000 0.000000 7 6 7 20 262176 0.500000 0.500000 0.000000 0.000000
233 29 -1 0.000000 0.000000 7 6 7 20 262176 0.500000 0.500000 0.000000 0.000000
29 214 -1 0.000000 0.000000 7 6 7 20 262176 0.500000 0.500000 0.000000 0.000000
214 216 -1 0.000000 0.000000 7 6 7 20 262176 0.500000 0.500000 0.000000 0.000000
216 217 -1 0.000000 0.000000 7 7 7 20 0 0.500000 0.500000 0.000000 0.000000
217 215 -1 0.000000 0.000000 7 6 7 20 262176 0.500000 0.500000 0.000000 0.000000
215 230 -1 0.000000 0.000000 7 6 7 20 262176 0.500000 0.500000 0.000000 0.000000
230 30 -1 0.000000 0.000000 7 6 7 20 262176 0.500000 0.500000 0.000000 0.000000
30 218 -1 0.000000 0.000000 7 6 7 20 262176 0.500000 0.500000 0.000000 0.000000
218 219 -1 0.000000 0.000000 7 6 7 20 262176 0.500000 0.500000 0.000000 0.000000
219 220 -1 0.000000 0.000000 7 7 7 20 0 0.500000 0.500000 0.000000 0.000000
220 221 -1 0.000000 0.000000 7 6 7 20 262176 0.500000 0.500000 0.000000 0.000000
221 31 -1 0.000000 0.000000 7 6 7 20 262176 0.500000 0.500000 0.000000 0.000000
31 231 -1 0.000000 0.000000 7 6 7 20 262176 0.500000 0.500000 0.000000 0.000000
231 222 -1 0.000000 0.000000 7 6 7 20 262176 0.500000 0.500000 0.000000 0.000000
222 223 -1 0.000000 0.000000 7 6 7 20 262176 0.500000 0.500000 0.000000 0.000000
223 224 -1 0.000000 0.000000 7 7 7 20 0 0.500000 0.500000 0.000000 0.000000
224 225 -1 0.000000 0.000000 7 6 7 20 262176 0.500000 0.500000 0.000000 0.000000
225 28 -1 0.000000 0.000000 7 6 7 20 262176 0.500000 0.500000 0.000000 0.000000
42 295 -1 0.000000 0.000000 7 6 7 20 262176 1.000000 1.000000 0.000000 0.000000
295 297 -1 0.000000 0.000000 7 6 7 20 262176 1.000000 1.000000 0.000000 0.000000
297 321 -1 0.000000 0.000000 7 6 7 20 262176 1.000000 1.000000 0.000000 0.000000
321 322 -1 0.000000 0.000000 7 6 7 20 262176 1.000000 1.000000 0.000000 0.000000
322 300 -1 0.000000 0.000000 7 6 7 20 262176 1.000000 1.000000 0.000000 0.000000
300 299 -1 0.000000 0.000000 7 6 7 20 262176 1.000000 1.000000 0.000000 0.000000
299 298 -1 0.000000 0.000000 7 6 7 20 262176 1.000000 1.000000 0.000000 0.000000
298 296 -1 0.000000 0.000000 7 6 7 20 262176 1.000000 1.000000 0.000000 0.000000
296 43 -1 0.000000 0.000000 7 6 7 20 262176 1.000000 1.000000 0.000000 0.000000
43 127 -1 0.000000 0.000000 7 6 7 20 262176 1.000000 1.000000 0.000000 0.000000
127 205 -1 0.000000 0.000000 7 6 7 20 262176 1.000000 1.000000 0.000000 0.000000
205 206 27 0.300000 0.700000 6 10 6 79 1 1.000000 1.000000 0.000000 0.000000
206 128 -1 0.000000 0.000000 7 6 7 20 262176 1.000000 1.000000 0.000000 0.000000
128 44 -1 0.000000 0.000000 7 6 7 20 262176 1.000000 1.000000 0.000000 0.000000
44 129 -1 0.000000 0.000000 7 6 7 20 4456480 1.000000 1.000000 0.000000 0.000000
129 45 -1 0.000000 0.000000 7 6 7 20 262176 1.000000 1.000000 0.000000 0.000000
45 487 -1 0.000000 0.000000 7 6 7 20 5505056 1.000000 1.000000 0.000000 0.000000
487 130 -1 0.000000 0.000000 7 6 7 20 262176 1.000000 1.000000 0.000000 0.000000
130 42 -1 0.000000 0.000000 7 6 7 20 262176 1.000000 1.000000 0.000000 0.000000
250 251 -1 0.000000 0.000000 0 6 7 20 0 1.000000 1.000000 0.000000 0.000000
250 248 29 0.000000 1.000000 6 6 6 1 0 1.000000 1.000000 0.000000 0.000000
249 248 -1 0.000000 0.000000 0 1 0 20 0 1.000000 1.000000 0.000000 0.000000
249 251 29 0.000000 1.000000 6 6 6 1 0 1.000000 1.000000 0.000000 0.000000
301 302 35 0.000000 1.000000 6 6 6 1 262176 1.000000 1.000000 0.000000 0.000000
302 303 35 0.000000 1.000000 6 6 6 1 262176 1.000000 1.000000 0.000000 0.000000
303 304 35 0.000000 1.000000 6 6 6 1 262176 1.000000 1.000000 0.000000 0.000000
304 301 35 0.000000 1.000000 6 6 6 1 262176 1.000000 1.000000 0.000000 0.000000
305 306 36 0.000000 1.000000 6 6 6 1 262176 1.000000 1.000000 0.000000 0.000000
306 307 36 0.000000 1.000000 6 6 6 1 262176 1.000000 1.000000 0.000000 0.000000
307 308 36 0.000000 1.000000 6 6 6 1 262176 1.000000 1.000000 0.000000 0.000000
308 305 36 0.000000 1.000000 6 6 6 1 262176 1.000000 1.000000 0.000000 0.000000
309 310 37 0.000000 1.000000 6 6 6 1 262176 1.000000 1.000000 0.000000 0.000000
310 311 37 0.000000 1.000000 6 6 6 1 262176 1.000000 1.000000 0.000000 0.000000
311 312 37 0.000000 1.000000 6 6 6 1 262176 1.000000 1.000000 0.000000 0.000000
312 309 37 0.000000 1.000000 6 6 6 1 262176 1.000000 1.000000 0.000000 0.000000
313 314 38 0.000000 1.000000 6 6 6 1 262176 1.000000 1.000000 0.000000 0.000000
314 315 38 0.000000 1.000000 6 6 6 1 262176 1.000000 1.000000 0.000000 0.000000
315 316 38 0.000000 1.000000 6 6 6 1 262176 1.000000 1.000000 0.000000 0.000000
316 313 38 0.000000 1.000000 6 6 6 1 262176 1.000000 1.000000 0.000000 0.000000
317 318 39 0.000000 1.000000 6 6 6 1 262176 1.000000 1.000000 0.000000 0.000000
318 319 39 0.000000 1.000000 6 6 6 1 262176 1.000000 1.000000 0.000000 0.000000
319 320 39 0.000000 1.000000 6 6 6 1 262176 1.000000 1.000000 0.000000 0.000000
320 317 39 0.000000 1.000000 6 6 6 1 262176 1.000000 1.000000 0.000000 0.000000
361 359 47 0.000000 1.000000 11 11 11 65 11 1.000000 1.000000 0.000000 0.000000
360 359 -1 0.000000 0.000000 0 1 0 20 0 1.000000 1.000000 0.000000 0.000000
360 362 47 0.000000 1.000000 11 11 11 65 11 1.000000 1.000000 0.000000 0.000000
361 362 -1 0.000000 0.000000 6 6 6 0 0 1.000000 1.000000 0.000000 0.000000
384 385 55 0.000000 1.000000 1 16 1 69 5 1.000000 1.000000 0.000000 0.000000
385 386 55 0.000000 1.000000 1 16 1 69 5 1.000000 1.000000 0.000000 0.000000
386 387 55 0.000000 1.000000 1 16 1 69 5 1.000000 1.000000 0.000000 0.000000
387 384 55 0.000000 1.000000 1 16 1 69 5 1.000000 1.000000 0.000000 0.000000
388 389 56 0.000000 1.000000 1 16 1 69 7 1.000000 1.000000 0.000000 0.000000
389 390 56 0.000000 1.000000 1 16 1 69 5 1.000000 1.000000 0.000000 0.000000
390 391 56 0.000000 1.000000 1 16 1 69 5 1.000000 1.000000 0.000000 0.000000
391 388 56 0.000000 1.000000 1 16 1 69 5 1.000000 1.000000 0.000000 0.000000
392 393 57 0.000000 1.000000 1 16 1 69 5 1.000000 1.000000 0.000000 0.000000
393 394 57 0.000000 1.000000 1 16 1 69 5 1.000000 1.000000 0.000000 0.000000
394 395 57 0.000000 1.000000 1 16 1 69 5 1.000000 1.000000 0.000000 0.000000
395 392 57 0.000000 1.000000 1 16 1 69 5 1.000000 1.000000 0.000000 0.000000
396 397 58 0.000000 1.000000 1 16 1 69 5 1.000000 1.000000 0.000000 0.000000
397 398 58 0.000000 1.000000 1 16 1 69 5 1.000000 1.000000 0.000000 0.000000
398 399 58 0.000000 1.000000 1 16 1 69 5 1.000000 1.000000 0.000000 0.000000
399 396 58 0.000000 1.000000 1 16 1 69 5 1.000000 1.000000 0.000000 0.000000
434 487 66 0.000000 1.000000 1 1 1 1 0 1.000000 1.000000 0.000000 0.000000
487 45 66 0.000000 1.000000 1 1 1 1 0 1.000000 1.000000 0.000000 0.000000
45 129 66 0.000000 1.000000 1 1 1 1 0 1.000000 1.000000 0.000000 0.000000
129 44 66 0.000000 1.000000 6 6 6 5 0 1.000000 1.000000 0.000000 0.000000
44 435 66 0.000000 1.000000 1 1 1 1 0 1.000000 1.000000 0.000000 0.000000
435 434 66 0.000000 1.000000 1 1 1 1 0 1.000000 1.000000 0.000000 0.000000
445 446 68 0.100000 0.900000 12 12 12 11 0 1.000000 1.000000 0.000000 0.000000
446 447 68 0.100000 0.900000 12 12 12 11 0 1.000000 1.000000 0.000000 0.000000
447 448 68 0.100000 0.900000 12 12 12 11 0 1.000000 1.000000 0.000000 0.000000
448 445 68 0.100000 0.900000 12 12 12 11 0 1.000000 1.000000 0.000000 0.000000
467 468 -1 0.000000 0.000000 1 10 1 84 15 1.000000 1.000000 0.000000 0.000000
468 469 -1 0.000000 0.000000 0 10 0 84 0 1.000000 1.000000 0.000000 0.000000
469 470 -1 0.000000 0.000000 1 10 1 84 15 1.000000 1.000000 0.000000 0.000000
470 467 -1 0.000000 0.000000 1 10 1 84 15 1.000000 1.000000 0.000000 0.000000
468 467 -1 0.000000 0.000000 1 10 1 84 6291456 1.000000 1.000000 0.000000 0.000000
469 468 -1 0.000000 0.000000 0 10 0 84 0 1.000000 1.000000 0.000000 0.000000
470 469 -1 0.000000 0.000000 1 10 1 84 6291456 1.000000 1.000000 0.000000 0.000000
467 470 -1 0.000000 0.000000 1 10 1 84 6291456 1.000000 1.000000 0.000000 0.000000
498 499 76 0.000000 1.000000 1 1 1 1 0 1.000000 1.000000 0.000000 0.000000
499 500 76 0.000000 1.000000 1 1 1 1 0 1.000000 1.000000 0.000000 0.000000
500 501 76 0.000000 1.000000 1 1 1 1 0 1.000000 1.000000 0.000000 0.000000
501 498 76 0.000000 1.000000 1 1 1 1 0 1.000000 1.000000 0.000000 0.000000
502 505 77 0.000000 1.000000 1 1 1 1 0 1.000000 1.000000 0.000000 0.000000
505 504 77 0.000000 1.000000 1 1 1 1 0 1.000000 1.000000 0.000000 0.000000
504 503 77 0.000000 1.000000 1 1 1 1 0 1.000000 1.000000 0.000000 0.000000
503 502 77 0.000000 1.000000 1 1 1 1 0 1.000000 1.000000 0.000000 0.000000
542 543 83 0.000000 1.000000 1 255 1 1 0 1.000000 1.000000 0.000000 0.000000
543 544 83 0.000000 1.000000 1 255 1 1 0 1.000000 1.000000 0.000000 0.000000
544 545 83 0.000000 1.000000 1 255 1 1 0 1.000000 1.000000 0.000000 0.000000
545 542 83 0.000000 1.000000 1 255 1 1 0 1.000000 1.000000 0.000000 0.000000
546 549 84 0.000000 1.000000 255 255 255 5 0 1.000000 1.000000 0.000000 0.000000
549 548 84 0.000000 1.000000 255 255 255 5 0 1.000000 1.000000 0.000000 0.000000
548 547 84 0.000000 1.000000 255 255 255 5 0 1.000000 1.000000 0.000000 0.000000
547 546 84 0.000000 1.000000 255 255 255 5 0 1.000000 1.000000 0.000000 0.000000
550 553 85 0.000000 1.000000 255 255 255 5 0 1.000000 1.000000 0.000000 0.000000
553 552 85 0.000000 1.000000 255 255 255 5 0 1.000000 1.000000 0.000000 0.000000
552 551 85 0.000000 1.000000 255 255 255 5 0 1.000000 1.000000 0.000000 0.000000
551 550 85 0.000000 1.000000 255 255 255 5 0 1.000000 1.000000 0.000000 0.000000
554 557 86 0.000000 1.000000 255 255 255 5 0 1.000000 1.000000 0.000000 0.000000
557 556 86 0.000000 1.000000 255 255 255 5 0 1.000000 1.000000 0.000000 0.000000
556 555 86 0.000000 1.000000 255 255 255 5 0 1.000000 1.000000 0.000000 0.000000
555 554 86 0.000000 1.000000 255 255 255 5 0 1.000000 1.000000 0.000000 0.000000
558 561 87 0.000000 1.000000 255 255 255 5 0 1.000000 1.000000 0.000000 0.000000
561 560 87 0.000000 1.000000 255 255 255 5 0 1.000000 1.000000 0.000000 0.000000
560 559 87 0.000000 1.000000 255 255 255 5 0 1.000000 1.000000 0.000000 0.000000
559 558 87 0.000000 1.000000 255 255 255 5 0 1.000000 1.000000 0.000000 0.000000
562 565 88 0.000000 1.000000 255 255 255 5 0 1.000000 1.000000 0.000000 0.000000
565 564 88 0.000000 1.000000 255 255 255 5 0 1.000000 1.000000 0.000000 0.000000
564 563 88 0.000000 1.000000 255 255 255 5 0 1.000000 1.000000 0.000000 0.000000
563 562 88 0.000000 1.000000 255 255 255 5 0 1.000000 1.000000 0.000000 0.000000
566 569 89 0.000000 1.000000 255 255 255 5 0 1.000000 1.000000 0.000000 0.000000
569 209 89 0.000000 1.000000 255 255 255 5 0 1.000000 1.000000 0.000000 0.000000
209 581 89 0.000000 1.000000 255 255 255 5 0 1.000000 1.000000 0.000000 0.000000
581 582 89 0.000000 1.000000 255 255 255 5 0 1.000000 1.000000 0.000000 0.000000
582 568 89 0.000000 1.000000 255 255 255 5 0 1.000000 1.000000 0.000000 0.000000
568 567 89 0.000000 1.000000 255 255 255 5 0 1.000000 1.000000 0.000000 0.000000
567 566 89 0.000000 1.000000 255 255 255 5 0 1.000000 1.000000 0.000000 0.000000
591 592 92 0.300000 0.700000 1 255 6 75 0 1.000000 1.000000 0.000000 0.000000
592 593 92 0.300000 0.700000 1 255 6 75 0 1.000000 1.000000 0.000000 0.000000
593 594 92 0.300000 0.700000 1 16 6 207 16777221 1.000000 1.000000 0.000000 0.000000
594 591 92 0.300000 0.700000 1 255 6 75 0 1.000000 1.000000 0.000000 0.000000
640 641 101 0.000000 1.000000 1 255 1 1 0 1.000000 1.000000 0.000000 0.000000
641 642 101 0.000000 1.000000 1 255 1 1 0 1.000000 1.000000 0.000000 0.000000
642 643 101 0.000000 1.000000 1 255 1 1 0 1.000000 1.000000 0.000000 0.000000
643 640 101 0.000000 1.000000 1 255 1 1 0 1.000000 1.000000 0.000000 0.000000
333 334 -1 0.000000 0.000000 7 7 7 20 0 0.500000 0.500000 0.000000 0.000000
334 329 -1 0.000000 0.000000 7 7 7 20 0 0.500000 0.500000 0.000000 0.000000
329 55 -1 0.000000 0.000000 7 7 7 20 0 0.500000 0.500000 0.000000 0.000000
55 62 -1 0.000000 0.000000 7 7 7 20 0 0.500000 0.500000 0.000000 0.000000
62 56 7 0.000000 1.000000 7 7 7 1 0 0.500000 0.500000 0.000000 0.000000
56 57 -1 0.000000 0.000000 7 7 7 20 0 0.500000 0.500000 0.000000 0.000000
57 41 -1 0.000000 0.000000 7 7 7 20 0 0.500000 0.500000 0.000000 0.000000
41 49 4 0.000000 1.000000 7 7 7 1 0 1.000000 1.000000 0.000000 0.000000
49 328 -1 0.000000 0.000000 7 7 7 20 0 0.500000 0.500000 0.000000 0.000000
328 345 -1 0.000000 0.000000 7 7 7 20 0 0.500000 0.500000 0.000000 0.000000
345 344 45 0.400000 0.600000 7 7 7 11 0 0.500000 0.500000 0.000000 0.000000
344 336 -1 0.000000 0.000000 7 7 7 20 0 0.500000 0.500000 0.000000 0.000000
336 338 -1 0.000000 0.000000 7 7 7 20 0 0.500000 0.500000 0.000000 0.000000
338 333 42 0.000000 1.000000 11 11 11 1 11 1.000000 1.000000 0.000000 0.000000
348 349 46 0.000000 0.999999 1 1 1 3 0 1.000000 1.000000 0.000000 0.000000
349 350 46 0.000000 0.999999 1 1 1 3 0 1.000000 1.000000 0.000000 0.000000
350 351 46 0.000000 0.999999 1 1 1 3 0 1.000000 1.000000 0.000000 0.000000
351 348 46 0.000000 0.999999 1 1 1 3 0 1.000000 1.000000 0.000000 0.000000
59 603 4 0.000000 1.000000 7 7 7 1 0 1.000000 1.000000 0.000000 0.000000
603 58 4 0.000000 1.000000 7 7 7 1 0 1.000000 1.000000 0.000000 0.000000
58 541 -1 0.000000 0.000000 7 7 7 20 0 0.500000 0.500000 0.000000 0.000000
541 583 -1 0.000000 0.000000 7 7 7 20 0 0.500000 0.500000 0.000000 0.000000
583 584 90 0.300000 0.700000 7 255 7 11 0 0.500000 0.500000 0.000000 0.000000
584 540 -1 0.000000 0.000000 7 7 7 20 0 0.500000 0.500000 0.000000 0.000000
540 539 -1 0.000000 0.000000 7 7 7 20 0 0.500000 0.500000 0.000000 0.000000
539 538 -1 0.000000 0.000000 7 7 7 20 0 0.500000 0.500000 0.000000 0.000000
538 60 -1 0.000000 0.000000 7 7 7 20 0 0.500000 0.500000 0.000000 0.000000
60 895 -1 0.000000 0.000000 7 7 7 20 0 0.500000 0.500000 0.000000 0.000000
895 904 -1 0.000000 0.000000 7 7 7 20 0 0.500000 0.500000 0.000000 0.000000
904 903 143 0.300000 0.600000 7 255 7 11 0 0.500000 0.500000 0.000000 0.000000
903 76 -1 0.000000 0.000000 7 7 7 20 0 0.500000 0.500000 0.000000 0.000000
76 77 -1 0.000000 0.000000 7 7 7 20 0 0.500000 0.500000 0.000000 0.000000
77 898 -1 0.000000 0.000000 7 7 7 20 0 0.500000 0.500000 0.000000 0.000000
898 897 -1 0.000000 0.000000 7 7 7 20 0 0.500000 0.500000 0.000000 0.000000
897 78 -1 0.000000 0.000000 7 7 7 20 0 0.500000 0.500000 0.000000 0.000000
78 75 -1 0.000000 0.000000 7 7 7 20 0 0.500000 0.500000 0.000000 0.000000
75 900 -1 0.000000 0.000000 7 7 7 20 0 0.500000 0.500000 0.000000 0.000000
900 899 142 0.300000 0.600000 7 255 7 11 0 0.500000 0.500000 0.000000 0.000000
899 896 -1 0.000000 0.000000 7 7 7 20 0 0.500000 0.500000 0.000000 0.000000
896 61 -1 0.000000 0.000000 7 7 7 20 0 0.500000 0.500000 0.000000 0.000000
61 914 -1 0.000000 0.000000 7 7 7 20 0 0.500000 0.500000 0.000000 0.000000
914 1013 152 0.000000 1.000000 7 255 7 1 0 0.500000 0.500000 0.000000 0.000000
1013 955 152 0.000000 1.000000 7 255 7 1 0 0.500000 0.500000 0.000000 0.000000
955 1014 152 0.000000 1.000000 7 255 7 1 0 0.500000 0.500000 0.000000 0.000000
1014 1015 152 0.000000 1.000000 7 255 7 1 0 0.500000 0.500000 0.000000 0.000000
1015 1016 152 0.000000 1.000000 7 255 7 1 0 0.500000 0.500000 0.000000 0.000000
1016 1017 152 0.000000 1.000000 7 255 7 1 0 0.500000 0.500000 0.000000 0.000000
1017 915 152 0.000000 1.000000 7 255 7 1 0 0.500000 0.500000 0.000000 0.000000
915 537 -1 0.000000 0.000000 7 7 7 20 0 0.500000 0.500000 0.000000 0.000000
537 536 -1 0.000000 0.000000 7 7 7 20 0 0.500000 0.500000 0.000000 0.000000
536 535 -1 0.000000 0.000000 7 7 7 20 0 0.500000 0.500000 0.000000 0.000000
535 588 -1 0.000000 0.000000 7 7 7 20 0 0.500000 0.500000 0.000000 0.000000
588 587 91 0.300000 0.700000 7 16 7 79 16777221 0.500000 0.500000 0.000000 0.000000
587 534 -1 0.000000 0.000000 7 7 7 20 0 0.500000 0.500000 0.000000 0.000000
534 59 -1 0.000000 0.000000 7 7 7 20 0 0.500000 0.500000 0.000000 0.000000
256 257 31 0.000000 1.000000 6 6 6 1 262181 1.000000 1.000000 0.000000 0.000000
257 258 31 0.000000 1.000000 6 6 6 1 262181 1.000000 1.000000 0.000000 0.000000
258 259 31 0.000000 1.000000 6 6 6 1 262181 1.000000 1.000000 0.000000 0.000000
259 260 31 0.000000 1.000000 9 9 9 1 7 1.000000 1.000000 0.000000 0.000000
260 261 31 0.000000 1.000000 6 6 6 1 262181 1.000000 1.000000 0.000000 0.000000
261 262 31 0.000000 1.000000 6 6 6 1 262181 1.000000 1.000000 0.000000 0.000000
262 263 31 0.000000 1.000000 6 6 6 1 262181 1.000000 1.000000 0.000000 0.000000
263 264 31 0.000000 1.000000 6 6 6 1 262181 1.000000 1.000000 0.000000 0.000000
264 265 31 0.000000 1.000000 6 6 6 1 262181 1.000000 1.000000 0.000000 0.000000
265 266 31 0.000000 1.000000 1 1 1 1 4 1.000000 1.000000 0.000000 0.000000
266 267 31 0.000000 1.000000 6 6 6 1 262181 1.000000 1.000000 0.000000 0.000000
267 268 31 0.000000 1.000000 6 6 6 1 262181 1.000000 1.000000 0.000000 0.000000
268 269 31 0.000000 1.000000 6 6 6 1 262181 1.000000 1.000000 0.000000 0.000000
269 270 31 0.000000 1.000000 6 6 6 1 262181 1.000000 1.000000 0.000000 0.000000
270 271 31 0.000000 1.000000 6 6 6 1 262181 1.000000 1.000000 0.000000 0.000000
271 272 31 0.000000 1.000000 15 16 1 197 4 1.000000 1.000000 0.000000 0.000000
272 273 31 0.000000 1.000000 6 6 6 1 262181 1.000000 1.000000 0.000000 0.000000
273 274 31 0.000000 1.000000 6 6 6 1 262181 1.000000 1.000000 0.000000 0.000000
274 275 31 0.000000 1.000000 6 6 6 1 262181 1.000000 1.000000 0.000000 0.000000
275 276 31 0.000000 1.000000 6 6 6 65 262181 1.000000 1.000000 0.000000 0.000000
276 277 31 0.000000 1.000000 6 6 6 1 262181 1.000000 1.000000 0.000000 0.000000
277 278 31 0.000000 1.000000 1 1 1 1 4 1.000000 1.000000 0.000000 0.000000
278 279 31 0.000000 1.000000 6 6 6 1 262181 1.000000 1.000000 0.000000 0.000000
279 256 31 0.000000 1.000000 6 6 6 1 262181 1.000000 1.000000 0.000000 0.000000
536 539 82 0.000000 1.000000 11 15 11 197 16777227 1.000000 1.000000 0.000000 0.000000
540 539 -1 0.000000 0.000000 1 7 1 0 0 0.500000 0.500000 0.000000 0.000000
540 535 82 0.000000 1.000000 11 15 11 197 16777227 1.000000 1.000000 0.000000 0.000000
536 535 -1 0.000000 0.000000 1 1 1 0 0 1.000000 1.000000 0.000000 0.000000
644 645 102 0.000000 0.900000 1 255 1 7 0 0.400000 0.400000 0.000000 0.000000
645 646 102 0.000000 0.900000 1 255 1 7 0 0.400000 0.400000 0.000000 0.000000
646 647 102 0.000000 0.900000 1 255 1 7 0 0.400000 0.400000 0.000000 0.000000
647 644 102 0.000000 0.900000 1 255 1 7 0 0.400000 0.400000 0.000000 0.000000
68 68 -1 0.000000 0.000000 7 7 7 20 0 0.500000 0.500000 0.000000 0.000000
68 64 -1 0.000000 0.000000 7 7 7 20 0 0.500000 0.500000 0.000000 0.000000
64 71 -1 0.000000 0.000000 7 7 7 20 0 0.500000 0.500000 0.000000 0.000000
71 65 -1 0.000000 0.000000 7 7 7 20 0 0.500000 0.500000 0.000000 0.000000
65 56 -1 0.000000 0.000000 7 7 7 20 0 0.500000 0.500000 0.000000 0.000000
56 62 5 0.000000 1.000000 7 7 7 1 0 1.000000 1.000000 0.000000 0.000000
62 63 -1 0.000000 0.000000 7 7 7 20 0 0.500000 0.500000 0.000000 0.000000
63 67 -1 0.000000 0.000000 7 7 7 20 0 0.500000 0.500000 0.000000 0.000000
67 66 -1 0.000000 0.000000 7 7 7 20 0 0.500000 0.500000 0.000000 0.000000
66 69 -1 0.000000 0.000000 7 7 7 20 0 0.500000 0.500000 0.000000 0.000000
69 70 -1 0.000000 0.000000 7 7 7 20 0 0.500000 0.500000 0.000000 0.000000
70 239 -1 0.000000 0.000000 7 7 7 20 0 0.500000 0.500000 0.000000 0.000000
239 240 -1 0.000000 0.000000 7 7 7 20 0 0.500000 0.500000 0.000000 0.000000
240 241 28 0.000000 1.000000 7 7 7 1 8 0.500000 0.500000 0.000000 0.000000
241 238 -1 0.000000 0.000000 7 7 7 20 0 0.500000 0.500000 0.000000 0.000000
238 68 -1 0.000000 0.000000 7 7 7 20 0 0.500000 0.500000 0.000000 0.000000
72 845 -1 0.000000 0.000000 7 6 7 20 262176 0.500000 0.500000 0.000000 0.000000
845 846 -1 0.000000 0.000000 7 6 7 20 262176 0.500000 0.500000 0.000000 0.000000
846 847 -1 0.000000 0.000000 7 6 7 20 262176 0.500000 0.500000 0.000000 0.000000
847 79 -1 0.000000 0.000000 7 7 7 20 0 0.500000 0.500000 0.000000 0.000000
79 79 -1 0.000000 0.000000 7 7 7 20 0 0.500000 0.500000 0.000000 0.000000
79 79 -1 0.000000 0.000000 7 7 7 20 0 0.500000 0.500000 0.000000 0.000000
79 88 -1 0.000000 0.000000 7 7 7 20 0 0.500000 0.500000 0.000000 0.000000
88 87 33 0.000000 1.000000 7 7 7 1 0 0.500000 0.500000 0.000000 0.000000
87 73 -1 0.000000 0.000000 7 7 7 20 0 0.500000 0.500000 0.000000 0.000000
73 74 -1 0.000000 0.000000 7 7 7 20 0 0.500000 0.500000 0.000000 0.000000
74 857 -1 0.000000 0.000000 7 7 7 20 0 0.500000 0.500000 0.000000 0.000000
857 856 -1 0.000000 0.000000 7 6 7 20 262176 0.500000 0.500000 0.000000 0.000000
856 855 -1 0.000000 0.000000 7 6 7 20 262176 0.500000 0.500000 0.000000 0.000000
855 854 -1 0.000000 0.000000 7 6 7 20 262176 0.500000 0.500000 0.000000 0.000000
854 850 -1 0.000000 0.000000 7 7 7 20 0 0.500000 0.500000 0.000000 0.000000
850 851 -1 0.000000 0.000000 7 6 7 20 262176 0.500000 0.500000 0.000000 0.000000
851 852 -1 0.000000 0.000000 7 6 7 20 262176 0.500000 0.500000 0.000000 0.000000
852 853 -1 0.000000 0.000000 7 6 7 20 262176 0.500000 0.500000 0.000000 0.000000
853 80 -1 0.000000 0.000000 7 7 7 20 0 0.500000 0.500000 0.000000 0.000000
80 80 -1 0.000000 0.000000 7 7 7 20 0 0.500000 0.500000 0.000000 0.000000
80 840 134 0.000000 1.000000 7 7 7 69 0 0.500000 0.500000 0.000000 0.000000
840 242 -1 0.000000 0.000000 7 6 7 20 262176 0.500000 0.500000 0.000000 0.000000
242 843 -1 0.000000 0.000000 7 6 7 20 262176 0.500000 0.500000 0.000000 0.000000
843 844 -1 0.000000 0.000000 7 6 7 20 262176 0.500000 0.500000 0.000000 0.000000
844 243 -1 0.000000 0.000000 7 7 7 20 0 0.500000 0.500000 0.000000 0.000000
243 244 28 0.000000 1.000000 7 7 7 1 8 0.500000 0.500000 0.000000 0.000000
244 72 -1 0.000000 0.000000 7 7 7 20 0 0.500000 0.500000 0.000000 0.000000
81 181 -1 0.000000 0.000000 7 6 7 20 262176 0.500000 0.500000 0.000000 0.000000
181 187 -1 0.000000 0.000000 7 6 7 20 262176 0.500000 0.500000 0.000000 0.000000
187 185 -1 0.000000 0.000000 7 7 7 20 0 0.500000 0.500000 0.000000 0.000000
185 186 -1 0.000000 0.000000 7 7 7 20 0 0.500000 0.500000 0.000000 0.000000
186 197 -1 0.000000 0.000000 7 7 7 20 0 0.500000 0.500000 0.000000 0.000000
197 195 -1 0.000000 0.000000 7 6 7 20 262176 0.500000 0.500000 0.000000 0.000000
195 196 -1 0.000000 0.000000 7 6 7 20 262176 0.500000 0.500000 0.000000 0.000000
196 198 -1 0.000000 0.000000 7 6 7 20 262176 0.500000 0.500000 0.000000 0.000000
198 184 -1 0.000000 0.000000 7 7 7 20 0 0.500000 0.500000 0.000000 0.000000
184 183 -1 0.000000 0.000000 7 7 7 20 0 0.500000 0.500000 0.000000 0.000000
183 194 -1 0.000000 0.000000 7 7 7 20 0 0.500000 0.500000 0.000000 0.000000
194 82 -1 0.000000 0.000000 7 6 7 20 262176 0.500000 0.500000 0.000000 0.000000
82 180 -1 0.000000 0.000000 7 6 7 20 262176 0.500000 0.500000 0.000000 0.000000
180 193 -1 0.000000 0.000000 7 6 7 20 262176 0.500000 0.500000 0.000000 0.000000
193 179 -1 0.000000 0.000000 7 7 7 20 0 0.500000 0.500000 0.000000 0.000000
179 178 -1 0.000000 0.000000 7 7 7 20 0 0.500000 0.500000 0.000000 0.000000
178 177 -1 0.000000 0.000000 7 7 7 20 0 0.500000 0.500000 0.000000 0.000000
177 192 -1 0.000000 0.000000 7 7 7 20 0 0.500000 0.500000 0.000000 0.000000
192 176 -1 0.000000 0.000000 7 7 7 20 0 0.500000 0.500000 0.000000 0.000000
176 83 -1 0.000000 0.000000 7 6 7 20 262176 0.500000 0.500000 0.000000 0.000000
83 175 -1 0.000000 0.000000 7 6 7 20 262176 0.500000 0.500000 0.000000 0.000000
175 191 -1 0.000000 0.000000 7 6 7 20 262176 0.500000 0.500000 0.000000 0.000000
191 174 -1 0.000000 0.000000 7 7 7 20 0 0.500000 0.500000 0.000000 0.000000
174 172 -1 0.000000 0.000000 7 7 7 20 0 0.500000 0.500000 0.000000 0.000000
172 171 -1 0.000000 0.000000 7 7 7 20 0 0.500000 0.500000 0.000000 0.000000
171 173 -1 0.000000 0.000000 7 7 7 20 0 0.500000 0.500000 0.000000 0.000000
173 199 -1 0.000000 0.000000 7 7 7 20 0 0.500000 0.500000 0.000000 0.000000
199 201 -1 0.000000 0.000000 7 6 7 20 262176 0.500000 0.500000 0.000000 0.000000
201 202 -1 0.000000 0.000000 7 6 7 20 262176 0.500000 0.500000 0.000000 0.000000
202 200 -1 0.000000 0.000000 7 6 7 20 262176 0.500000 0.500000 0.000000 0.000000
200 169 -1 0.000000 0.000000 7 7 7 20 0 0.500000 0.500000 0.000000 0.000000
169 167 -1 0.000000 0.000000 7 7 7 20 0 0.500000 0.500000 0.000000 0.000000
167 168 -1 0.000000 0.000000 7 9 7 20 15 1.000000 1.000000 0.000000 0.000000
168 170 -1 0.000000 0.000000 7 7 7 20 0 0.500000 0.500000 0.000000 0.000000
170 189 -1 0.000000 0.000000 7 7 7 20 0 0.500000 0.500000 0.000000 0.000000
189 182 -1 0.000000 0.000000 7 6 7 20 262176 0.500000 0.500000 0.000000 0.000000
182 84 -1 0.000000 0.000000 7 6 7 20 262176 0.500000 0.500000 0.000000 0.000000
84 190 -1 0.000000 0.000000 7 6 7 20 262176 0.500000 0.500000 0.000000 0.000000
190 190 -1 0.000000 0.000000 7 7 7 20 0 0.500000 0.500000 0.000000 0.000000
190 190 -1 0.000000 0.000000 0 7 0 20 0 0.500000 0.500000 0.000000 0.000000
190 188 -1 0.000000 0.000000 7 7 7 20 0 0.500000 0.500000 0.000000 0.000000
188 81 -1 0.000000 0.000000 7 6 7 20 262176 0.500000 0.500000 0.000000 0.000000
252 253 30 0.000000 1.000000 1 1 1 1 0 1.000000 1.000000 0.000000 0.000000
253 254 30 0.000000 1.000000 1 16 1 69 0 1.000000 1.000000 0.000000 0.000000
254 255 30 0.000000 1.000000 1 1 1 1 0 1.000000 1.000000 0.000000 0.000000
255 252 30 0.000000 1.000000 1 16 1 69 0 1.000000 1.000000 0.000000 0.000000
620 859 97 0.000000 1.000000 1 255 1 1 0 1.000000 1.000000 0.000000 0.000000
859 858 97 0.000000 1.000000 1 255 1 1 0 1.000000 1.000000 0.000000 0.000000
858 621 97 0.000000 1.000000 1 255 1 1 0 1.000000 1.000000 0.000000 0.000000
621 622 97 0.000000 1.000000 1 255 1 1 0 1.000000 1.000000 0.000000 0.000000
622 623 97 0.000000 1.000000 1 255 1 1 0 1.000000 1.000000 0.000000 0.000000
623 620 97 0.000000 1.000000 1 255 1 1 0 1.000000 1.000000 0.000000 0.000000
624 627 98 0.000000 1.000000 255 255 255 5 0 1.000000 1.000000 0.000000 0.000000
627 626 98 0.000000 1.000000 255 255 255 5 0 1.000000 1.000000 0.000000 0.000000
626 870 98 0.000000 1.000000 255 255 255 5 0 1.000000 1.000000 0.000000 0.000000
870 864 98 0.000000 1.000000 255 255 255 5 0 1.000000 1.000000 0.000000 0.000000
864 865 98 0.000000 1.000000 255 255 255 5 0 1.000000 1.000000 0.000000 0.000000
865 625 98 0.000000 1.000000 255 255 255 5 0 1.000000 1.000000 0.000000 0.000000
625 624 98 0.000000 1.000000 255 255 255 5 0 1.000000 1.000000 0.000000 0.000000
628 629 99 0.000000 0.900000 6 255 1 3 0 1.000000 1.000000 0.000000 0.000000
629 630 99 0.000000 0.900000 1 255 1 3 0 1.000000 1.000000 0.000000 0.000000
630 631 99 0.000000 0.900000 6 255 1 3 0 1.000000 1.000000 0.000000 0.000000
631 628 99 0.000000 0.900000 1 255 1 3 0 1.000000 1.000000 0.000000 0.000000
632 628 -1 0.000000 0.000000 1 6 1 20 262176 1.000000 1.000000 0.000000 0.000000
628 631 -1 0.000000 0.000000 1 6 1 20 262176 1.000000 1.000000 0.000000 0.000000
631 633 -1 0.000000 0.000000 1 6 1 20 262176 1.000000 1.000000 0.000000 0.000000
633 632 -1 0.000000 0.000000 1 6 1 20 262176 1.000000 1.000000 0.000000 0.000000
634 635 -1 0.000000 0.000000 1 6 1 20 262176 1.000000 1.000000 0.000000 0.000000
635 636 -1 0.000000 0.000000 1 6 1 20 262176 1.000000 1.000000 0.000000 0.000000
636 637 -1 0.000000 0.000000 1 6 1 20 262176 1.000000 1.000000 0.000000 0.000000
637 634 -1 0.000000 0.000000 1 6 1 20 262176 1.000000 1.000000 0.000000 0.000000
629 638 -1 0.000000 0.000000 1 6 1 20 262176 1.000000 1.000000 0.000000 0.000000
638 639 -1 0.000000 0.000000 1 6 1 20 262176 1.000000 1.000000 0.000000 0.000000
639 630 -1 0.000000 0.000000 1 6 1 20 262176 1.000000 1.000000 0.000000 0.000000
630 629 -1 0.000000 0.000000 1 6 1 20 262176 1.000000 1.000000 0.000000 0.000000
638 634 100 0.000000 0.900000 6 255 1 3 0 1.000000 1.000000 0.000000 0.000000
634 637 100 0.000000 0.900000 1 255 1 3 0 1.000000 1.000000 0.000000 0.000000
637 639 100 0.000000 0.900000 6 255 1 3 0 1.000000 1.000000 0.000000 0.000000
639 638 100 0.000000 0.900000 1 255 1 3 0 1.000000 1.000000 0.000000 0.000000
860 861 -1 0.000000 0.000000 1 6 1 20 262176 1.000000 1.000000 0.000000 0.000000
861 862 -1 0.000000 0.000000 1 6 1 20 262176 1.000000 1.000000 0.000000 0.000000
862 863 -1 0.000000 0.000000 1 6 1 20 262176 1.000000 1.000000 0.000000 0.000000
863 860 -1 0.000000 0.000000 1 6 1 20 262176 1.000000 1.000000 0.000000 0.000000
866 867 -1 0.000000 0.000000 1 6 1 20 262176 1.000000 1.000000 0.000000 0.000000
867 868 -1 0.000000 0.000000 1 6 1 20 262176 1.000000 1.000000 0.000000 0.000000
868 869 -1 0.000000 0.000000 1 6 1 20 262176 1.000000 1.000000 0.000000 0.000000
869 866 -1 0.000000 0.000000 1 6 1 20 262176 1.000000 1.000000 0.000000 0.000000
293 285 -1 0.000000 0.000000 7 7 7 20 0 0.500000 0.500000 0.000000 0.000000
285 281 -1 0.000000 0.000000 7 7 7 20 0 0.500000 0.500000 0.000000 0.000000
281 283 32 0.000000 1.000000 11 11 11 1 11 1.000000 1.000000 0.000000 0.000000
283 286 -1 0.000000 0.000000 7 7 7 20 0 0.500000 0.500000 0.000000 0.000000
286 369 -1 0.000000 0.000000 7 7 7 20 0 0.500000 0.500000 0.000000 0.000000
369 290 50 0.400000 0.500000 7 7 7 11 0 0.500000 0.500000 0.000000 0.000000
290 86 -1 0.000000 0.000000 7 7 7 20 0 0.500000 0.500000 0.000000 0.000000
86 50 -1 0.000000 0.000000 7 7 7 20 0 0.500000 0.500000 0.000000 0.000000
50 46 43 0.000000 1.000000 7 7 7 1 0 1.000000 1.000000 0.000000 0.000000
46 85 -1 0.000000 0.000000 7 7 7 20 0 0.500000 0.500000 0.000000 0.000000
85 89 10 0.000000 1.000000 7 7 7 1 0 0.500000 0.500000 0.000000 0.000000
89 289 -1 0.000000 0.000000 7 7 7 20 0 0.500000 0.500000 0.000000 0.000000
289 292 -1 0.000000 0.000000 7 7 7 20 0 0.500000 0.500000 0.000000 0.000000
292 293 34 0.400000 0.500000 7 7 7 11 0 0.500000 0.500000 0.000000 0.000000
91 90 -1 0.000000 0.000000 7 7 7 20 6291456 0.500000 0.500000 0.000000 0.000000
90 89 -1 0.000000 0.000000 7 7 7 20 0 0.500000 0.500000 0.000000 0.000000
89 85 9 0.000000 1.000000 7 7 7 1 0 1.000000 1.000000 0.000000 0.000000
85 421 -1 0.000000 0.000000 7 7 7 20 0 0.500000 0.500000 0.000000 0.000000
421 420 -1 0.000000 0.000000 7 7 7 20 6291456 0.500000 0.500000 0.000000 0.000000
420 491 -1 0.000000 0.000000 7 7 7 20 0 0.500000 0.500000 0.000000 0.000000
491 495 -1 0.000000 0.000000 7 7 7 20 0 0.500000 0.500000 0.000000 0.000000
495 494 -1 0.000000 0.000000 7 7 7 20 0 0.500000 0.500000 0.000000 0.000000
494 493 -1 0.000000 0.000000 7 7 7 20 0 0.500000 0.500000 0.000000 0.000000
493 492 -1 0.000000 0.000000 7 7 7 20 0 0.500000 0.500000 0.000000 0.000000
492 489 -1 0.000000 0.000000 7 7 7 20 0 0.500000 0.500000 0.000000 0.000000
489 416 -1 0.000000 0.000000 7 5 7 20 6291456 0.500000 0.500000 0.000000 0.000000
416 416 63 0.000000 1.000000 1 1 1 1 0 1.000000 1.000000 0.000000 0.000000
416 488 -1 0.000000 0.000000 7 5 7 20 6291456 0.500000 0.500000 0.000000 0.000000
488 417 -1 0.000000 0.000000 7 7 7 20 6291456 0.500000 0.500000 0.000000 0.000000
417 490 -1 0.000000 0.000000 7 7 7 20 0 0.500000 0.500000 0.000000 0.000000
490 485 -1 0.000000 0.000000 7 7 7 20 0 0.500000 0.500000 0.000000 0.000000
485 486 -1 0.000000 0.000000 7 7 7 20 0 0.500000 0.500000 0.000000 0.000000
486 92 -1 0.000000 0.000000 7 7 7 20 0 0.500000 0.500000 0.000000 0.000000
92 94 11 0.000000 1.000000 7 7 7 1 0 0.500000 0.500000 0.000000 0.000000
94 419 -1 0.000000 0.000000 7 7 7 20 0 0.500000 0.500000 0.000000 0.000000
419 73 -1 0.000000 0.000000 7 7 7 20 6291456 0.500000 0.500000 0.000000 0.000000
73 422 -1 0.000000 0.000000 7 7 7 20 6291456 0.500000 0.500000 0.000000 0.000000
422 418 -1 0.000000 0.000000 7 7 7 20 0 0.500000 0.500000 0.000000 0.000000
418 91 62 0.000000 1.000000 1 1 1 1 0 1.000000 1.000000 0.000000 0.000000
419 416 63 0.000000 1.000000 1 1 1 1 0 1.000000 1.000000 0.000000 0.000000
416 416 -1 0.000000 0.000000 1 1 1 20 0 1.000000 1.000000 0.000000 0.000000
416 420 63 0.000000 1.000000 1 1 1 1 0 1.000000 1.000000 0.000000 0.000000
421 420 -1 0.000000 0.000000 1 7 1 0 6291456 0.500000 0.500000 0.000000 0.000000
421 90 63 0.000000 1.000000 1 1 1 1 0 1.000000 1.000000 0.000000 0.000000
90 90 63 0.000000 1.000000 1 1 1 1 0 1.000000 1.000000 0.000000 0.000000
91 90 -1 0.000000 0.000000 1 1 1 0 0 1.000000 1.000000 0.000000 0.000000
91 422 63 0.000000 1.000000 1 1 1 1 0 1.000000 1.000000 0.000000 0.000000
73 422 -1 0.000000 0.000000 1 1 1 0 0 1.000000 1.000000 0.000000 0.000000
419 73 -1 0.000000 0.000000 1 1 1 0 0 1.000000 1.000000 0.000000 0.000000
94 92 10 0.000000 1.000000 7 7 7 1 0 1.000000 1.000000 0.000000 0.000000
92 163 -1 0.000000 0.000000 7 7 7 20 0 0.500000 0.500000 0.000000 0.000000
163 471 -1 0.000000 0.000000 7 7 7 20 5242880 0.500000 0.500000 0.000000 0.000000
471 166 -1 0.000000 0.000000 7 7 7 20 0 0.500000 0.500000 0.000000 0.000000
166 101 -1 0.000000 0.000000 7 7 7 20 0 0.500000 0.500000 0.000000 0.000000
101 100 12 0.000000 1.000000 7 7 7 1 0 0.500000 0.500000 0.000000 0.000000
100 165 -1 0.000000 0.000000 7 7 7 20 0 0.500000 0.500000 0.000000 0.000000
165 97 -1 0.000000 0.000000 7 7 7 20 0 0.500000 0.500000 0.000000 0.000000
97 871 -1 0.000000 0.000000 7 7 7 20 0 0.500000 0.500000 0.000000 0.000000
871 873 -1 0.000000 0.000000 7 7 7 20 0 0.500000 0.500000 0.000000 0.000000
873 872 136 0.000000 1.000000 7 255 7 1 0 0.500000 0.500000 0.000000 0.000000
872 98 135 0.000000 1.000000 7 255 1 65 0 0.500000 0.500000 0.000000 0.000000
98 98 -1 0.000000 0.000000 7 7 7 20 0 0.500000 0.500000 0.000000 0.000000
98 98 -1 0.000000 0.000000 7 7 7 20 0 0.500000 0.500000 0.000000 0.000000
98 98 -1 0.000000 0.000000 7 7 7 20 0 0.500000 0.500000 0.000000 0.000000
98 98 -1 0.000000 0.000000 7 7 7 20 0 0.500000 0.500000 0.000000 0.000000
98 98 -1 0.000000 0.000000 7 7 7 20 0 0.500000 0.500000 0.000000 0.000000
98 98 -1 0.000000 0.000000 7 7 7 20 0 0.500000 0.500000 0.000000 0.000000
98 95 -1 0.000000 0.000000 7 7 7 20 0 0.500000 0.500000 0.000000 0.000000
95 760 -1 0.000000 0.000000 7 7 7 20 0 0.500000 0.500000 0.000000 0.000000
760 135 -1 0.000000 0.000000 7 6 7 20 0 0.500000 0.500000 0.000000 0.000000
135 138 -1 0.000000 0.000000 7 6 7 20 262176 0.500000 0.500000 0.000000 0.000000
138 137 -1 0.000000 0.000000 7 6 7 20 262176 0.500000 0.500000 0.000000 0.000000
137 148 -1 0.000000 0.000000 7 6 7 20 262176 0.500000 0.500000 0.000000 0.000000
148 131 -1 0.000000 0.000000 7 6 7 20 4456480 0.500000 0.500000 0.000000 0.000000
131 132 21 0.235000 0.729999 7 7 7 11 4 0.500000 0.500000 0.000000 0.000000
132 147 -1 0.000000 0.000000 7 6 7 20 4456480 0.500000 0.500000 0.000000 0.000000
147 139 -1 0.000000 0.000000 7 6 7 20 262176 0.500000 0.500000 0.000000 0.000000
139 140 -1 0.000000 0.000000 7 6 7 20 262176 0.500000 0.500000 0.000000 0.000000
140 136 -1 0.000000 0.000000 7 6 7 20 262176 0.500000 0.500000 0.000000 0.000000
136 96 -1 0.000000 0.000000 7 7 7 20 0 0.500000 0.500000 0.000000 0.000000
96 474 -1 0.000000 0.000000 7 7 7 20 0 0.500000 0.500000 0.000000 0.000000
474 164 -1 0.000000 0.000000 7 7 7 20 6291456 0.500000 0.500000 0.000000 0.000000
164 94 -1 0.000000 0.000000 7 7 7 20 0 0.500000 0.500000 0.000000 0.000000
141 142 22 0.200000 1.000000 1 1 1 9 0 1.000000 1.000000 0.000000 0.000000
142 143 22 0.200000 1.000000 6 6 6 9 0 1.000000 1.000000 0.000000 0.000000
143 144 22 0.200000 1.000000 6 6 6 9 0 1.000000 1.000000 0.000000 0.000000
144 141 22 0.200000 1.000000 6 6 6 9 0 1.000000 1.000000 0.000000 0.000000
98 98 -1 0.000000 0.000000 1 1 1 20 0 1.000000 1.000000 0.000000 0.000000
98 98 -1 0.000000 0.000000 1 15 1 84 15 0.407000 1.000000 0.000000 0.000000
472 471 71 0.300000 0.700000 1 1 1 11 0 1.000000 1.000000 0.000000 0.000000
163 471 -1 0.000000 0.000000 1 1 1 10 0 1.000000 1.000000 0.000000 0.000000
163 473 71 0.300000 0.700000 1 1 1 11 0 1.000000 1.000000 0.000000 0.000000
473 472 71 0.300000 0.700000 1 1 1 11 0 1.000000 1.000000 0.000000 0.000000
474 475 72 0.000000 1.000000 1 16 1 69 3 1.000000 1.000000 0.000000 0.000000
475 476 72 0.000000 1.000000 1 1 1 1 0 1.000000 1.000000 0.000000 0.000000
476 164 72 0.000000 1.000000 1 16 1 69 16777219 1.000000 1.000000 0.000000 0.000000
474 164 -1 0.000000 0.000000 1 7 1 0 6291456 0.500000 0.500000 0.000000 0.000000
101 102 -1 0.000000 0.000000 7 7 7 20 4 0.500000 0.500000 0.000000 0.000000
102 103 13 -0.200000 1.000000 7 7 7 1 0 1.000000 1.000000 0.000000 0.000000
103 100 -1 0.000000 0.000000 7 7 7 20 4 0.500000 0.500000 0.000000 0.000000
100 101 11 0.000000 1.000000 7 7 7 9 0 1.000000 1.000000 0.000000 0.000000
102 104 -1 0.000000 0.000000 7 7 7 20 4 0.500000 0.500000 0.000000 0.000000
104 105 14 -0.400000 1.000000 7 7 7 1 0 1.000000 1.000000 0.000000 0.000000
105 103 -1 0.000000 0.000000 7 7 7 20 4 0.500000 0.500000 0.000000 0.000000
103 102 12 -0.200000 1.000000 6 6 6 9 0 1.000000 1.000000 0.000000 0.000000
104 106 -1 0.000000 0.000000 7 7 7 20 4 0.500000 0.500000 0.000000 0.000000
106 107 15 -0.600000 1.000000 7 7 7 1 0 1.000000 1.000000 0.000000 0.000000
107 105 -1 0.000000 0.000000 7 7 7 20 4 0.500000 0.500000 0.000000 0.000000
105 104 13 -0.400000 1.000000 6 6 6 9 0 1.000000 1.000000 0.000000 0.000000
106 108 -1 0.000000 0.000000 7 7 7 20 4 0.500000 0.500000 0.000000 0.000000
108 109 16 -0.800000 1.000000 7 7 7 1 0 1.000000 1.000000 0.000000 0.000000
109 107 -1 0.000000 0.000000 7 7 7 20 4 0.500000 0.500000 0.000000 0.000000
107 106 14 -0.600000 1.000000 6 6 6 9 0 1.000000 1.000000 0.000000 0.000000
108 110 -1 0.000000 0.000000 7 7 7 20 4 0.500000 0.500000 0.000000 0.000000
110 111 17 -1.000000 0.500000 7 7 7 3 4 0.500000 0.500000 0.000000 0.000000
111 109 -1 0.000000 0.000000 7 7 7 20 4 0.500000 0.500000 0.000000 0.000000
109 108 15 -0.800000 1.000000 6 6 6 9 0 1.000000 1.000000 0.000000 0.000000
110 112 -1 0.000000 0.000000 7 7 7 20 8 0.500000 0.500000 0.000000 0.000000
112 113 18 -1.200000 -0.200000 7 7 7 3 4 0.500000 0.500000 0.000000 0.000000
113 111 -1 0.000000 0.000000 7 7 7 20 8 0.500000 0.500000 0.000000 0.000000
111 110 16 -1.000000 0.500000 6 6 6 9 0 1.000000 1.000000 0.000000 0.000000
112 749 -1 0.000000 0.000000 7 7 7 20 0 0.500000 0.500000 0.000000 0.000000
749 750 -1 0.000000 0.000000 7 7 7 20 0 0.500000 0.500000 0.000000 0.000000
750 759 -1 0.000000 0.000000 7 7 7 20 0 0.500000 0.500000 0.000000 0.000000
759 758 -1 0.000000 0.000000 7 6 7 20 262176 0.500000 0.500000 0.000000 0.000000
758 757 -1 0.000000 0.000000 7 6 7 20 262176 0.500000 0.500000 0.000000 0.000000
757 756 -1 0.000000 0.000000 7 6 7 20 262176 0.500000 0.500000 0.000000 0.000000
756 114 -1 0.000000 0.000000 7 7 7 20 0 0.500000 0.500000 0.000000 0.000000
114 672 106 -1.200000 -0.300000 7 255 7 3 0 0.500000 0.500000 0.000000 0.000000
672 752 -1 0.000000 0.000000 7 7 7 20 0 0.500000 0.500000 0.000000 0.000000
752 753 -1 0.000000 0.000000 7 6 7 20 262176 0.500000 0.500000 0.000000 0.000000
753 754 -1 0.000000 0.000000 7 6 7 20 262176 0.500000 0.500000 0.000000 0.000000
754 755 -1 0.000000 0.000000 7 6 7 20 262176 0.500000 0.500000 0.000000 0.000000
755 751 -1 0.000000 0.000000 7 7 7 20 0 0.500000 0.500000 0.000000 0.000000
751 99 -1 0.000000 0.000000 7 7 7 20 0 0.500000 0.500000 0.000000 0.000000
99 113 -1 0.000000 0.000000 7 7 7 20 0 0.500000 0.500000 0.000000 0.000000
113 112 17 -1.200000 -0.200000 7 7 7 1 0 0.500000 0.500000 0.000000 0.000000
753 754 -1 0.000000 0.000000 1 1 1 6 0 1.000000 1.000000 0.000000 0.000000
753 757 122 -1.200000 -0.300000 6 255 12 67 7 1.000000 1.000000 0.000000 0.000000
758 757 -1 0.000000 0.000000 1 1 1 6 0 1.000000 1.000000 0.000000 0.000000
758 754 122 -1.200000 -0.300000 6 255 12 67 7 1.000000 1.000000 0.000000 0.000000
121 123 -1 0.000000 0.000000 7 6 7 20 262176 1.000000 1.000000 0.000000 0.000000
123 775 -1 0.000000 0.000000 7 7 7 20 2097160 0.500000 0.500000 0.000000 0.000000
775 774 126 -0.300000 0.100000 7 255 7 11 2097160 0.500000 0.500000 0.000000 0.000000
774 119 -1 0.000000 0.000000 7 7 7 20 2097160 0.500000 0.500000 0.000000 0.000000
119 772 -1 0.000000 0.000000 7 7 7 20 2097160 0.500000 0.500000 0.000000 0.000000
772 771 125 -0.300000 0.100000 7 255 7 11 2097160 0.500000 0.500000 0.000000 0.000000
771 770 -1 0.000000 0.000000 7 7 7 20 2097160 0.500000 0.500000 0.000000 0.000000
770 115 -1 0.000000 0.000000 7 7 7 20 2097160 0.500000 0.500000 0.000000 0.000000
115 116 -1 0.000000 0.000000 7 7 7 20 2097160 0.500000 0.500000 0.000000 0.000000
116 117 -1 0.000000 0.000000 7 7 7 20 2097160 0.500000 0.500000 0.000000 0.000000
117 118 -1 0.000000 0.000000 7 7 7 20 2097160 0.500000 0.500000 0.000000 0.000000
118 762 -1 0.000000 0.000000 7 7 7 20 2097160 0.500000 0.500000 0.000000 0.000000
762 764 -1 0.000000 0.000000 7 7 7 20 2097160 0.500000 0.500000 0.000000 0.000000
764 763 123 -0.300000 0.100000 7 16 7 79 18874376 0.500000 0.500000 0.000000 0.000000
763 120 -1 0.000000 0.000000 7 7 7 20 2097160 0.500000 0.500000 0.000000 0.000000
120 766 -1 0.000000 0.000000 7 7 7 20 2097160 0.500000 0.500000 0.000000 0.000000
766 767 124 -0.300000 0.100000 7 16 7 79 2097160 0.500000 0.500000 0.000000 0.000000
767 124 -1 0.000000 0.000000 7 7 7 20 2097160 0.500000 0.500000 0.000000 0.000000
124 122 -1 0.000000 0.000000 7 6 7 20 262176 1.000000 1.000000 0.000000 0.000000
122 121 20 -0.600000 0.300000 6 16 6 71 1 2.000000 1.000000 0.000000 0.000000
778 779 127 -0.500000 0.900000 1 255 1 9 0 1.000000 1.000000 0.000000 0.000000
779 780 127 -0.500000 0.900000 1 255 1 9 0 1.000000 1.000000 0.000000 0.000000
780 781 127 -0.500000 0.900000 1 255 1 9 0 1.000000 1.000000 0.000000 0.000000
781 778 127 -0.500000 0.900000 1 255 1 9 0 1.000000 1.000000 0.000000 0.000000
786 787 129 -0.500000 0.900000 1 255 1 9 0 1.000000 1.000000 0.000000 0.000000
787 788 129 -0.500000 0.900000 1 255 1 9 0 1.000000 1.000000 0.000000 0.000000
788 789 129 -0.500000 0.900000 1 255 1 9 0 1.000000 1.000000 0.000000 0.000000
789 786 129 -0.500000 0.900000 1 255 1 9 0 1.000000 1.000000 0.000000 0.000000
794 795 131 -0.600000 0.900000 1 255 2 1 0 1.000000 1.000000 0.000000 0.000000
795 796 131 -0.600000 0.900000 1 255 2 1 0 1.000000 1.000000 0.000000 0.000000
796 797 131 -0.600000 0.900000 1 255 2 1 0 1.000000 1.000000 0.000000 0.000000
797 798 131 -0.600000 0.900000 1 255 2 1 0 1.000000 1.000000 0.000000 0.000000
798 799 131 -0.600000 0.900000 1 255 2 1 0 1.000000 1.000000 0.000000 0.000000
799 800 131 -0.600000 0.900000 1 255 2 1 0 1.000000 1.000000 0.000000 0.000000
800 801 131 -0.600000 0.900000 1 255 2 1 0 1.000000 1.000000 0.000000 0.000000
801 802 131 -0.600000 0.900000 1 255 2 1 0 1.000000 1.000000 0.000000 0.000000
802 803 131 -0.600000 0.900000 1 255 2 1 0 1.000000 1.000000 0.000000 0.000000
803 804 131 -0.600000 0.900000 1 255 2 1 0 1.000000 1.000000 0.000000 0.000000
804 805 131 -0.600000 0.900000 1 255 2 1 0 1.000000 1.000000 0.000000 0.000000
805 806 131 -0.600000 0.900000 1 255 2 1 0 1.000000 1.000000 0.000000 0.000000
806 831 131 -0.600000 0.900000 1 255 2 1 0 1.000000 1.000000 0.000000 0.000000
831 807 131 -0.600000 0.900000 1 255 2 1 0 1.000000 1.000000 0.000000 0.000000
807 834 131 -0.600000 0.900000 1 255 2 1 0 1.000000 1.000000 0.000000 0.000000
834 833 131 -0.600000 0.900000 1 255 2 1 0 1.000000 1.000000 0.000000 0.000000
833 794 131 -0.600000 0.900000 1 255 2 1 0 1.000000 1.000000 0.000000 0.000000
122 1 -1 0.000000 0.000000 7 6 7 20 262176 1.000000 1.000000 0.000000 0.000000
1 0 0 -0.600000 0.300000 6 6 6 1 0 1.000000 1.000000 0.000000 0.000000
0 121 -1 0.000000 0.000000 7 6 7 20 262176 1.000000 1.000000 0.000000 0.000000
121 122 19 -0.600000 0.300000 6 16 6 69 16777217 2.000000 1.000000 0.000000 0.000000
132 131 11 0.235000 0.729999 1 1 1 1 0 1.000000 1.000000 0.000000 0.000000
131 146 -1 0.000000 0.000000 7 6 7 20 6553632 0.500000 0.500000 0.000000 0.000000
146 133 -1 0.000000 0.000000 7 1 7 20 6291464 0.500000 0.500000 0.000000 0.000000
133 134 -1 0.000000 0.000000 7 1 7 20 6291464 0.500000 0.500000 0.000000 0.000000
134 145 -1 0.000000 0.000000 7 1 7 20 6291464 0.500000 0.500000 0.000000 0.000000
145 132 -1 0.000000 0.000000 7 6 7 20 6553632 0.500000 0.500000 0.000000 0.000000
149 150 23 0.335000 0.729999 6 6 6 9 6553632 1.000000 1.000000 0.000000 0.000000
150 151 23 0.335000 0.729999 6 6 6 9 6553632 1.000000 1.000000 0.000000 0.000000
151 152 23 0.335000 0.729999 6 6 6 9 6553632 1.000000 1.000000 0.000000 0.000000
152 149 23 0.335000 0.729999 6 6 6 9 6553632 1.000000 1.000000 0.000000 0.000000
153 154 24 0.335000 0.729999 6 6 6 9 6553632 1.000000 1.000000 0.000000 0.000000
154 155 24 0.335000 0.729999 6 6 6 9 262176 1.000000 1.000000 0.000000 0.000000
155 156 24 0.335000 0.729999 6 6 6 9 6553632 1.000000 1.000000 0.000000 0.000000
156 153 24 0.335000 0.729999 6 6 6 9 6553632 1.000000 1.000000 0.000000 0.000000
141 144 11 0.200000 1.000000 1 1 1 1 0 1.000000 1.000000 0.000000 0.000000
144 143 11 0.200000 1.000000 1 1 1 1 0 1.000000 1.000000 0.000000 0.000000
143 142 11 0.200000 1.000000 1 1 1 1 0 1.000000 1.000000 0.000000 0.000000
142 141 11 0.200000 1.000000 1 1 1 1 0 1.000000 1.000000 0.000000 0.000000
149 152 21 0.335000 0.729999 1 1 1 3 0 1.000000 1.000000 0.000000 0.000000
152 151 21 0.335000 0.729999 1 1 1 3 0 1.000000 1.000000 0.000000 0.000000
151 150 21 0.335000 0.729999 1 1 1 3 0 1.000000 1.000000 0.000000 0.000000
150 149 21 0.335000 0.729999 1 1 1 3 0 1.000000 1.000000 0.000000 0.000000
153 156 21 0.335000 0.729999 1 1 1 3 0 1.000000 1.000000 0.000000 0.000000
156 155 21 0.335000 0.729999 1 1 1 3 0 1.000000 1.000000 0.000000 0.000000
155 154 21 0.335000 0.729999 1 1 1 3 6291456 1.000000 1.000000 0.000000 0.000000
154 153 21 0.335000 0.729999 1 1 1 3 0 1.000000 1.000000 0.000000 0.000000
8 162 1 -0.600000 0.400000 1 1 1 1 0 1.000000 1.000000 0.000000 0.000000
162 161 1 -0.600000 0.400000 1 7 1 5 0 0.500000 0.500000 0.000000 0.000000
161 160 1 -0.600000 0.400000 1 7 1 5 0 0.500000 0.500000 0.000000 0.000000
160 158 1 -0.600000 0.400000 1 1 1 1 0 1.000000 1.000000 0.000000 0.000000
158 8 1 -0.600000 0.400000 1 1 1 1 0 1.000000 1.000000 0.000000 0.000000
207 203 -1 0.000000 0.000000 1 6 1 20 4194304 1.000000 1.000000 0.000000 0.000000
203 204 -1 0.000000 0.000000 1 6 1 20 4194304 1.000000 1.000000 0.000000 0.000000
204 208 -1 0.000000 0.000000 1 6 1 20 4194304 1.000000 1.000000 0.000000 0.000000
208 207 27 0.300000 0.700000 1 1 1 9 0 1.000000 1.000000 0.000000 0.000000
208 206 -1 0.000000 0.000000 1 6 1 20 4194304 1.000000 1.000000 0.000000 0.000000
206 205 4 0.300000 0.700000 1 1 1 65 12 1.000000 1.000000 0.000000 0.000000
205 207 -1 0.000000 0.000000 1 6 1 20 4194304 1.000000 1.000000 0.000000 0.000000
207 208 26 0.300000 0.700000 1 1 1 1 0 1.000000 1.000000 0.000000 0.000000
241 240 7 0.000000 1.000000 1 1 1 1 12 1.000000 1.000000 0.000000 0.000000
240 244 -1 0.000000 0.000000 1 7 1 20 8 0.500000 0.500000 0.000000 0.000000
244 243 8 0.000000 1.000000 1 1 1 1 0 1.000000 1.000000 0.000000 0.000000
243 241 -1 0.000000 0.000000 1 7 1 20 8 0.500000 0.500000 0.000000 0.000000
251 249 4 0.000000 1.000000 2 2 2 3 0 1.000000 1.000000 0.000000 0.000000
249 248 -1 0.000000 0.000000 1 7 1 20 0 0.500000 0.500000 0.000000 0.000000
248 250 4 0.000000 1.000000 2 2 2 3 0 1.000000 1.000000 0.000000 0.000000
250 251 -1 0.000000 0.000000 1 7 7 20 0 0.500000 0.500000 0.000000 0.000000
252 255 8 0.000000 1.000000 8 255 8 73 0 0.500000 0.500000 0.000000 0.000000
255 254 8 0.000000 1.000000 8 8 8 9 0 0.500000 0.500000 0.000000 0.000000
254 253 8 0.000000 1.000000 8 255 8 73 0 0.500000 0.500000 0.000000 0.000000
253 252 8 0.000000 1.000000 7 7 7 9 0 0.500000 0.500000 0.000000 0.000000
256 279 6 0.000000 1.000000 1 1 1 3 0 1.000000 1.000000 0.000000 0.000000
279 278 6 0.000000 1.000000 1 1 1 3 0 1.000000 1.000000 0.000000 0.000000
278 277 6 0.000000 1.000000 1 1 1 3 0 1.000000 1.000000 0.000000 0.000000
277 276 6 0.000000 1.000000 1 1 1 3 0 1.000000 1.000000 0.000000 0.000000
276 275 6 0.000000 1.000000 1 1 1 67 0 1.000000 1.000000 0.000000 0.000000
275 274 6 0.000000 1.000000 1 1 1 3 0 1.000000 1.000000 0.000000 0.000000
274 273 6 0.000000 1.000000 1 1 1 3 0 1.000000 1.000000 0.000000 0.000000
273 272 6 0.000000 1.000000 1 1 1 3 0 1.000000 1.000000 0.000000 0.000000
272 271 6 0.000000 1.000000 1 16 1 71 16777216 1.000000 1.000000 0.000000 0.000000
271 270 6 0.000000 1.000000 1 1 1 3 0 1.000000 1.000000 0.000000 0.000000
270 269 6 0.000000 1.000000 1 1 1 3 0 1.000000 1.000000 0.000000 0.000000
269 268 6 0.000000 1.000000 1 1 1 3 0 1.000000 1.000000 0.000000 0.000000
268 267 6 0.000000 1.000000 1 1 1 3 0 1.000000 1.000000 0.000000 0.000000
267 266 6 0.000000 1.000000 1 1 1 3 0 1.000000 1.000000 0.000000 0.000000
266 265 6 0.000000 1.000000 1 1 1 3 0 1.000000 1.000000 0.000000 0.000000
265 264 6 0.000000 1.000000 1 1 1 3 0 1.000000 1.000000 0.000000 0.000000
264 263 6 0.000000 1.000000 1 1 1 3 0 1.000000 1.000000 0.000000 0.000000
263 262 6 0.000000 1.000000 1 1 1 3 0 1.000000 1.000000 0.000000 0.000000
262 261 6 0.000000 1.000000 1 1 1 3 0 1.000000 1.000000 0.000000 0.000000
261 260 6 0.000000 1.000000 1 1 1 3 0 1.000000 1.000000 0.000000 0.000000
260 259 6 0.000000 1.000000 1 1 1 3 0 1.000000 1.000000 0.000000 0.000000
259 258 6 0.000000 1.000000 1 1 1 3 0 1.000000 1.000000 0.000000 0.000000
258 257 6 0.000000 1.000000 1 1 1 3 0 1.000000 1.000000 0.000000 0.000000
257 256 6 0.000000 1.000000 1 1 1 3 0 1.000000 1.000000 0.000000 0.000000
660 661 104 0.000000 1.000000 1 255 1 3 0 1.000000 1.000000 0.000000 0.000000
661 662 104 0.000000 1.000000 1 255 1 3 0 1.000000 1.000000 0.000000 0.000000
662 663 104 0.000000 1.000000 1 255 1 3 0 1.000000 1.000000 0.000000 0.000000
663 664 104 0.000000 1.000000 1 255 1 3 0 1.000000 1.000000 0.000000 0.000000
664 665 104 0.000000 1.000000 1 255 1 3 0 1.000000 1.000000 0.000000 0.000000
665 666 104 0.000000 1.000000 1 255 1 3 0 1.000000 1.000000 0.000000 0.000000
666 667 104 0.000000 1.000000 1 255 1 3 0 1.000000 1.000000 0.000000 0.000000
667 660 104 0.000000 1.000000 1 255 1 3 0 1.000000 1.000000 0.000000 0.000000
282 283 40 0.000000 1.000000 6 6 6 1 262184 0.500000 0.500000 0.000000 0.000000
283 281 9 0.000000 1.000000 1 1 1 1 0 1.000000 1.000000 0.000000 0.000000
281 284 41 0.000000 1.000000 6 6 6 1 262184 0.500000 0.500000 0.000000 0.000000
284 282 33 0.000000 1.000000 1 1 1 1 0 1.000000 1.000000 0.000000 0.000000
284 280 -1 0.000000 0.000000 7 7 7 20 0 0.500000 0.500000 0.000000 0.000000
280 373 -1 0.000000 0.000000 7 7 7 20 0 0.500000 0.500000 0.000000 0.000000
373 288 51 0.400000 0.500000 7 7 7 11 0 0.500000 0.500000 0.000000 0.000000
288 87 -1 0.000000 0.000000 7 7 7 20 0 0.500000 0.500000 0.000000 0.000000
87 88 8 0.000000 1.000000 7 7 7 1 0 0.500000 0.500000 0.000000 0.000000
88 372 -1 0.000000 0.000000 7 7 7 20 0 0.500000 0.500000 0.000000 0.000000
372 287 52 0.400000 0.500000 7 7 7 11 0 0.500000 0.500000 0.000000 0.000000
287 323 -1 0.000000 0.000000 7 7 7 20 0 0.500000 0.500000 0.000000 0.000000
323 282 -1 0.000000 0.000000 7 7 7 20 0 0.500000 0.500000 0.000000 0.000000
282 282 -1 0.000000 0.000000 7 6 7 20 0 0.500000 0.500000 0.000000 0.000000
282 284 32 0.000000 1.000000 11 11 11 1 11 1.000000 1.000000 0.000000 0.000000
292 294 -1 0.000000 0.000000 7 7 7 20 0 0.500000 0.500000 0.000000 0.000000
294 291 -1 0.000000 0.000000 7 3 7 20 0 0.500000 0.500000 0.000000 0.000000
291 293 -1 0.000000 0.000000 7 7 7 20 0 0.500000 0.500000 0.000000 0.000000
293 292 9 0.400000 0.500000 1 1 1 1 0 1.000000 1.000000 0.000000 0.000000
301 304 4 0.000000 1.000000 1 1 1 1 0 1.000000 1.000000 0.000000 0.000000
304 303 4 0.000000 1.000000 1 1 1 1 0 1.000000 1.000000 0.000000 0.000000
303 302 4 0.000000 1.000000 1 1 1 1 0 1.000000 1.000000 0.000000 0.000000
302 301 4 0.000000 1.000000 1 1 1 1 0 1.000000 1.000000 0.000000 0.000000
305 308 4 0.000000 1.000000 1 1 1 1 0 1.000000 1.000000 0.000000 0.000000
308 307 4 0.000000 1.000000 1 1 1 1 0 1.000000 1.000000 0.000000 0.000000
307 306 4 0.000000 1.000000 1 1 1 1 0 1.000000 1.000000 0.000000 0.000000
306 305 4 0.000000 1.000000 1 1 1 1 0 1.000000 1.000000 0.000000 0.000000
309 312 4 0.000000 1.000000 1 1 1 1 0 1.000000 1.000000 0.000000 0.000000
312 311 4 0.000000 1.000000 1 1 1 1 0 1.000000 1.000000 0.000000 0.000000
311 310 4 0.000000 1.000000 1 1 1 1 0 1.000000 1.000000 0.000000 0.000000
310 309 4 0.000000 1.000000 1 1 1 1 0 1.000000 1.000000 0.000000 0.000000
313 316 4 0.000000 1.000000 1 1 1 1 0 1.000000 1.000000 0.000000 0.000000
316 315 4 0.000000 1.000000 1 1 1 1 0 1.000000 1.000000 0.000000 0.000000
315 314 4 0.000000 1.000000 1 1 1 1 0 1.000000 1.000000 0.000000 0.000000
314 313 4 0.000000 1.000000 1 1 1 1 0 1.000000 1.000000 0.000000 0.000000
317 320 4 0.000000 1.000000 1 1 1 1 0 1.000000 1.000000 0.000000 0.000000
320 319 4 0.000000 1.000000 1 1 1 1 0 1.000000 1.000000 0.000000 0.000000
319 318 4 0.000000 1.000000 1 1 1 1 0 1.000000 1.000000 0.000000 0.000000
318 317 4 0.000000 1.000000 1 1 1 1 0 1.000000 1.000000 0.000000 0.000000
283 282 32 0.000000 1.000000 1 1 1 1 0 1.000000 1.000000 0.000000 0.000000
282 324 -1 0.000000 0.000000 1 6 1 20 262184 1.000000 1.000000 0.000000 0.000000
324 325 -1 0.000000 0.000000 1 6 1 20 262184 1.000000 1.000000 0.000000 0.000000
325 283 -1 0.000000 0.000000 1 6 1 20 262184 1.000000 1.000000 0.000000 0.000000
284 281 32 0.000000 1.000000 1 1 1 1 0 1.000000 1.000000 0.000000 0.000000
281 326 -1 0.000000 0.000000 1 6 1 20 262184 1.000000 1.000000 0.000000 0.000000
326 327 -1 0.000000 0.000000 1 6 1 20 262184 1.000000 1.000000 0.000000 0.000000
327 284 -1 0.000000 0.000000 1 6 1 20 262184 1.000000 1.000000 0.000000 0.000000
332 333 -1 0.000000 0.000000 7 6 7 20 262184 0.500000 0.500000 0.000000 0.000000
333 338 5 0.000000 1.000000 1 1 1 1 0 1.000000 1.000000 0.000000 0.000000
338 339 -1 0.000000 0.000000 7 6 7 20 262184 0.500000 0.500000 0.000000 0.000000
339 332 43 0.000000 1.000000 1 1 1 1 0 1.000000 1.000000 0.000000 0.000000
339 337 -1 0.000000 0.000000 7 7 7 20 0 0.500000 0.500000 0.000000 0.000000
337 656 -1 0.000000 0.000000 7 7 7 20 0 0.500000 0.500000 0.000000 0.000000
656 657 103 0.400000 0.600000 7 255 7 11 0 0.500000 0.500000 0.000000 0.000000
657 335 -1 0.000000 0.000000 7 7 7 20 0 0.500000 0.500000 0.000000 0.000000
335 428 -1 0.000000 0.000000 7 7 7 20 0 0.500000 0.500000 0.000000 0.000000
428 424 -1 0.000000 0.000000 7 6 7 20 262176 0.500000 0.500000 0.000000 0.000000
424 426 -1 0.000000 0.000000 6 6 6 20 262176 0.500000 0.500000 0.000000 0.000000
426 427 -1 0.000000 0.000000 7 6 7 20 262176 0.500000 0.500000 0.000000 0.000000
427 47 -1 0.000000 0.000000 7 7 7 20 0 0.500000 0.500000 0.000000 0.000000
47 46 4 0.000000 1.000000 7 7 7 1 0 0.500000 0.500000 0.000000 0.000000
46 50 9 0.000000 1.000000 7 7 7 1 0 0.500000 0.500000 0.000000 0.000000
50 430 -1 0.000000 0.000000 7 7 7 20 0 0.500000 0.500000 0.000000 0.000000
430 425 -1 0.000000 0.000000 7 6 7 20 262176 0.500000 0.500000 0.000000 0.000000
425 423 -1 0.000000 0.000000 0 6 0 20 0 1.000000 1.000000 0.000000 0.000000
423 429 -1 0.000000 0.000000 7 6 7 20 262176 0.500000 0.500000 0.000000 0.000000
429 54 -1 0.000000 0.000000 7 7 7 20 0 0.500000 0.500000 0.000000 0.000000
54 53 -1 0.000000 0.000000 7 7 7 20 0 0.500000 0.500000 0.000000 0.000000
53 415 -1 0.000000 0.000000 7 7 7 20 0 0.500000 0.500000 0.000000 0.000000
415 412 -1 0.000000 0.000000 7 7 7 20 0 0.500000 0.500000 0.000000 0.000000
412 409 -1 0.000000 0.000000 7 7 7 20 0 0.500000 0.500000 0.000000 0.000000
409 408 60 0.235000 0.725000 7 7 7 11 0 0.500000 0.500000 0.000000 0.000000
408 413 -1 0.000000 0.000000 7 7 7 20 0 0.500000 0.500000 0.000000 0.000000
413 414 -1 0.000000 0.000000 7 7 7 20 0 0.500000 0.500000 0.000000 0.000000
414 405 -1 0.000000 0.000000 7 7 7 20 0 0.500000 0.500000 0.000000 0.000000
405 404 -1 0.000000 0.000000 7 7 7 20 0 0.500000 0.500000 0.000000 0.000000
404 403 -1 0.000000 0.000000 7 7 7 20 0 0.500000 0.500000 0.000000 0.000000
403 403 -1 0.000000 0.000000 7 7 7 20 0 0.500000 0.500000 0.000000 0.000000
403 402 59 0.400000 0.600000 7 7 7 11 0 0.500000 0.500000 0.000000 0.000000
402 402 -1 0.000000 0.000000 7 7 7 20 0 0.500000 0.500000 0.000000 0.000000
402 401 -1 0.000000 0.000000 7 7 7 20 0 0.500000 0.500000 0.000000 0.000000
401 400 -1 0.000000 0.000000 7 7 7 20 0 0.500000 0.500000 0.000000 0.000000
400 52 -1 0.000000 0.000000 7 7 7 20 0 0.500000 0.500000 0.000000 0.000000
52 51 -1 0.000000 0.000000 7 7 7 20 0 0.500000 0.500000 0.000000 0.000000
51 330 -1 0.000000 0.000000 7 7 7 20 0 0.500000 0.500000 0.000000 0.000000
330 331 -1 0.000000 0.000000 7 7 7 20 0 0.500000 0.500000 0.000000 0.000000
331 332 -1 0.000000 0.000000 7 7 7 20 0 0.500000 0.500000 0.000000 0.000000
332 339 42 0.000000 1.000000 11 11 11 1 11 1.000000 1.000000 0.000000 0.000000
340 341 44 0.000000 0.999999 1 1 1 3 0 1.000000 1.000000 0.000000 0.000000
341 342 44 0.000000 0.999999 1 1 1 3 0 1.000000 1.000000 0.000000 0.000000
342 343 44 0.000000 0.999999 1 1 1 3 0 1.000000 1.000000 0.000000 0.000000
343 340 44 0.000000 0.999999 1 1 1 3 0 1.000000 1.000000 0.000000 0.000000
425 423 -1 0.000000 0.000000 6 6 6 2 0 1.000000 1.000000 0.000000 0.000000
425 426 64 0.000000 0.900000 6 6 6 3 0 0.500000 0.500000 0.000000 0.000000
424 426 -1 0.000000 0.000000 6 6 6 2 262176 1.000000 1.000000 0.000000 0.000000
424 423 64 0.000000 0.900000 6 6 6 3 0 0.500000 0.500000 0.000000 0.000000
668 671 105 0.000000 0.999999 8 255 8 3 0 0.700000 0.700000 0.000000 0.000000
671 670 105 0.000000 0.999999 8 255 8 3 0 0.700000 0.700000 0.000000 0.000000
670 669 105 0.000000 0.999999 8 255 8 3 0 0.700000 0.700000 0.000000 0.000000
669 668 105 0.000000 0.999999 8 255 8 3 0 0.700000 0.700000 0.000000 0.000000
340 343 43 0.000000 0.999999 8 8 8 1 0 0.700000 0.700000 0.000000 0.000000
343 342 43 0.000000 0.999999 8 8 8 1 0 0.700000 0.700000 0.000000 0.000000
342 341 43 0.000000 0.999999 8 8 8 1 0 0.700000 0.700000 0.000000 0.000000
341 340 43 0.000000 0.999999 8 8 8 1 0 0.700000 0.700000 0.000000 0.000000
344 345 5 0.400000 0.600000 1 1 1 1 0 1.000000 1.000000 0.000000 0.000000
345 346 -1 0.000000 0.000000 1 7 1 20 0 1.000000 1.000000 0.000000 0.000000
346 347 -1 0.000000 0.000000 1 5 1 20 7340032 1.000000 1.000000 0.000000 0.000000
347 344 -1 0.000000 0.000000 1 7 1 20 0 1.000000 1.000000 0.000000 0.000000
348 351 5 0.000000 0.999999 1 255 8 1 0 0.700000 0.700000 0.000000 0.000000
351 350 5 0.000000 0.999999 1 255 8 1 0 0.700000 0.700000 0.000000 0.000000
350 349 5 0.000000 0.999999 1 255 8 1 0 0.700000 0.700000 0.000000 0.000000
349 348 5 0.000000 0.999999 1 255 8 1 0 0.700000 0.700000 0.000000 0.000000
361 362 -1 0.000000 0.000000 6 6 6 20 262184 1.000000 1.000000 0.000000 0.000000
362 360 4 0.000000 1.000000 1 1 1 1 0 1.000000 1.000000 0.000000 0.000000
360 359 -1 0.000000 0.000000 6 6 6 20 262184 1.000000 1.000000 0.000000 0.000000
359 361 4 0.000000 1.000000 1 1 1 1 0 1.000000 1.000000 0.000000 0.000000
25 363 4 0.400000 0.500000 1 1 1 1 0 1.000000 1.000000 0.000000 0.000000
363 364 -1 0.000000 0.000000 1 1 1 20 0 1.000000 1.000000 0.000000 0.000000
364 365 -1 0.000000 0.000000 1 5 1 20 7340032 1.000000 1.000000 0.000000 0.000000
365 25 -1 0.000000 0.000000 1 1 1 20 0 1.000000 1.000000 0.000000 0.000000
366 353 4 0.400000 0.500000 1 1 1 1 0 1.000000 1.000000 0.000000 0.000000
353 367 -1 0.000000 0.000000 1 1 1 20 0 1.000000 1.000000 0.000000 0.000000
367 368 -1 0.000000 0.000000 1 5 1 20 7340032 1.000000 1.000000 0.000000 0.000000
368 366 -1 0.000000 0.000000 1 1 1 20 0 1.000000 1.000000 0.000000 0.000000
290 369 9 0.400000 0.500000 1 1 1 1 0 1.000000 1.000000 0.000000 0.000000
369 370 -1 0.000000 0.000000 1 1 1 20 0 1.000000 1.000000 0.000000 0.000000
370 371 -1 0.000000 0.000000 1 5 1 20 7340032 1.000000 1.000000 0.000000 0.000000
371 290 -1 0.000000 0.000000 1 1 1 20 0 1.000000 1.000000 0.000000 0.000000
288 373 33 0.400000 0.500000 1 1 1 1 0 1.000000 1.000000 0.000000 0.000000
373 374 -1 0.000000 0.000000 1 1 1 20 0 1.000000 1.000000 0.000000 0.000000
374 375 -1 0.000000 0.000000 1 5 1 20 7340032 1.000000 1.000000 0.000000 0.000000
375 288 -1 0.000000 0.000000 1 1 1 20 0 1.000000 1.000000 0.000000 0.000000
287 372 33 0.400000 0.500000 1 1 1 1 0 1.000000 1.000000 0.000000 0.000000
372 376 -1 0.000000 0.000000 1 1 1 20 0 1.000000 1.000000 0.000000 0.000000
376 377 -1 0.000000 0.000000 1 5 1 20 7340032 1.000000 1.000000 0.000000 0.000000
377 287 -1 0.000000 0.000000 1 1 1 20 0 1.000000 1.000000 0.000000 0.000000
379 352 4 0.400000 0.500000 1 1 1 1 0 1.000000 1.000000 0.000000 0.000000
352 380 -1 0.000000 0.000000 1 1 1 20 0 1.000000 1.000000 0.000000 0.000000
380 381 -1 0.000000 0.000000 1 5 1 20 7340032 1.000000 1.000000 0.000000 0.000000
381 379 -1 0.000000 0.000000 1 1 1 20 0 1.000000 1.000000 0.000000 0.000000
378 358 4 0.400000 0.500000 1 1 1 1 0 1.000000 1.000000 0.000000 0.000000
358 382 -1 0.000000 0.000000 1 1 1 20 0 1.000000 1.000000 0.000000 0.000000
382 383 -1 0.000000 0.000000 1 5 1 20 7340032 1.000000 1.000000 0.000000 0.000000
383 378 -1 0.000000 0.000000 1 1 1 20 0 1.000000 1.000000 0.000000 0.000000
384 387 4 0.000000 1.000000 1 16 1 71 5 1.000000 1.000000 0.000000 0.000000
387 386 4 0.000000 1.000000 1 16 1 71 5 1.000000 1.000000 0.000000 0.000000
386 385 4 0.000000 1.000000 1 16 1 71 5 1.000000 1.000000 0.000000 0.000000
385 384 4 0.000000 1.000000 1 16 1 71 5 1.000000 1.000000 0.000000 0.000000
388 391 4 0.000000 1.000000 1 16 1 71 5 1.000000 1.000000 0.000000 0.000000
391 390 4 0.000000 1.000000 1 16 1 71 5 1.000000 1.000000 0.000000 0.000000
390 389 4 0.000000 1.000000 1 16 1 71 5 1.000000 1.000000 0.000000 0.000000
389 388 4 0.000000 1.000000 1 16 1 71 5 1.000000 1.000000 0.000000 0.000000
392 395 4 0.000000 1.000000 1 16 1 71 5 1.000000 1.000000 0.000000 0.000000
395 394 4 0.000000 1.000000 1 16 1 71 5 1.000000 1.000000 0.000000 0.000000
394 393 4 0.000000 1.000000 1 16 1 71 5 1.000000 1.000000 0.000000 0.000000
393 392 4 0.000000 1.000000 1 16 1 71 5 1.000000 1.000000 0.000000 0.000000
396 399 4 0.000000 1.000000 1 16 1 71 5 1.000000 1.000000 0.000000 0.000000
399 398 4 0.000000 1.000000 1 16 1 71 5 1.000000 1.000000 0.000000 0.000000
398 397 4 0.000000 1.000000 1 16 1 71 5 1.000000 1.000000 0.000000 0.000000
397 396 4 0.000000 1.000000 1 16 1 71 5 1.000000 1.000000 0.000000 0.000000
402 403 43 0.400000 0.600000 1 1 1 1 0 1.000000 1.000000 0.000000 0.000000
403 406 -1 0.000000 0.000000 1 3 1 20 0 1.000000 1.000000 0.000000 0.000000
406 407 -1 0.000000 0.000000 1 3 1 20 0 1.000000 1.000000 0.000000 0.000000
407 402 -1 0.000000 0.000000 1 3 1 20 0 1.000000 1.000000 0.000000 0.000000
408 409 43 0.235000 0.725000 1 1 1 1 0 1.000000 1.000000 0.000000 0.000000
409 410 -1 0.000000 0.000000 1 12 1 20 15 1.000000 1.000000 0.000000 0.000000
410 411 -1 0.000000 0.000000 1 13 1 20 22020111 1.000000 1.000000 0.000000 0.000000
411 408 -1 0.000000 0.000000 1 12 1 20 15 1.000000 1.000000 0.000000 0.000000
416 416 10 0.000000 1.000000 1 1 1 1 0 1.000000 1.000000 0.000000 0.000000
416 416 10 0.000000 1.000000 6 6 6 1 5242880 1.000000 1.000000 0.000000 0.000000
418 93 -1 0.000000 0.000000 7 7 7 20 0 0.500000 0.500000 0.000000 0.000000
93 91 -1 0.000000 0.000000 7 7 7 20 0 0.500000 0.500000 0.000000 0.000000
91 418 10 0.000000 1.000000 1 1 1 1 0 1.000000 1.000000 0.000000 0.000000
419 73 -1 0.000000 0.000000 1 7 1 20 6291456 0.500000 0.500000 0.000000 0.000000
73 422 -1 0.000000 0.000000 1 7 1 20 6291456 0.500000 0.500000 0.000000 0.000000
422 91 10 0.000000 1.000000 1 1 1 1 0 1.000000 1.000000 0.000000 0.000000
91 90 -1 0.000000 0.000000 1 7 1 20 6291456 0.500000 0.500000 0.000000 0.000000
90 90 10 0.000000 1.000000 1 1 1 1 0 1.000000 1.000000 0.000000 0.000000
90 421 10 0.000000 1.000000 1 1 1 1 0 1.000000 1.000000 0.000000 0.000000
421 420 -1 0.000000 0.000000 1 7 1 20 6291456 0.500000 0.500000 0.000000 0.000000
420 416 10 0.000000 1.000000 1 1 1 1 0 1.000000 1.000000 0.000000 0.000000
416 416 10 0.000000 1.000000 1 1 1 1 0 1.000000 1.000000 0.000000 0.000000
416 419 10 0.000000 1.000000 1 1 1 1 0 1.000000 1.000000 0.000000 0.000000
506 509 78 0.000000 1.000000 1 1 1 1 0 1.000000 1.000000 0.000000 0.000000
509 508 78 0.000000 1.000000 1 1 1 1 0 1.000000 1.000000 0.000000 0.000000
508 507 78 0.000000 1.000000 1 1 1 1 0 1.000000 1.000000 0.000000 0.000000
507 506 78 0.000000 1.000000 1 1 1 1 0 1.000000 1.000000 0.000000 0.000000
510 511 79 0.000000 1.000000 1 1 1 1 0 1.000000 1.000000 0.000000 0.000000
511 512 79 0.000000 1.000000 1 1 1 1 0 1.000000 1.000000 0.000000 0.000000
512 513 79 0.000000 1.000000 1 1 1 1 0 1.000000 1.000000 0.000000 0.000000
513 510 79 0.000000 1.000000 1 1 1 1 0 1.000000 1.000000 0.000000 0.000000
518 519 81 0.000000 1.000000 1 1 1 1 0 1.000000 1.000000 0.000000 0.000000
519 520 81 0.000000 1.000000 1 1 1 1 0 1.000000 1.000000 0.000000 0.000000
520 521 81 0.000000 1.000000 1 1 1 1 0 1.000000 1.000000 0.000000 0.000000
521 518 81 0.000000 1.000000 1 1 1 1 0 1.000000 1.000000 0.000000 0.000000
423 424 43 0.000000 0.900000 1 1 1 1 0 1.000000 1.000000 0.000000 0.000000
424 426 -1 0.000000 0.000000 6 6 6 20 262176 1.000000 1.000000 0.000000 0.000000
426 425 43 0.000000 0.900000 1 1 1 1 0 1.000000 1.000000 0.000000 0.000000
425 423 -1 0.000000 0.000000 6 6 6 20 262176 1.000000 1.000000 0.000000 0.000000
431 39 4 0.235000 0.734999 1 1 1 1 0 1.000000 1.000000 0.000000 0.000000
39 432 -1 0.000000 0.000000 1 12 1 20 6291471 0.600000 1.000000 0.000000 0.000000
432 433 -1 0.000000 0.000000 1 5 1 20 7340032 1.000000 1.000000 0.000000 0.000000
433 431 -1 0.000000 0.000000 1 12 1 20 6291471 0.600000 1.000000 0.000000 0.000000
434 435 4 0.000000 1.000000 1 1 1 1 0 1.000000 1.000000 0.000000 0.000000
435 44 4 0.000000 1.000000 1 1 1 1 0 1.000000 1.000000 0.000000 0.000000
44 129 4 0.000000 1.000000 6 6 6 5 262176 1.000000 1.000000 0.000000 0.000000
129 45 4 0.000000 1.000000 1 6 1 5 262176 1.000000 1.000000 0.000000 0.000000
45 487 4 0.000000 1.000000 1 6 1 5 262176 1.000000 1.000000 0.000000 0.000000
487 434 4 0.000000 1.000000 1 1 1 1 0 1.000000 1.000000 0.000000 0.000000
442 441 4 0.265000 0.734999 1 1 1 1 0 1.000000 1.000000 0.000000 0.000000
441 443 -1 0.000000 0.000000 1 1 1 20 6291456 1.000000 1.000000 0.000000 0.000000
443 444 -1 0.000000 0.000000 1 1 1 20 6291456 1.000000 1.000000 0.000000 0.000000
444 442 -1 0.000000 0.000000 1 1 1 20 6291456 1.000000 1.000000 0.000000 0.000000
445 448 4 0.100000 0.900000 1 1 1 1 0 1.000000 1.000000 0.000000 0.000000
448 447 4 0.100000 0.900000 1 1 1 1 0 1.000000 1.000000 0.000000 0.000000
447 446 4 0.100000 0.900000 1 1 1 1 0 1.000000 1.000000 0.000000 0.000000
446 445 4 0.100000 0.900000 1 1 1 1 0 1.000000 1.000000 0.000000 0.000000
449 456 -1 0.000000 0.000000 1 5 1 20 7340032 1.000000 1.000000 0.000000 0.000000
456 455 -1 0.000000 0.000000 1 5 1 20 7340032 1.000000 1.000000 0.000000 0.000000
455 450 -1 0.000000 0.000000 1 5 1 20 7340032 1.000000 1.000000 0.000000 0.000000
450 451 -1 0.000000 0.000000 1 5 1 20 7340032 1.000000 1.000000 0.000000 0.000000
451 458 -1 0.000000 0.000000 1 5 1 20 7340032 1.000000 1.000000 0.000000 0.000000
458 457 -1 0.000000 0.000000 1 5 1 20 7340032 1.000000 1.000000 0.000000 0.000000
457 452 -1 0.000000 0.000000 1 5 1 20 7340032 1.000000 1.000000 0.000000 0.000000
452 449 -1 0.000000 0.000000 1 5 1 20 7340032 1.000000 1.000000 0.000000 0.000000
459 600 69 0.100000 0.900000 1 1 1 1 0 1.000000 1.000000 0.000000 0.000000
600 460 69 0.100000 0.900000 1 1 1 1 0 1.000000 1.000000 0.000000 0.000000
460 599 69 0.100000 0.900000 1 1 1 1 0 1.000000 1.000000 0.000000 0.000000
599 461 69 0.100000 0.900000 1 16 1 69 1 1.000000 1.000000 0.000000 0.000000
461 595 69 0.100000 0.900000 1 1 1 1 0 1.000000 1.000000 0.000000 0.000000
595 597 69 0.100000 0.900000 1 16 1 69 16777217 1.000000 1.000000 0.000000 0.000000
597 462 69 0.100000 0.900000 1 1 1 1 0 1.000000 1.000000 0.000000 0.000000
462 459 69 0.100000 0.900000 1 1 1 1 0 1.000000 1.000000 0.000000 0.000000
463 596 70 0.100000 0.900000 1 1 1 1 0 1.000000 1.000000 0.000000 0.000000
596 598 70 0.100000 0.900000 1 16 1 69 16777217 1.000000 1.000000 0.000000 0.000000
598 464 70 0.100000 0.900000 1 1 1 1 0 1.000000 1.000000 0.000000 0.000000
464 465 70 0.100000 0.900000 1 1 1 1 0 1.000000 1.000000 0.000000 0.000000
465 602 70 0.100000 0.900000 1 1 1 1 0 1.000000 1.000000 0.000000 0.000000
602 466 70 0.100000 0.900000 1 1 1 1 0 1.000000 1.000000 0.000000 0.000000
466 601 70 0.100000 0.900000 1 1 1 1 0 1.000000 1.000000 0.000000 0.000000
601 463 70 0.100000 0.900000 1 1 1 1 0 1.000000 1.000000 0.000000 0.000000
459 462 68 0.100000 0.900000 1 1 1 11 0 1.000000 1.000000 0.000000 0.000000
462 597 68 0.100000 0.900000 1 1 1 11 0 1.000000 1.000000 0.000000 0.000000
597 595 68 0.100000 0.900000 1 16 1 79 0 1.000000 1.000000 0.000000 0.000000
595 461 68 0.100000 0.900000 1 1 1 11 0 1.000000 1.000000 0.000000 0.000000
461 599 68 0.100000 0.900000 1 16 1 79 16777217 1.000000 1.000000 0.000000 0.000000
599 460 68 0.100000 0.900000 1 1 1 11 0 1.000000 1.000000 0.000000 0.000000
460 600 68 0.100000 0.900000 1 1 1 11 0 1.000000 1.000000 0.000000 0.000000
600 459 68 0.100000 0.900000 1 1 1 11 0 1.000000 1.000000 0.000000 0.000000
463 601 68 0.100000 0.900000 1 1 1 11 0 1.000000 1.000000 0.000000 0.000000
601 466 68 0.100000 0.900000 1 1 1 11 0 1.000000 1.000000 0.000000 0.000000
466 602 68 0.100000 0.900000 1 1 1 11 0 1.000000 1.000000 0.000000 0.000000
602 465 68 0.100000 0.900000 1 1 1 11 0 1.000000 1.000000 0.000000 0.000000
465 464 68 0.100000 0.900000 1 1 1 11 0 1.000000 1.000000 0.000000 0.000000
464 598 68 0.100000 0.900000 1 1 1 11 0 1.000000 1.000000 0.000000 0.000000
598 596 68 0.100000 0.900000 1 16 1 79 1 1.000000 1.000000 0.000000 0.000000
596 463 68 0.100000 0.900000 1 1 1 11 0 1.000000 1.000000 0.000000 0.000000
472 473 11 0.300000 0.700000 1 1 1 1 0 1.000000 1.000000 0.000000 0.000000
473 163 11 0.300000 0.700000 1 1 1 1 0 1.000000 1.000000 0.000000 0.000000
163 471 -1 0.000000 0.000000 1 7 1 20 6291456 1.000000 1.000000 0.000000 0.000000
471 472 11 0.300000 0.700000 1 1 1 1 0 1.000000 1.000000 0.000000 0.000000
474 164 -1 0.000000 0.000000 1 7 1 20 6291456 0.500000 0.500000 0.000000 0.000000
164 476 11 0.000000 1.000000 1 16 1 69 3 1.000000 1.000000 0.000000 0.000000
476 475 11 0.000000 1.000000 1 1 1 1 0 1.000000 1.000000 0.000000 0.000000
475 474 11 0.000000 1.000000 1 16 1 69 16777219 1.000000 1.000000 0.000000 0.000000
514 515 80 0.000000 1.000000 1 1 1 1 0 1.000000 1.000000 0.000000 0.000000
515 516 80 0.000000 1.000000 1 1 1 1 0 1.000000 1.000000 0.000000 0.000000
516 517 80 0.000000 1.000000 1 1 1 1 0 1.000000 1.000000 0.000000 0.000000
517 514 80 0.000000 1.000000 1 1 1 1 0 1.000000 1.000000 0.000000 0.000000
481 479 -1 0.000000 0.000000 1 6 1 20 4194304 1.000000 1.000000 0.000000 0.000000
479 480 -1 0.000000 0.000000 1 6 1 20 4194304 1.000000 1.000000 0.000000 0.000000
480 482 -1 0.000000 0.000000 1 6 1 20 4194304 1.000000 1.000000 0.000000 0.000000
482 481 74 0.200000 0.900000 1 1 1 11 0 1.000000 1.000000 0.000000 0.000000
482 477 -1 0.000000 0.000000 1 6 1 20 4194304 1.000000 1.000000 0.000000 0.000000
477 478 4 0.200000 0.900000 0 0 0 1 0 1.000000 1.000000 0.000000 0.000000
478 481 -1 0.000000 0.000000 1 6 1 20 4194304 1.000000 1.000000 0.000000 0.000000
481 482 73 0.200000 0.900000 1 1 1 1 0 1.000000 1.000000 0.000000 0.000000
522 523 -1 0.000000 0.000000 1 12 1 20 6291471 1.000000 1.000000 0.000000 0.000000
523 524 -1 0.000000 0.000000 1 12 1 20 15 1.000000 1.000000 0.000000 0.000000
524 525 -1 0.000000 0.000000 1 12 1 20 6291471 1.000000 1.000000 0.000000 0.000000
525 522 -1 0.000000 0.000000 1 12 1 20 15 1.000000 1.000000 0.000000 0.000000
526 527 -1 0.000000 0.000000 1 12 1 20 6291471 1.000000 1.000000 0.000000 0.000000
527 528 -1 0.000000 0.000000 1 12 1 20 15 1.000000 1.000000 0.000000 0.000000
528 529 -1 0.000000 0.000000 1 12 1 20 6291471 1.000000 1.000000 0.000000 0.000000
529 526 -1 0.000000 0.000000 1 12 1 20 15 1.000000 1.000000 0.000000 0.000000
530 531 -1 0.000000 0.000000 1 12 1 20 6291471 1.000000 1.000000 0.000000 0.000000
531 532 -1 0.000000 0.000000 1 12 1 20 15 1.000000 1.000000 0.000000 0.000000
532 533 -1 0.000000 0.000000 1 12 1 20 6291471 1.000000 1.000000 0.000000 0.000000
533 530 -1 0.000000 0.000000 1 12 1 20 15 1.000000 1.000000 0.000000 0.000000
13 912 3 -0.200000 0.735000 8 8 6 9 0 0.700000 0.700000 0.000000 0.000000
912 913 3 -0.200000 0.735000 8 8 6 9 0 0.700000 0.700000 0.000000 0.000000
913 10 3 -0.200000 0.735000 8 8 6 9 0 0.700000 0.700000 0.000000 0.000000
10 497 -1 0.000000 0.000000 7 7 7 20 0 0.500000 0.500000 0.000000 0.000000
497 496 1 -0.400000 0.400000 1 16 1 71 16777220 0.600000 1.000000 0.000000 0.000000
496 13 -1 0.000000 0.000000 7 7 7 20 4 0.500000 0.500000 0.000000 0.000000
498 501 4 0.000000 1.000000 1 1 1 1 0 1.000000 1.000000 0.000000 0.000000
501 500 4 0.000000 1.000000 1 1 1 1 0 1.000000 1.000000 0.000000 0.000000
500 499 4 0.000000 1.000000 1 1 1 1 0 1.000000 1.000000 0.000000 0.000000
499 498 4 0.000000 1.000000 1 1 1 1 0 1.000000 1.000000 0.000000 0.000000
502 503 4 0.000000 1.000000 1 1 1 1 0 1.000000 1.000000 0.000000 0.000000
503 504 4 0.000000 1.000000 1 1 1 1 0 1.000000 1.000000 0.000000 0.000000
504 505 4 0.000000 1.000000 1 1 1 1 0 1.000000 1.000000 0.000000 0.000000
505 502 4 0.000000 1.000000 1 1 1 1 0 1.000000 1.000000 0.000000 0.000000
506 507 63 0.000000 1.000000 1 1 1 1 0 1.000000 1.000000 0.000000 0.000000
507 508 63 0.000000 1.000000 1 1 1 1 0 1.000000 1.000000 0.000000 0.000000
508 509 63 0.000000 1.000000 1 1 1 1 0 1.000000 1.000000 0.000000 0.000000
509 506 63 0.000000 1.000000 1 1 1 1 0 1.000000 1.000000 0.000000 0.000000
510 513 63 0.000000 1.000000 1 1 1 1 0 1.000000 1.000000 0.000000 0.000000
513 512 63 0.000000 1.000000 1 1 1 1 0 1.000000 1.000000 0.000000 0.000000
512 511 63 0.000000 1.000000 1 1 1 1 0 1.000000 1.000000 0.000000 0.000000
511 510 63 0.000000 1.000000 1 1 1 1 0 1.000000 1.000000 0.000000 0.000000
514 517 72 0.000000 1.000000 1 1 1 1 0 1.000000 1.000000 0.000000 0.000000
517 516 72 0.000000 1.000000 1 1 1 1 0 1.000000 1.000000 0.000000 0.000000
516 515 72 0.000000 1.000000 1 1 1 1 0 1.000000 1.000000 0.000000 0.000000
515 514 72 0.000000 1.000000 1 1 1 1 0 1.000000 1.000000 0.000000 0.000000
518 521 63 0.000000 1.000000 1 1 1 1 0 1.000000 1.000000 0.000000 0.000000
521 520 63 0.000000 1.000000 1 1 1 1 0 1.000000 1.000000 0.000000 0.000000
520 519 63 0.000000 1.000000 1 1 1 1 0 1.000000 1.000000 0.000000 0.000000
519 518 63 0.000000 1.000000 1 1 1 1 0 1.000000 1.000000 0.000000 0.000000
536 535 -1 0.000000 0.000000 1 7 1 16 0 0.500000 0.500000 0.000000 0.000000
535 540 6 0.000000 1.000000 1 1 1 1 0 1.000000 1.000000 0.000000 0.000000
540 539 -1 0.000000 0.000000 1 7 1 16 0 0.500000 0.500000 0.000000 0.000000
539 536 6 0.000000 1.000000 1 1 1 1 0 1.000000 1.000000 0.000000 0.000000
542 545 4 0.000000 1.000000 1 255 1 1 0 1.000000 1.000000 0.000000 0.000000
545 544 4 0.000000 1.000000 1 255 1 1 0 1.000000 1.000000 0.000000 0.000000
544 543 4 0.000000 1.000000 1 255 1 1 0 1.000000 1.000000 0.000000 0.000000
543 542 4 0.000000 1.000000 1 255 1 1 0 1.000000 1.000000 0.000000 0.000000
546 547 4 0.000000 1.000000 255 255 255 5 0 1.000000 1.000000 0.000000 0.000000
547 548 4 0.000000 1.000000 255 255 255 5 0 1.000000 1.000000 0.000000 0.000000
548 549 4 0.000000 1.000000 255 255 255 5 0 1.000000 1.000000 0.000000 0.000000
549 546 4 0.000000 1.000000 255 255 255 5 0 1.000000 1.000000 0.000000 0.000000
550 551 4 0.000000 1.000000 255 255 255 5 0 1.000000 1.000000 0.000000 0.000000
551 552 4 0.000000 1.000000 255 255 255 5 0 1.000000 1.000000 0.000000 0.000000
552 553 4 0.000000 1.000000 255 255 255 5 0 1.000000 1.000000 0.000000 0.000000
553 550 4 0.000000 1.000000 255 255 255 5 0 1.000000 1.000000 0.000000 0.000000
554 555 4 0.000000 1.000000 255 255 255 5 0 1.000000 1.000000 0.000000 0.000000
555 556 4 0.000000 1.000000 255 255 255 5 0 1.000000 1.000000 0.000000 0.000000
556 557 4 0.000000 1.000000 255 255 255 5 0 1.000000 1.000000 0.000000 0.000000
557 554 4 0.000000 1.000000 255 255 255 5 0 1.000000 1.000000 0.000000 0.000000
558 559 4 0.000000 1.000000 255 255 255 5 0 1.000000 1.000000 0.000000 0.000000
559 560 4 0.000000 1.000000 255 255 255 5 0 1.000000 1.000000 0.000000 0.000000
560 561 4 0.000000 1.000000 255 255 255 5 0 1.000000 1.000000 0.000000 0.000000
561 558 4 0.000000 1.000000 255 255 255 5 0 1.000000 1.000000 0.000000 0.000000
562 563 4 0.000000 1.000000 255 255 255 5 0 1.000000 1.000000 0.000000 0.000000
563 564 4 0.000000 1.000000 255 255 255 5 0 1.000000 1.000000 0.000000 0.000000
564 565 4 0.000000 1.000000 255 255 255 5 0 1.000000 1.000000 0.000000 0.000000
565 562 4 0.000000 1.000000 255 255 255 5 0 1.000000 1.000000 0.000000 0.000000
566 567 4 0.000000 1.000000 255 255 255 5 0 1.000000 1.000000 0.000000 0.000000
567 568 4 0.000000 1.000000 255 255 255 5 0 1.000000 1.000000 0.000000 0.000000
568 582 4 0.000000 1.000000 255 255 255 5 0 1.000000 1.000000 0.000000 0.000000
582 581 4 0.000000 1.000000 255 255 255 5 0 1.000000 1.000000 0.000000 0.000000
581 209 4 0.000000 1.000000 255 255 255 5 0 1.000000 1.000000 0.000000 0.000000
209 569 4 0.000000 1.000000 255 255 255 5 0 1.000000 1.000000 0.000000 0.000000
569 566 4 0.000000 1.000000 255 255 255 5 0 1.000000 1.000000 0.000000 0.000000
584 583 6 0.300000 0.700000 1 1 1 5 0 1.000000 1.000000 0.000000 0.000000
583 585 -1 0.000000 0.000000 1 3 1 20 0 1.000000 1.000000 0.000000 0.000000
585 586 -1 0.000000 0.000000 1 3 1 20 6291456 1.000000 1.000000 0.000000 0.000000
586 584 -1 0.000000 0.000000 1 3 1 20 0 1.000000 1.000000 0.000000 0.000000
587 588 6 0.300000 0.700000 1 255 1 5 0 1.000000 1.000000 0.000000 0.000000
588 589 -1 0.000000 0.000000 1 4 1 20 0 1.000000 1.000000 0.000000 0.000000
589 590 -1 0.000000 0.000000 1 4 1 20 6291456 1.000000 1.000000 0.000000 0.000000
590 587 -1 0.000000 0.000000 1 4 1 20 0 1.000000 1.000000 0.000000 0.000000
591 594 4 0.300000 0.700000 1 255 1 5 0 1.000000 1.000000 0.000000 0.000000
594 593 4 0.300000 0.700000 1 16 1 197 0 1.000000 1.000000 0.000000 0.000000
593 592 4 0.300000 0.700000 1 255 1 5 0 1.000000 1.000000 0.000000 0.000000
592 591 4 0.300000 0.700000 1 255 1 5 0 1.000000 1.000000 0.000000 0.000000
616 617 96 0.300000 0.700000 1 255 1 1 0 1.000000 1.000000 0.000000 0.000000
617 618 96 0.300000 0.700000 1 255 1 1 0 1.000000 1.000000 0.000000 0.000000
618 619 96 0.300000 0.700000 1 255 1 1 0 1.000000 1.000000 0.000000 0.000000
619 616 96 0.300000 0.700000 1 255 1 1 0 1.000000 1.000000 0.000000 0.000000
605 604 4 0.235000 0.499999 1 255 1 5 0 1.000000 1.000000 0.000000 0.000000
604 606 -1 0.000000 0.000000 1 7 1 20 0 1.000000 1.000000 0.000000 0.000000
606 607 -1 0.000000 0.000000 1 2 1 20 0 1.000000 1.000000 0.000000 0.000000
607 605 -1 0.000000 0.000000 1 7 1 20 0 1.000000 1.000000 0.000000 0.000000
608 609 -1 0.000000 0.000000 1 1 1 20 0 1.000000 1.000000 0.000000 0.000000
609 610 -1 0.000000 0.000000 1 1 1 20 0 1.000000 1.000000 0.000000 0.000000
610 613 -1 0.000000 0.000000 1 1 1 20 0 1.000000 1.000000 0.000000 0.000000
613 612 95 -0.365000 0.135000 1 255 1 11 0 1.000000 1.000000 0.000000 0.000000
612 611 -1 0.000000 0.000000 1 1 1 20 0 1.000000 1.000000 0.000000 0.000000
611 608 -1 0.000000 0.000000 1 1 1 20 0 1.000000 1.000000 0.000000 0.000000
612 613 94 -0.365000 0.135000 1 255 1 1 0 1.000000 1.000000 0.000000 0.000000
613 615 -1 0.000000 0.000000 1 7 1 20 0 1.000000 1.000000 0.000000 0.000000
615 614 1 -0.365000 0.135000 1 255 1 1 0 1.000000 1.000000 0.000000 0.000000
614 612 -1 0.000000 0.000000 1 7 1 20 0 1.000000 1.000000 0.000000 0.000000
616 619 92 0.300000 0.700000 1 255 6 9 0 1.000000 1.000000 0.000000 0.000000
619 618 92 0.300000 0.700000 1 255 6 9 0 1.000000 1.000000 0.000000 0.000000
618 617 92 0.300000 0.700000 1 255 6 9 0 1.000000 1.000000 0.000000 0.000000
617 616 92 0.300000 0.700000 1 255 6 9 0 1.000000 1.000000 0.000000 0.000000
620 623 8 0.000000 1.000000 1 255 1 1 0 1.000000 1.000000 0.000000 0.000000
623 622 8 0.000000 1.000000 1 255 1 1 0 1.000000 1.000000 0.000000 0.000000
622 621 8 0.000000 1.000000 1 255 1 1 0 1.000000 1.000000 0.000000 0.000000
621 858 8 0.000000 1.000000 1 255 1 1 0 1.000000 1.000000 0.000000 0.000000
858 859 8 0.000000 1.000000 1 255 1 1 0 1.000000 1.000000 0.000000 0.000000
859 620 8 0.000000 1.000000 1 255 1 1 0 1.000000 1.000000 0.000000 0.000000
624 625 8 0.000000 1.000000 255 255 255 5 0 1.000000 1.000000 0.000000 0.000000
625 865 8 0.000000 1.000000 255 255 255 5 0 1.000000 1.000000 0.000000 0.000000
865 864 8 0.000000 1.000000 255 255 255 5 0 1.000000 1.000000 0.000000 0.000000
864 870 8 0.000000 1.000000 255 255 255 5 0 1.000000 1.000000 0.000000 0.000000
870 626 8 0.000000 1.000000 255 255 255 5 0 1.000000 1.000000 0.000000 0.000000
626 627 8 0.000000 1.000000 255 255 255 5 0 1.000000 1.000000 0.000000 0.000000
627 624 8 0.000000 1.000000 255 255 255 5 0 1.000000 1.000000 0.000000 0.000000
628 631 8 0.000000 0.900000 1 6 1 5 262176 1.000000 1.000000 0.000000 0.000000
631 630 8 0.000000 0.900000 1 255 1 1 0 1.000000 1.000000 0.000000 0.000000
630 629 8 0.000000 0.900000 1 6 1 5 262176 1.000000 1.000000 0.000000 0.000000
629 628 8 0.000000 0.900000 1 255 1 1 0 1.000000 1.000000 0.000000 0.000000
638 639 8 0.000000 0.900000 255 6 255 5 262176 1.000000 1.000000 0.000000 0.000000
639 637 8 0.000000 0.900000 255 255 255 5 0 1.000000 1.000000 0.000000 0.000000
637 634 8 0.000000 0.900000 255 6 255 5 262176 1.000000 1.000000 0.000000 0.000000
634 638 8 0.000000 0.900000 255 255 255 5 0 1.000000 1.000000 0.000000 0.000000
640 643 4 0.000000 1.000000 1 255 8 9 0 0.700000 0.700000 0.000000 0.000000
643 642 4 0.000000 1.000000 1 255 8 9 0 0.700000 0.700000 0.000000 0.000000
642 641 4 0.000000 1.000000 1 255 8 9 0 0.700000 0.700000 0.000000 0.000000
641 640 4 0.000000 1.000000 1 255 8 9 0 0.700000 0.700000 0.000000 0.000000
644 647 6 0.000000 0.900000 1 255 8 13 6291456 0.700000 0.700000 0.000000 0.000000
647 646 6 0.000000 0.900000 1 255 8 13 6291456 0.700000 0.700000 0.000000 0.000000
646 645 6 0.000000 0.900000 1 255 8 13 6291456 0.700000 0.700000 0.000000 0.000000
645 644 6 0.000000 0.900000 1 255 8 13 6291456 0.700000 0.700000 0.000000 0.000000
648 649 -1 0.000000 0.000000 1 7 1 20 3145728 0.500000 0.500000 0.000000 0.000000
649 650 -1 0.000000 0.000000 1 7 1 20 3145728 0.500000 0.500000 0.000000 0.000000
650 655 -1 0.000000 0.000000 1 7 1 20 3145728 0.500000 0.500000 0.000000 0.000000
655 654 -1 0.000000 0.000000 1 7 1 20 3145728 0.500000 0.500000 0.000000 0.000000
654 892 -1 0.000000 0.000000 1 7 1 20 3145728 0.500000 0.500000 0.000000 0.000000
892 891 141 0.135000 0.634999 7 255 7 11 3145728 0.500000 0.500000 0.000000 0.000000
891 653 -1 0.000000 0.000000 1 7 1 20 3145728 0.500000 0.500000 0.000000 0.000000
653 652 -1 0.000000 0.000000 1 7 1 20 3145728 0.500000 0.500000 0.000000 0.000000
652 651 -1 0.000000 0.000000 1 7 1 20 3145728 0.500000 0.500000 0.000000 0.000000
651 648 -1 0.000000 0.000000 1 7 1 20 3145728 0.500000 0.500000 0.000000 0.000000
657 656 43 0.400000 0.600000 1 255 1 1 0 1.000000 1.000000 0.000000 0.000000
656 658 -1 0.000000 0.000000 1 1 1 20 0 1.000000 1.000000 0.000000 0.000000
658 659 -1 0.000000 0.000000 1 4 1 20 7340032 1.000000 1.000000 0.000000 0.000000
659 657 -1 0.000000 0.000000 1 1 1 20 0 1.000000 1.000000 0.000000 0.000000
660 667 31 0.000000 1.000000 1 255 1 1 0 1.000000 1.000000 0.000000 0.000000
667 666 31 0.000000 1.000000 1 255 1 1 0 1.000000 1.000000 0.000000 0.000000
666 665 31 0.000000 1.000000 1 255 1 1 0 1.000000 1.000000 0.000000 0.000000
665 664 31 0.000000 1.000000 1 255 1 1 0 1.000000 1.000000 0.000000 0.000000
664 663 31 0.000000 1.000000 1 255 1 1 0 1.000000 1.000000 0.000000 0.000000
663 662 31 0.000000 1.000000 1 255 1 1 0 1.000000 1.000000 0.000000 0.000000
662 661 31 0.000000 1.000000 1 255 1 1 0 1.000000 1.000000 0.000000 0.000000
661 660 31 0.000000 1.000000 1 255 1 1 0 1.000000 1.000000 0.000000 0.000000
668 669 43 0.000000 0.999999 8 255 8 1 0 0.700000 0.700000 0.000000 0.000000
669 670 43 0.000000 0.999999 8 255 8 1 0 0.700000 0.700000 0.000000 0.000000
670 671 43 0.000000 0.999999 8 255 8 1 0 0.700000 0.700000 0.000000 0.000000
671 668 43 0.000000 0.999999 8 255 8 1 0 0.700000 0.700000 0.000000 0.000000
672 114 18 -1.200000 -0.300000 1 255 8 9 0 0.500000 0.500000 0.000000 0.000000
114 673 -1 0.000000 0.000000 1 1 1 20 0 1.000000 1.000000 0.000000 0.000000
673 674 107 -1.400000 -0.400000 1 255 1 3 0 1.000000 1.000000 0.000000 0.000000
674 672 -1 0.000000 0.000000 1 1 1 20 0 1.000000 1.000000 0.000000 0.000000
674 673 106 -1.400000 -0.400000 1 255 6 9 0 1.000000 1.000000 0.000000 0.000000
673 675 -1 0.000000 0.000000 1 1 1 20 0 1.000000 1.000000 0.000000 0.000000
675 676 108 -1.600000 -0.400000 1 255 1 1 0 1.000000 1.000000 0.000000 0.000000
676 674 -1 0.000000 0.000000 1 1 1 20 0 1.000000 1.000000 0.000000 0.000000
676 675 107 -1.600000 -0.400000 1 255 6 9 0 1.000000 1.000000 0.000000 0.000000
675 677 -1 0.000000 0.000000 1 1 1 20 0 1.000000 1.000000 0.000000 0.000000
677 678 109 -1.800000 -0.800000 1 255 1 3 0 1.000000 1.000000 0.000000 0.000000
678 676 -1 0.000000 0.000000 1 1 1 20 0 1.000000 1.000000 0.000000 0.000000
678 677 108 -1.800000 -0.800000 1 255 6 9 0 1.000000 1.000000 0.000000 0.000000
677 679 -1 0.000000 0.000000 1 1 1 20 0 1.000000 1.000000 0.000000 0.000000
679 680 110 -2.000000 -1.000000 1 255 1 3 0 1.000000 1.000000 0.000000 0.000000
680 678 -1 0.000000 0.000000 1 1 1 20 0 1.000000 1.000000 0.000000 0.000000
680 679 109 -2.000000 -1.000000 1 255 6 1 0 1.000000 1.000000 0.000000 0.000000
679 711 -1 0.000000 0.000000 1 1 1 20 0 1.000000 1.000000 0.000000 0.000000
711 712 -1 0.000000 0.000000 1 6 1 20 262176 1.000000 1.000000 0.000000 0.000000
712 713 -1 0.000000 0.000000 1 1 1 20 0 1.000000 1.000000 0.000000 0.000000
713 714 -1 0.000000 0.000000 1 6 1 20 262176 1.000000 1.000000 0.000000 0.000000
714 683 -1 0.000000 0.000000 1 1 1 20 0 1.000000 1.000000 0.000000 0.000000
683 681 -1 0.000000 0.000000 1 6 1 20 262176 1.000000 1.000000 0.000000 0.000000
681 684 111 -2.000000 -1.100000 6 255 1 3 7 1.000000 1.000000 0.000000 0.000000
684 682 -1 0.000000 0.000000 1 6 1 20 262176 1.000000 1.000000 0.000000 0.000000
682 746 -1 0.000000 0.000000 1 1 1 20 0 1.000000 1.000000 0.000000 0.000000
746 745 121 -2.000000 -1.900000 1 255 1 3 0 1.000000 1.000000 0.000000 0.000000
745 710 -1 0.000000 0.000000 1 1 1 20 0 1.000000 1.000000 0.000000 0.000000
710 709 -1 0.000000 0.000000 1 6 1 20 262176 1.000000 1.000000 0.000000 0.000000
709 708 -1 0.000000 0.000000 1 1 1 20 0 1.000000 1.000000 0.000000 0.000000
708 707 -1 0.000000 0.000000 1 6 1 20 262176 1.000000 1.000000 0.000000 0.000000
707 680 -1 0.000000 0.000000 1 1 1 20 0 1.000000 1.000000 0.000000 0.000000
709 708 -1 0.000000 0.000000 1 1 1 6 0 1.000000 1.000000 0.000000 0.000000
709 713 115 -2.000000 -1.100000 6 255 1 3 0 1.000000 1.000000 0.000000 0.000000
712 713 -1 0.000000 0.000000 1 1 1 6 0 1.000000 1.000000 0.000000 0.000000
712 708 115 -2.000000 -1.100000 6 255 1 3 0 1.000000 1.000000 0.000000 0.000000
741 742 120 -1.800000 -1.000000 1 255 6 9 15 4.000000 4.000000 0.000000 0.000000
742 743 120 -1.800000 -1.000000 1 255 6 9 15 4.000000 4.000000 0.000000 0.000000
743 744 120 -1.800000 -1.000000 1 255 6 9 15 4.000000 4.000000 0.000000 0.000000
744 741 120 -1.800000 -1.000000 1 255 6 9 15 4.000000 4.000000 0.000000 0.000000
684 681 110 -2.000000 -1.100000 1 255 1 1 0 1.000000 1.000000 0.000000 0.000000
681 685 -1 0.000000 0.000000 1 6 1 20 262176 1.000000 1.000000 0.000000 0.000000
685 686 112 -2.000000 -1.100000 1 255 1 1 0 1.000000 1.000000 0.000000 0.000000
686 684 -1 0.000000 0.000000 1 6 1 20 262176 1.000000 1.000000 0.000000 0.000000
686 685 111 -2.000000 -1.100000 6 255 1 3 7 1.000000 1.000000 0.000000 0.000000
685 690 -1 0.000000 0.000000 1 6 1 20 262176 1.000000 1.000000 0.000000 0.000000
690 687 -1 0.000000 0.000000 1 1 1 20 0 1.000000 1.000000 0.000000 0.000000
687 698 -1 0.000000 0.000000 1 1 1 20 0 1.000000 1.000000 0.000000 0.000000
698 697 -1 0.000000 0.000000 1 6 1 20 262176 1.000000 1.000000 0.000000 0.000000
697 696 -1 0.000000 0.000000 1 1 1 20 0 1.000000 1.000000 0.000000 0.000000
696 695 -1 0.000000 0.000000 1 6 1 20 262176 1.000000 1.000000 0.000000 0.000000
695 688 -1 0.000000 0.000000 1 1 1 20 0 1.000000 1.000000 0.000000 0.000000
688 694 -1 0.000000 0.000000 1 1 1 20 0 1.000000 1.000000 0.000000 0.000000
694 726 -1 0.000000 0.000000 7 1 7 20 0 1.000000 1.000000 0.000000 0.000000
726 727 -1 0.000000 0.000000 7 6 7 20 0 1.000000 1.000000 0.000000 0.000000
727 728 -1 0.000000 0.000000 7 6 7 20 0 1.000000 1.000000 0.000000 0.000000
728 699 -1 0.000000 0.000000 7 6 7 20 0 1.000000 1.000000 0.000000 0.000000
699 699 -1 0.000000 0.000000 7 1 7 20 0 1.000000 1.000000 0.000000 0.000000
699 733 113 -1.700000 -1.200000 1 255 1 11 0 1.000000 1.000000 0.000000 0.000000
733 735 113 -1.700000 -1.200000 1 255 1 11 0 1.000000 1.000000 0.000000 0.000000
735 736 113 -1.700000 -1.200000 1 16 1 79 0 1.000000 1.000000 0.000000 0.000000
736 734 113 -1.700000 -1.200000 1 255 1 11 0 1.000000 1.000000 0.000000 0.000000
734 700 113 -1.700000 -1.200000 1 255 1 11 0 1.000000 1.000000 0.000000 0.000000
700 725 -1 0.000000 0.000000 7 6 6 20 0 1.000000 1.000000 0.000000 0.000000
725 724 -1 0.000000 0.000000 7 6 6 20 0 1.000000 1.000000 0.000000 0.000000
724 723 -1 0.000000 0.000000 7 6 6 20 0 1.000000 1.000000 0.000000 0.000000
723 693 -1 0.000000 0.000000 7 1 7 20 0 1.000000 1.000000 0.000000 0.000000
693 692 -1 0.000000 0.000000 1 6 1 20 262176 1.000000 1.000000 0.000000 0.000000
692 691 -1 0.000000 0.000000 1 1 1 20 0 1.000000 1.000000 0.000000 0.000000
691 689 -1 0.000000 0.000000 1 6 1 20 262176 1.000000 1.000000 0.000000 0.000000
689 686 -1 0.000000 0.000000 1 6 1 20 262176 1.000000 1.000000 0.000000 0.000000
692 696 114 -2.000000 -1.100000 6 255 1 3 0 1.000000 1.000000 0.000000 0.000000
697 696 -1 0.000000 0.000000 1 1 1 6 0 1.000000 1.000000 0.000000 0.000000
697 691 114 -2.000000 -1.100000 6 255 1 3 0 1.000000 1.000000 0.000000 0.000000
692 691 -1 0.000000 0.000000 1 1 1 6 0 1.000000 1.000000 0.000000 0.000000
729 730 118 -1.700000 -1.000000 1 255 1 9 0 1.000000 1.000000 0.000000 0.000000
730 731 118 -1.700000 -1.000000 1 255 1 9 0 1.000000 1.000000 0.000000 0.000000
731 732 118 -1.700000 -1.000000 1 255 1 9 0 1.000000 1.000000 0.000000 0.000000
732 729 118 -1.700000 -1.000000 1 255 1 9 0 1.000000 1.000000 0.000000 0.000000
737 738 119 -2.000000 -1.000000 1 255 1 1 0 1.000000 1.000000 0.000000 0.000000
738 739 119 -2.000000 -1.000000 1 255 1 1 0 1.000000 1.000000 0.000000 0.000000
739 740 119 -2.000000 -1.000000 1 255 1 1 0 1.000000 1.000000 0.000000 0.000000
740 737 119 -2.000000 -1.000000 1 255 1 1 0 1.000000 1.000000 0.000000 0.000000
700 734 112 -1.700000 -1.200000 1 255 1 1 0 1.000000 1.000000 0.000000 0.000000
734 736 112 -1.700000 -1.200000 1 255 1 1 0 1.000000 1.000000 0.000000 0.000000
736 735 112 -1.700000 -1.200000 1 255 1 1 0 1.000000 1.000000 0.000000 0.000000
735 733 112 -1.700000 -1.200000 1 255 1 1 0 1.000000 1.000000 0.000000 0.000000
733 699 112 -1.700000 -1.200000 1 255 1 1 0 1.000000 1.000000 0.000000 0.000000
699 701 -1 0.000000 0.000000 1 6 1 20 0 1.000000 1.000000 0.000000 0.000000
701 703 -1 0.000000 0.000000 1 6 1 20 0 1.000000 1.000000 0.000000 0.000000
703 705 -1 0.000000 0.000000 1 6 1 20 0 1.000000 1.000000 0.000000 0.000000
705 706 -1 0.000000 0.000000 1 6 1 20 0 1.000000 1.000000 0.000000 0.000000
706 704 -1 0.000000 0.000000 1 6 1 20 0 1.000000 1.000000 0.000000 0.000000
704 702 -1 0.000000 0.000000 1 6 1 20 0 1.000000 1.000000 0.000000 0.000000
702 700 -1 0.000000 0.000000 1 6 1 20 0 1.000000 1.000000 0.000000 0.000000
715 716 116 -1.600000 -1.200000 1 255 7 9 0 0.300000 0.300000 0.000000 0.000000
716 717 116 -1.600000 -1.200000 1 255 7 9 0 0.300000 0.300000 0.000000 0.000000
717 718 116 -1.600000 -1.200000 1 255 7 9 0 0.300000 0.300000 0.000000 0.000000
718 715 116 -1.600000 -1.200000 1 255 7 9 0 0.300000 0.300000 0.000000 0.000000
719 720 117 -1.600000 -1.200000 1 255 7 9 0 0.300000 0.300000 0.000000 0.000000
720 721 117 -1.600000 -1.200000 1 255 7 9 0 0.300000 0.300000 0.000000 0.000000
721 722 117 -1.600000 -1.200000 1 255 7 9 0 0.300000 0.300000 0.000000 0.000000
722 719 117 -1.600000 -1.200000 1 255 7 9 0 0.300000 0.300000 0.000000 0.000000
692 691 -1 0.000000 0.000000 1 6 1 20 262176 1.000000 1.000000 0.000000 0.000000
691 697 112 -2.000000 -1.100000 1 255 1 1 0 1.000000 1.000000 0.000000 0.000000
697 696 -1 0.000000 0.000000 1 6 1 20 262176 1.000000 1.000000 0.000000 0.000000
696 692 112 -2.000000 -1.100000 1 255 1 1 0 1.000000 1.000000 0.000000 0.000000
708 712 110 -2.000000 -1.100000 1 255 1 1 0 1.000000 1.000000 0.000000 0.000000
712 713 -1 0.000000 0.000000 1 6 1 20 262176 1.000000 1.000000 0.000000 0.000000
713 709 110 -2.000000 -1.100000 1 255 1 1 0 1.000000 1.000000 0.000000 0.000000
709 708 -1 0.000000 0.000000 1 6 1 20 262176 1.000000 1.000000 0.000000 0.000000
715 718 113 -1.600000 -1.200000 1 255 7 1 0 0.300000 0.300000 0.000000 0.000000
718 717 113 -1.600000 -1.200000 1 255 7 1 0 0.300000 0.300000 0.000000 0.000000
717 716 113 -1.600000 -1.200000 1 255 7 1 0 0.300000 0.300000 0.000000 0.000000
716 715 113 -1.600000 -1.200000 1 255 7 1 0 0.300000 0.300000 0.000000 0.000000
719 722 113 -1.600000 -1.200000 1 255 7 1 0 0.300000 0.300000 0.000000 0.000000
722 721 113 -1.600000 -1.200000 1 255 7 1 0 0.300000 0.300000 0.000000 0.000000
721 720 113 -1.600000 -1.200000 1 255 7 1 0 0.300000 0.300000 0.000000 0.000000
720 719 113 -1.600000 -1.200000 1 255 7 1 0 0.300000 0.300000 0.000000 0.000000
729 732 112 -1.700000 -1.000000 1 255 1 1 0 1.000000 1.000000 0.000000 0.000000
732 731 112 -1.700000 -1.000000 1 255 1 1 0 1.000000 1.000000 0.000000 0.000000
731 730 112 -1.700000 -1.000000 1 255 1 1 0 1.000000 1.000000 0.000000 0.000000
730 729 112 -1.700000 -1.000000 1 255 1 1 0 1.000000 1.000000 0.000000 0.000000
737 740 112 -2.000000 -1.000000 1 255 1 1 0 1.000000 1.000000 0.000000 0.000000
740 739 112 -2.000000 -1.000000 1 255 1 1 0 1.000000 1.000000 0.000000 0.000000
739 738 112 -2.000000 -1.000000 1 255 1 1 0 1.000000 1.000000 0.000000 0.000000
738 737 112 -2.000000 -1.000000 1 255 1 1 0 1.000000 1.000000 0.000000 0.000000
741 744 110 -1.800000 -1.000000 1 255 1 1 0 1.000000 1.000000 0.000000 0.000000
744 743 110 -1.800000 -1.000000 1 255 1 1 0 1.000000 1.000000 0.000000 0.000000
743 742 110 -1.800000 -1.000000 1 255 1 1 0 1.000000 1.000000 0.000000 0.000000
742 741 110 -1.800000 -1.000000 1 255 1 1 0 1.000000 1.000000 0.000000 0.000000
745 746 110 -2.000000 -1.900000 1 255 1 9 0 1.000000 1.000000 0.000000 0.000000
746 747 -1 0.000000 0.000000 1 2 1 20 0 1.000000 1.000000 0.000000 0.000000
747 748 -1 0.000000 0.000000 1 2 1 20 0 1.000000 1.000000 0.000000 0.000000
748 745 -1 0.000000 0.000000 1 2 1 20 0 1.000000 1.000000 0.000000 0.000000
754 758 18 -1.200000 -0.300000 1 255 1 1 0 1.000000 1.000000 0.000000 0.000000
758 757 -1 0.000000 0.000000 1 6 1 20 262176 1.000000 1.000000 0.000000 0.000000
757 753 18 -1.200000 -0.300000 1 255 1 1 0 1.000000 1.000000 0.000000 0.000000
753 754 -1 0.000000 0.000000 1 6 1 20 262176 1.000000 1.000000 0.000000 0.000000
763 764 19 -0.300000 0.100000 1 255 1 1 0 1.000000 1.000000 0.000000 0.000000
764 765 -1 0.000000 0.000000 1 3 1 20 0 1.000000 1.000000 0.000000 0.000000
765 768 -1 0.000000 0.000000 1 5 1 20 0 1.000000 1.000000 0.000000 0.000000
768 763 -1 0.000000 0.000000 1 3 1 20 0 1.000000 1.000000 0.000000 0.000000
767 766 19 -0.300000 0.100000 1 255 1 1 0 1.000000 1.000000 0.000000 0.000000
766 768 -1 0.000000 0.000000 1 3 1 20 0 1.000000 1.000000 0.000000 0.000000
768 769 -1 0.000000 0.000000 1 5 1 20 0 1.000000 1.000000 0.000000 0.000000
769 767 -1 0.000000 0.000000 1 3 1 20 0 1.000000 1.000000 0.000000 0.000000
771 772 19 -0.300000 0.100000 1 255 1 1 0 1.000000 1.000000 0.000000 0.000000
772 777 -1 0.000000 0.000000 1 3 1 20 0 1.000000 1.000000 0.000000 0.000000
777 773 -1 0.000000 0.000000 1 5 1 20 0 1.000000 1.000000 0.000000 0.000000
773 771 -1 0.000000 0.000000 1 3 1 20 0 1.000000 1.000000 0.000000 0.000000
774 775 19 -0.300000 0.100000 1 255 1 1 0 1.000000 1.000000 0.000000 0.000000
775 776 -1 0.000000 0.000000 1 3 1 20 0 1.000000 1.000000 0.000000 0.000000
776 777 -1 0.000000 0.000000 1 5 1 20 0 1.000000 1.000000 0.000000 0.000000
777 774 -1 0.000000 0.000000 1 3 1 20 0 1.000000 1.000000 0.000000 0.000000
778 781 19 -0.500000 0.900000 1 255 1 1 0 1.000000 1.000000 0.000000 0.000000
781 780 19 -0.500000 0.900000 1 255 1 1 0 1.000000 1.000000 0.000000 0.000000
780 779 19 -0.500000 0.900000 1 255 1 1 0 1.000000 1.000000 0.000000 0.000000
779 778 19 -0.500000 0.900000 1 255 1 1 0 1.000000 1.000000 0.000000 0.000000
782 783 128 -0.500000 0.900000 1 255 1 1 0 1.000000 1.000000 0.000000 0.000000
783 784 128 -0.500000 0.900000 1 255 1 1 0 1.000000 1.000000 0.000000 0.000000
784 785 128 -0.500000 0.900000 1 255 1 1 0 1.000000 1.000000 0.000000 0.000000
785 782 128 -0.500000 0.900000 1 255 1 1 0 1.000000 1.000000 0.000000 0.000000
782 785 127 -0.500000 0.900000 1 255 1 9 0 1.000000 1.000000 0.000000 0.000000
785 784 127 -0.500000 0.900000 1 255 1 9 0 1.000000 1.000000 0.000000 0.000000
784 783 127 -0.500000 0.900000 1 255 1 9 0 1.000000 1.000000 0.000000 0.000000
783 782 127 -0.500000 0.900000 1 255 1 9 0 1.000000 1.000000 0.000000 0.000000
786 789 19 -0.500000 0.900000 1 255 1 1 0 1.000000 1.000000 0.000000 0.000000
789 788 19 -0.500000 0.900000 1 255 1 1 0 1.000000 1.000000 0.000000 0.000000
788 787 19 -0.500000 0.900000 1 255 1 1 0 1.000000 1.000000 0.000000 0.000000
787 786 19 -0.500000 0.900000 1 255 1 1 0 1.000000 1.000000 0.000000 0.000000
790 791 130 -0.500000 0.900000 1 255 1 1 0 1.000000 1.000000 0.000000 0.000000
791 792 130 -0.500000 0.900000 1 255 1 1 0 1.000000 1.000000 0.000000 0.000000
792 793 130 -0.500000 0.900000 1 255 1 1 0 1.000000 1.000000 0.000000 0.000000
793 790 130 -0.500000 0.900000 1 255 1 1 0 1.000000 1.000000 0.000000 0.000000
790 793 129 -0.500000 0.900000 1 255 1 9 0 1.000000 1.000000 0.000000 0.000000
793 792 129 -0.500000 0.900000 1 255 1 9 0 1.000000 1.000000 0.000000 0.000000
792 791 129 -0.500000 0.900000 1 255 1 9 0 1.000000 1.000000 0.000000 0.000000
791 790 129 -0.500000 0.900000 1 255 1 9 0 1.000000 1.000000 0.000000 0.000000
794 833 19 -0.600000 0.900000 1 255 8 9 0 0.700000 0.700000 0.000000 0.000000
833 834 19 -0.600000 0.900000 1 255 8 9 0 0.700000 0.700000 0.000000 0.000000
834 807 19 -0.600000 0.900000 1 255 8 9 0 0.700000 0.700000 0.000000 0.000000
807 831 19 -0.600000 0.900000 1 255 8 9 0 0.700000 0.700000 0.000000 0.000000
831 806 19 -0.600000 0.900000 1 255 8 9 0 0.700000 0.700000 0.000000 0.000000
806 805 19 -0.600000 0.900000 1 255 8 9 0 0.700000 0.700000 0.000000 0.000000
805 804 19 -0.600000 0.900000 1 255 8 9 0 0.700000 0.700000 0.000000 0.000000
804 803 19 -0.600000 0.900000 1 255 8 9 0 0.700000 0.700000 0.000000 0.000000
803 802 19 -0.600000 0.900000 1 255 8 9 0 0.700000 0.700000 0.000000 0.000000
802 801 19 -0.600000 0.900000 1 255 8 9 0 0.700000 0.700000 0.000000 0.000000
801 800 19 -0.600000 0.900000 1 255 8 9 0 0.700000 0.700000 0.000000 0.000000
800 799 19 -0.600000 0.900000 1 255 8 9 0 0.700000 0.700000 0.000000 0.000000
799 798 19 -0.600000 0.900000 1 255 8 9 0 0.700000 0.700000 0.000000 0.000000
798 797 19 -0.600000 0.900000 1 255 8 9 0 0.700000 0.700000 0.000000 0.000000
797 796 19 -0.600000 0.900000 1 255 8 9 0 0.700000 0.700000 0.000000 0.000000
796 795 19 -0.600000 0.900000 1 255 8 9 0 0.700000 0.700000 0.000000 0.000000
795 794 19 -0.600000 0.900000 1 255 8 9 0 0.700000 0.700000 0.000000 0.000000
808 832 132 -0.700000 0.900000 1 255 2 1 0 1.000000 1.000000 0.000000 0.000000
832 809 132 -0.700000 0.900000 1 255 2 1 0 1.000000 1.000000 0.000000 0.000000
809 810 132 -0.700000 0.900000 1 255 2 1 0 1.000000 1.000000 0.000000 0.000000
810 835 132 -0.700000 0.900000 1 255 2 1 0 1.000000 1.000000 0.000000 0.000000
835 811 132 -0.700000 0.900000 1 255 2 1 0 1.000000 1.000000 0.000000 0.000000
811 812 132 -0.700000 0.900000 1 255 2 1 0 1.000000 1.000000 0.000000 0.000000
812 813 132 -0.700000 0.900000 1 255 2 1 0 1.000000 1.000000 0.000000 0.000000
813 814 132 -0.700000 0.900000 1 255 2 1 0 1.000000 1.000000 0.000000 0.000000
814 815 132 -0.700000 0.900000 1 255 2 1 0 1.000000 1.000000 0.000000 0.000000
815 816 132 -0.700000 0.900000 1 255 2 1 0 1.000000 1.000000 0.000000 0.000000
816 817 132 -0.700000 0.900000 1 255 2 1 0 1.000000 1.000000 0.000000 0.000000
817 818 132 -0.700000 0.900000 1 255 2 1 0 1.000000 1.000000 0.000000 0.000000
818 819 132 -0.700000 0.900000 1 255 2 1 0 1.000000 1.000000 0.000000 0.000000
819 820 132 -0.700000 0.900000 1 255 2 1 0 1.000000 1.000000 0.000000 0.000000
820 821 132 -0.700000 0.900000 1 255 2 1 0 1.000000 1.000000 0.000000 0.000000
821 822 132 -0.700000 0.900000 1 255 2 1 0 1.000000 1.000000 0.000000 0.000000
822 823 132 -0.700000 0.900000 1 255 2 1 0 1.000000 1.000000 0.000000 0.000000
823 824 132 -0.700000 0.900000 1 255 2 1 0 1.000000 1.000000 0.000000 0.000000
824 825 132 -0.700000 0.900000 1 255 2 1 0 1.000000 1.000000 0.000000 0.000000
825 826 132 -0.700000 0.900000 1 255 2 1 0 1.000000 1.000000 0.000000 0.000000
826 827 132 -0.700000 0.900000 1 255 2 1 0 1.000000 1.000000 0.000000 0.000000
827 828 132 -0.700000 0.900000 1 255 2 1 0 1.000000 1.000000 0.000000 0.000000
828 829 132 -0.700000 0.900000 1 255 2 1 0 1.000000 1.000000 0.000000 0.000000
829 830 132 -0.700000 0.900000 1 255 2 1 0 1.000000 1.000000 0.000000 0.000000
830 808 132 -0.700000 0.900000 1 255 2 1 0 1.000000 1.000000 0.000000 0.000000
808 830 131 -0.700000 0.900000 1 255 2 9 0 1.000000 1.000000 0.000000 0.000000
830 829 131 -0.700000 0.900000 1 255 2 9 0 1.000000 1.000000 0.000000 0.000000
829 828 131 -0.700000 0.900000 1 255 2 9 0 1.000000 1.000000 0.000000 0.000000
828 827 131 -0.700000 0.900000 1 255 2 9 0 1.000000 1.000000 0.000000 0.000000
827 826 131 -0.700000 0.900000 1 255 2 9 0 1.000000 1.000000 0.000000 0.000000
826 825 131 -0.700000 0.900000 1 255 2 9 0 1.000000 1.000000 0.000000 0.000000
825 824 131 -0.700000 0.900000 1 255 2 9 0 1.000000 1.000000 0.000000 0.000000
824 823 131 -0.700000 0.900000 1 255 2 9 0 1.000000 1.000000 0.000000 0.000000
823 822 131 -0.700000 0.900000 1 255 2 9 0 1.000000 1.000000 0.000000 0.000000
822 821 131 -0.700000 0.900000 1 255 2 9 0 1.000000 1.000000 0.000000 0.000000
821 820 131 -0.700000 0.900000 1 255 2 9 0 1.000000 1.000000 0.000000 0.000000
820 819 131 -0.700000 0.900000 1 255 2 9 0 1.000000 1.000000 0.000000 0.000000
819 818 131 -0.700000 0.900000 1 255 2 9 0 1.000000 1.000000 0.000000 0.000000
818 817 131 -0.700000 0.900000 1 255 2 9 0 1.000000 1.000000 0.000000 0.000000
817 816 131 -0.700000 0.900000 1 255 2 9 0 1.000000 1.000000 0.000000 0.000000
816 815 131 -0.700000 0.900000 1 255 2 9 0 1.000000 1.000000 0.000000 0.000000
815 814 131 -0.700000 0.900000 1 255 2 9 0 1.000000 1.000000 0.000000 0.000000
814 813 131 -0.700000 0.900000 1 255 2 9 0 1.000000 1.000000 0.000000 0.000000
813 812 131 -0.700000 0.900000 1 255 2 9 0 1.000000 1.000000 0.000000 0.000000
812 811 131 -0.700000 0.900000 1 255 2 9 0 1.000000 1.000000 0.000000 0.000000
811 835 131 -0.700000 0.900000 1 255 2 9 0 1.000000 1.000000 0.000000 0.000000
835 810 131 -0.700000 0.900000 1 255 2 9 0 1.000000 1.000000 0.000000 0.000000
810 809 131 -0.700000 0.900000 1 255 2 9 0 1.000000 1.000000 0.000000 0.000000
809 832 131 -0.700000 0.900000 1 255 2 9 0 1.000000 1.000000 0.000000 0.000000
832 808 131 -0.700000 0.900000 1 255 2 9 0 1.000000 1.000000 0.000000 0.000000
836 837 2 -0.364999 0.135000 1 255 1 1 0 1.000000 1.000000 0.000000 0.000000
837 838 -1 0.000000 0.000000 1 6 1 20 262176 1.000000 1.000000 0.000000 0.000000
838 839 -1 0.000000 0.000000 1 13 1 20 16777231 1.000000 1.000000 0.000000 0.000000
839 836 -1 0.000000 0.000000 1 6 1 20 262176 1.000000 1.000000 0.000000 0.000000
840 80 8 0.000000 1.000000 1 255 8 75 0 0.700000 0.700000 0.000000 0.000000
80 848 -1 0.000000 0.000000 1 6 1 20 0 1.000000 1.000000 0.000000 0.000000
848 849 -1 0.000000 0.000000 1 6 1 20 0 1.000000 1.000000 0.000000 0.000000
849 841 -1 0.000000 0.000000 1 6 1 20 0 1.000000 1.000000 0.000000 0.000000
841 842 -1 0.000000 0.000000 1 13 1 20 16777231 1.000000 1.000000 0.000000 0.000000
842 840 -1 0.000000 0.000000 1 6 1 20 0 1.000000 1.000000 0.000000 0.000000
98 872 11 0.000000 1.000000 1 255 1 1 0 1.000000 1.000000 0.000000 0.000000
872 874 -1 0.000000 0.000000 1 7 1 20 0 0.500000 0.500000 0.000000 0.000000
874 875 137 0.000000 1.000000 1 255 1 1 0 1.000000 1.000000 0.000000 0.000000
875 98 -1 0.000000 0.000000 1 7 1 20 0 0.500000 0.500000 0.000000 0.000000
880 881 138 0.000000 1.000000 1 255 15 65 0 1.000000 1.000000 0.000000 0.000000
881 882 138 0.000000 1.000000 1 255 15 65 0 1.000000 1.000000 0.000000 0.000000
882 883 138 0.000000 1.000000 1 255 15 65 0 1.000000 1.000000 0.000000 0.000000
883 880 138 0.000000 1.000000 15 255 15 65 0 1.000000 1.000000 0.000000 0.000000
872 873 11 0.000000 1.000000 1 255 1 1 0 1.000000 1.000000 0.000000 0.000000
873 876 -1 0.000000 0.000000 1 7 1 20 0 0.500000 0.500000 0.000000 0.000000
876 877 139 0.000000 1.000000 1 255 1 1 0 1.000000 1.000000 0.000000 0.000000
877 872 -1 0.000000 0.000000 1 7 1 20 0 0.500000 0.500000 0.000000 0.000000
887 888 140 0.000000 1.000000 1 255 1 1 0 1.000000 1.000000 0.000000 0.000000
888 889 140 0.000000 1.000000 1 255 1 1 0 1.000000 1.000000 0.000000 0.000000
889 890 140 0.000000 1.000000 1 255 1 1 0 1.000000 1.000000 0.000000 0.000000
890 887 140 0.000000 1.000000 1 255 1 1 0 1.000000 1.000000 0.000000 0.000000
875 874 135 0.000000 1.000000 1 255 1 1 0 1.000000 1.000000 0.000000 0.000000
874 878 -1 0.000000 0.000000 1 7 1 20 0 0.500000 0.500000 0.000000 0.000000
878 879 -1 0.000000 0.000000 1 7 1 20 0 0.500000 0.500000 0.000000 0.000000
879 875 -1 0.000000 0.000000 1 7 1 20 0 0.500000 0.500000 0.000000 0.000000
880 883 135 0.000000 1.000000 1 255 1 1 0 1.000000 1.000000 0.000000 0.000000
883 882 135 0.000000 1.000000 1 255 1 1 0 1.000000 1.000000 0.000000 0.000000
882 881 135 0.000000 1.000000 1 255 1 1 0 1.000000 1.000000 0.000000 0.000000
881 880 135 0.000000 1.000000 1 255 1 1 0 1.000000 1.000000 0.000000 0.000000
877 876 136 0.000000 1.000000 1 255 1 1 0 1.000000 1.000000 0.000000 0.000000
876 886 -1 0.000000 0.000000 1 7 1 20 0 0.500000 0.500000 0.000000 0.000000
886 884 -1 0.000000 0.000000 1 7 1 20 0 0.500000 0.500000 0.000000 0.000000
884 885 -1 0.000000 0.000000 1 7 1 20 0 0.500000 0.500000 0.000000 0.000000
885 877 -1 0.000000 0.000000 1 7 1 20 0 0.500000 0.500000 0.000000 0.000000
887 890 136 0.000000 1.000000 1 255 8 9 0 0.500000 0.500000 0.000000 0.000000
890 889 136 0.000000 1.000000 1 255 8 9 0 0.500000 0.500000 0.000000 0.000000
889 888 136 0.000000 1.000000 1 255 8 9 0 0.500000 0.500000 0.000000 0.000000
888 887 136 0.000000 1.000000 1 255 8 9 0 0.500000 0.500000 0.000000 0.000000
891 892 102 0.135000 0.634999 1 1 1 5 0 1.000000 1.000000 0.000000 0.000000
892 893 -1 0.000000 0.000000 1 1 1 20 0 1.000000 1.000000 0.000000 0.000000
893 894 -1 0.000000 0.000000 1 13 1 20 19922959 1.000000 1.000000 0.000000 0.000000
894 891 -1 0.000000 0.000000 1 1 1 20 0 1.000000 1.000000 0.000000 0.000000
899 900 6 0.300000 0.600000 1 255 1 1 0 1.000000 1.000000 0.000000 0.000000
900 901 -1 0.000000 0.000000 1 3 1 20 0 0.500000 0.500000 0.000000 0.000000
901 902 -1 0.000000 0.000000 1 3 1 20 0 0.500000 0.500000 0.000000 0.000000
902 899 -1 0.000000 0.000000 1 3 1 20 0 0.500000 0.500000 0.000000 0.000000
903 904 6 0.300000 0.600000 1 255 1 1 0 1.000000 1.000000 0.000000 0.000000
904 905 -1 0.000000 0.000000 1 3 1 20 262176 0.500000 0.500000 0.000000 0.000000
905 906 -1 0.000000 0.000000 1 3 1 20 262176 0.500000 0.500000 0.000000 0.000000
906 903 -1 0.000000 0.000000 1 3 1 20 262176 0.500000 0.500000 0.000000 0.000000
916 917 -1 0.000000 0.000000 1 1 1 20 0 1.000000 1.000000 0.000000 0.000000
917 918 -1 0.000000 0.000000 1 1 1 20 0 1.000000 1.000000 0.000000 0.000000
918 919 145 1.000000 2.000000 1 255 1 1 0 1.000000 1.000000 0.000000 0.000000
919 920 146 1.000000 2.000000 1 255 1 1 0 1.000000 1.000000 0.000000 0.000000
920 921 145 1.000000 2.000000 1 255 1 1 0 1.000000 1.000000 0.000000 0.000000
921 916 -1 0.000000 0.000000 1 1 1 20 0 1.000000 1.000000 0.000000 0.000000
949 950 153 1.000000 2.000000 1 255 1 1 0 1.000000 1.000000 0.000000 0.000000
950 951 153 1.000000 2.000000 1 255 1 1 0 1.000000 1.000000 0.000000 0.000000
951 952 153 1.000000 2.000000 1 255 1 1 0 1.000000 1.000000 0.000000 0.000000
952 953 153 1.000000 2.000000 1 255 1 1 0 1.000000 1.000000 0.000000 0.000000
953 954 153 1.000000 2.000000 1 255 1 1 0 1.000000 1.000000 0.000000 0.000000
954 949 153 1.000000 2.000000 1 255 1 1 0 1.000000 1.000000 0.000000 0.000000
918 922 -1 0.000000 0.000000 1 1 1 20 0 1.000000 1.000000 0.000000 0.000000
922 995 -1 0.000000 0.000000 1 1 1 20 2097152 1.000000 1.000000 0.000000 0.000000
995 984 -1 0.000000 0.000000 1 1 1 20 2097152 1.000000 1.000000 0.000000 0.000000
984 923 -1 0.000000 0.000000 1 1 1 20 2097152 1.000000 1.000000 0.000000 0.000000
923 962 -1 0.000000 0.000000 1 1 1 20 0 1.000000 1.000000 0.000000 0.000000
962 924 -1 0.000000 0.000000 1 6 1 20 262176 1.000000 1.000000 0.000000 0.000000
924 960 152 0.000000 1.000000 1 255 2 11 0 1.000000 1.000000 0.000000 0.000000
960 959 152 0.000000 1.000000 5 15 5 79 4980704 1.000000 1.000000 0.000000 0.000000
959 958 152 0.000000 1.000000 1 255 2 11 0 1.000000 1.000000 0.000000 0.000000
958 957 152 0.000000 1.000000 1 255 2 11 0 1.000000 1.000000 0.000000 0.000000
957 956 152 0.000000 1.000000 1 255 2 11 0 1.000000 1.000000 0.000000 0.000000
956 925 152 0.000000 1.000000 1 255 2 11 0 1.000000 1.000000 0.000000 0.000000
925 963 -1 0.000000 0.000000 1 6 1 20 262176 1.000000 1.000000 0.000000 0.000000
963 926 -1 0.000000 0.000000 1 1 1 20 0 1.000000 1.000000 0.000000 0.000000
926 964 -1 0.000000 0.000000 1 1 1 20 0 1.000000 1.000000 0.000000 0.000000
964 983 -1 0.000000 0.000000 1 5 1 20 0 1.000000 1.000000 0.000000 0.000000
983 921 -1 0.000000 0.000000 1 1 1 20 0 1.000000 1.000000 0.000000 0.000000
921 920 144 1.000000 2.000000 1 255 1 9 0 1.000000 1.000000 0.000000 0.000000
920 919 144 1.000000 2.000000 1 255 1 9 0 1.000000 1.000000 0.000000 0.000000
919 918 144 1.000000 2.000000 1 255 1 9 0 1.000000 1.000000 0.000000 0.000000
920 927 146 0.850001 2.000000 1 255 2 9 0 1.000000 1.000000 0.000000 0.000000
927 928 146 0.850001 2.000000 1 255 2 9 0 1.000000 1.000000 0.000000 0.000000
928 919 146 0.850001 2.000000 1 255 2 9 0 1.000000 1.000000 0.000000 0.000000
919 920 -1 0.000000 0.000000 1 255 1 16 0 1.000000 1.000000 0.000000 0.000000
929 930 147 0.700000 2.000000 1 255 2 9 0 1.000000 1.000000 0.000000 0.000000
930 931 147 0.700000 2.000000 1 255 2 9 0 1.000000 1.000000 0.000000 0.000000
931 932 147 0.700000 2.000000 1 255 2 9 0 1.000000 1.000000 0.000000 0.000000
932 929 147 0.700000 2.000000 1 255 2 9 0 1.000000 1.000000 0.000000 0.000000
933 934 148 0.550001 2.000000 1 255 2 9 4194304 1.000000 1.000000 0.000000 0.000000
934 935 148 0.550001 2.000000 1 255 2 9 0 1.000000 1.000000 0.000000 0.000000
935 936 148 0.550001 2.000000 1 255 2 9 0 1.000000 1.000000 0.000000 0.000000
936 933 148 0.550001 2.000000 1 255 2 9 0 1.000000 1.000000 0.000000 0.000000
937 938 149 0.400000 2.000000 1 255 2 9 4194304 1.000000 1.000000 0.000000 0.000000
938 939 149 0.400000 2.000000 1 255 2 9 0 1.000000 1.000000 0.000000 0.000000
939 940 149 0.400000 2.000000 1 255 2 9 0 1.000000 1.000000 0.000000 0.000000
940 937 149 0.400000 2.000000 1 255 2 9 0 1.000000 1.000000 0.000000 0.000000
941 942 150 0.250000 2.000000 1 255 2 9 4194304 1.000000 1.000000 0.000000 0.000000
942 943 150 0.250000 2.000000 1 255 2 9 0 1.000000 1.000000 0.000000 0.000000
943 944 150 0.250000 2.000000 1 255 2 9 0 1.000000 1.000000 0.000000 0.000000
944 941 150 0.250000 2.000000 1 255 2 9 0 1.000000 1.000000 0.000000 0.000000
945 946 151 0.100000 2.000000 1 255 2 9 0 1.000000 1.000000 0.000000 0.000000
946 961 151 0.100000 2.000000 1 255 2 9 0 1.000000 1.000000 0.000000 0.000000
961 947 151 0.100000 2.000000 1 255 2 9 0 1.000000 1.000000 0.000000 0.000000
947 948 151 0.100000 2.000000 1 255 2 9 0 1.000000 1.000000 0.000000 0.000000
948 945 151 0.100000 2.000000 1 255 2 9 0 1.000000 1.000000 0.000000 0.000000
983 964 154 -0.100000 2.000000 1 255 1 1 0 1.000000 1.000000 0.000000 0.000000
964 965 154 -0.100000 2.000000 1 255 1 1 0 1.000000 1.000000 0.000000 0.000000
965 966 154 -0.100000 2.000000 1 255 1 1 0 1.000000 1.000000 0.000000 0.000000
966 967 154 -0.100000 2.000000 1 255 1 1 0 1.000000 1.000000 0.000000 0.000000
967 968 154 -0.100000 2.000000 1 255 2 1 0 1.000000 1.000000 0.000000 0.000000
968 969 154 -0.100000 2.000000 1 255 2 1 0 1.000000 1.000000 0.000000 0.000000
969 970 154 -0.100000 2.000000 1 255 2 1 0 1.000000 1.000000 0.000000 0.000000
970 971 154 -0.100000 2.000000 1 255 2 1 0 1.000000 1.000000 0.000000 0.000000
971 972 154 -0.100000 2.000000 1 255 2 1 0 1.000000 1.000000 0.000000 0.000000
972 973 154 -0.100000 2.000000 1 255 2 1 0 1.000000 1.000000 0.000000 0.000000
973 974 154 -0.100000 2.000000 1 255 2 1 0 1.000000 1.000000 0.000000 0.000000
974 975 154 -0.100000 2.000000 1 255 2 1 0 1.000000 1.000000 0.000000 0.000000
975 976 154 -0.100000 2.000000 1 255 2 1 0 1.000000 1.000000 0.000000 0.000000
976 977 154 -0.100000 2.000000 1 255 2 1 0 1.000000 1.000000 0.000000 0.000000
977 978 154 -0.100000 2.000000 1 255 2 1 0 1.000000 1.000000 0.000000 0.000000
978 979 154 -0.100000 2.000000 1 255 2 1 0 1.000000 1.000000 0.000000 0.000000
979 980 154 -0.100000 2.000000 1 255 2 1 0 1.000000 1.000000 0.000000 0.000000
980 981 154 -0.100000 2.000000 1 255 2 1 0 1.000000 1.000000 0.000000 0.000000
981 982 154 -0.100000 2.000000 1 255 2 1 0 1.000000 1.000000 0.000000 0.000000
982 983 154 -0.100000 2.000000 1 255 2 1 0 1.000000 1.000000 0.000000 0.000000
985 986 155 -0.100000 2.000000 1 255 1 1 0 1.000000 1.000000 0.000000 0.000000
986 987 155 -0.100000 2.000000 1 255 1 1 0 1.000000 1.000000 0.000000 0.000000
987 988 155 -0.100000 2.000000 1 255 1 1 0 1.000000 1.000000 0.000000 0.000000
988 989 155 -0.100000 2.000000 1 255 1 1 0 1.000000 1.000000 0.000000 0.000000
989 990 155 -0.100000 2.000000 1 255 1 1 0 1.000000 1.000000 0.000000 0.000000
990 991 155 -0.100000 2.000000 1 255 1 1 0 1.000000 1.000000 0.000000 0.000000
991 992 155 -0.100000 2.000000 1 255 1 1 0 1.000000 1.000000 0.000000 0.000000
992 993 155 -0.100000 2.000000 1 255 1 1 0 1.000000 1.000000 0.000000 0.000000
993 984 155 -0.100000 2.000000 1 255 1 1 0 1.000000 1.000000 0.000000 0.000000
984 995 155 -0.100000 2.000000 1 255 1 1 0 1.000000 1.000000 0.000000 0.000000
995 994 155 -0.100000 2.000000 1 255 1 1 0 1.000000 1.000000 0.000000 0.000000
994 985 155 -0.100000 2.000000 1 255 1 1 0 1.000000 1.000000 0.000000 0.000000
999 1000 157 -0.100000 2.000000 1 255 2 1 0 1.000000 1.000000 0.000000 0.000000
1000 1001 157 -0.100000 2.000000 1 255 2 1 0 1.000000 1.000000 0.000000 0.000000
1001 1002 157 -0.100000 2.000000 1 255 2 1 0 1.000000 1.000000 0.000000 0.000000
1002 1003 157 -0.100000 2.000000 1 255 2 1 0 1.000000 1.000000 0.000000 0.000000
1003 1004 157 -0.100000 2.000000 1 255 1 1 0 1.000000 1.000000 0.000000 0.000000
1004 1005 157 -0.100000 2.000000 1 255 2 1 0 1.000000 1.000000 0.000000 0.000000
1005 1006 157 -0.100000 2.000000 1 255 2 1 0 1.000000 1.000000 0.000000 0.000000
1006 1007 157 -0.100000 2.000000 1 255 2 1 0 1.000000 1.000000 0.000000 0.000000
1007 1008 157 -0.100000 2.000000 1 255 2 1 0 1.000000 1.000000 0.000000 0.000000
1008 1009 157 -0.100000 2.000000 1 255 2 1 0 1.000000 1.000000 0.000000 0.000000
1009 1010 157 -0.100000 2.000000 1 255 2 1 0 1.000000 1.000000 0.000000 0.000000
1010 1011 157 -0.100000 2.000000 1 255 2 1 0 1.000000 1.000000 0.000000 0.000000
1011 1012 157 -0.100000 2.000000 1 255 2 1 0 1.000000 1.000000 0.000000 0.000000
1012 999 157 -0.100000 2.000000 1 255 2 1 0 1.000000 1.000000 0.000000 0.000000
920 919 144 1.000000 2.000000 1 255 1 9 0 1.000000 1.000000 0.000000 0.000000
919 928 145 0.850001 2.000000 1 255 2 1 0 1.000000 1.000000 0.000000 0.000000
928 927 145 0.850001 2.000000 1 255 2 1 0 1.000000 1.000000 0.000000 0.000000
927 920 145 0.850001 2.000000 1 255 2 1 0 1.000000 1.000000 0.000000 0.000000
929 932 145 0.700000 2.000000 1 255 2 1 0 1.000000 1.000000 0.000000 0.000000
932 931 145 0.700000 2.000000 1 255 2 1 0 1.000000 1.000000 0.000000 0.000000
931 930 145 0.700000 2.000000 1 255 2 1 0 1.000000 1.000000 0.000000 0.000000
930 929 145 0.700000 2.000000 1 255 2 1 0 1.000000 1.000000 0.000000 0.000000
933 936 145 0.550001 2.000000 1 255 2 1 0 1.000000 1.000000 0.000000 0.000000
936 935 145 0.550001 2.000000 1 255 2 1 0 1.000000 1.000000 0.000000 0.000000
935 934 145 0.550001 2.000000 1 255 2 1 0 1.000000 1.000000 0.000000 0.000000
934 933 145 0.550001 2.000000 1 255 2 1 0 1.000000 1.000000 0.000000 0.000000
937 940 145 0.400000 2.000000 1 255 2 1 0 1.000000 1.000000 0.000000 0.000000
940 939 145 0.400000 2.000000 1 255 2 1 0 1.000000 1.000000 0.000000 0.000000
939 938 145 0.400000 2.000000 1 255 2 1 0 1.000000 1.000000 0.000000 0.000000
938 937 145 0.400000 2.000000 1 255 2 1 0 1.000000 1.000000 0.000000 0.000000
941 944 145 0.250000 2.000000 1 255 2 1 0 1.000000 1.000000 0.000000 0.000000
944 943 145 0.250000 2.000000 1 255 2 1 0 1.000000 1.000000 0.000000 0.000000
943 942 145 0.250000 2.000000 1 255 2 1 0 1.000000 1.000000 0.000000 0.000000
942 941 145 0.250000 2.000000 1 255 2 1 0 1.000000 1.000000 0.000000 0.000000
945 948 145 0.100000 2.000000 1 255 2 1 0 1.000000 1.000000 0.000000 0.000000
948 947 145 0.100000 2.000000 1 255 2 1 0 1.000000 1.000000 0.000000 0.000000
947 961 145 0.100000 2.000000 1 255 2 1 0 1.000000 1.000000 0.000000 0.000000
961 946 145 0.100000 2.000000 1 255 2 1 0 1.000000 1.000000 0.000000 0.000000
946 945 145 0.100000 2.000000 1 255 2 1 0 1.000000 1.000000 0.000000 0.000000
925 956 145 0.000000 1.000000 1 255 1 1 0 1.000000 1.000000 0.000000 0.000000
956 957 145 0.000000 1.000000 1 255 1 1 0 1.000000 1.000000 0.000000 0.000000
957 958 145 0.000000 1.000000 1 255 1 1 0 1.000000 1.000000 0.000000 0.000000
958 959 145 0.000000 1.000000 1 255 1 1 0 1.000000 1.000000 0.000000 0.000000
959 960 145 0.000000 1.000000 1 15 1 69 4194304 1.000000 1.000000 0.000000 0.000000
960 924 145 0.000000 1.000000 1 255 1 1 0 1.000000 1.000000 0.000000 0.000000
924 915 -1 0.000000 0.000000 1 7 1 20 0 0.500000 0.500000 0.000000 0.000000
915 1017 6 0.000000 1.000000 1 255 1 1 0 1.000000 1.000000 0.000000 0.000000
1017 1016 6 0.000000 1.000000 1 255 1 1 0 1.000000 1.000000 0.000000 0.000000
1016 1015 6 0.000000 1.000000 1 255 1 1 0 1.000000 1.000000 0.000000 0.000000
1015 1014 6 0.000000 1.000000 1 255 1 1 0 1.000000 1.000000 0.000000 0.000000
1014 955 6 0.000000 1.000000 1 255 1 1 0 1.000000 1.000000 0.000000 0.000000
955 1013 6 0.000000 1.000000 1 255 1 1 0 1.000000 1.000000 0.000000 0.000000
1013 914 6 0.000000 1.000000 1 255 1 1 0 1.000000 1.000000 0.000000 0.000000
914 925 -1 0.000000 0.000000 1 7 1 20 0 0.500000 0.500000 0.000000 0.000000
949 954 144 1.000000 2.000000 1 255 1 1 0 1.000000 1.000000 0.000000 0.000000
954 953 144 1.000000 2.000000 1 255 1 1 0 1.000000 1.000000 0.000000 0.000000
953 952 144 1.000000 2.000000 1 255 1 1 0 1.000000 1.000000 0.000000 0.000000
952 951 144 1.000000 2.000000 1 255 1 1 0 1.000000 1.000000 0.000000 0.000000
951 950 144 1.000000 2.000000 1 255 1 1 0 1.000000 1.000000 0.000000 0.000000
950 949 144 1.000000 2.000000 1 255 1 1 0 1.000000 1.000000 0.000000 0.000000
983 982 145 -0.100000 2.000000 1 255 2 9 0 1.000000 1.000000 0.000000 0.000000
982 981 145 -0.100000 2.000000 1 255 2 9 0 1.000000 1.000000 0.000000 0.000000
981 980 145 -0.100000 2.000000 1 255 2 9 0 1.000000 1.000000 0.000000 0.000000
980 979 145 -0.100000 2.000000 1 255 2 9 0 1.000000 1.000000 0.000000 0.000000
979 978 145 -0.100000 2.000000 1 255 2 9 0 1.000000 1.000000 0.000000 0.000000
978 977 145 -0.100000 2.000000 1 255 2 9 0 1.000000 1.000000 0.000000 0.000000
977 976 145 -0.100000 2.000000 1 255 2 9 0 1.000000 1.000000 0.000000 0.000000
976 975 145 -0.100000 2.000000 1 255 2 9 0 1.000000 1.000000 0.000000 0.000000
975 974 145 -0.100000 2.000000 1 255 2 9 0 1.000000 1.000000 0.000000 0.000000
974 973 145 -0.100000 2.000000 1 255 2 9 0 1.000000 1.000000 0.000000 0.000000
973 972 145 -0.100000 2.000000 1 255 2 9 0 1.000000 1.000000 0.000000 0.000000
972 971 145 -0.100000 2.000000 1 255 2 9 0 1.000000 1.000000 0.000000 0.000000
971 970 145 -0.100000 2.000000 1 255 2 9 0 1.000000 1.000000 0.000000 0.000000
970 969 145 -0.100000 2.000000 1 255 2 9 0 1.000000 1.000000 0.000000 0.000000
969 968 145 -0.100000 2.000000 1 255 2 9 0 1.000000 1.000000 0.000000 0.000000
968 967 145 -0.100000 2.000000 1 255 2 9 0 1.000000 1.000000 0.000000 0.000000
967 966 145 -0.100000 2.000000 1 255 2 9 0 1.000000 1.000000 0.000000 0.000000
966 965 145 -0.100000 2.000000 1 255 2 9 0 1.000000 1.000000 0.000000 0.000000
965 964 145 -0.100000 2.000000 1 255 2 9 0 1.000000 1.000000 0.000000 0.000000
964 983 145 -0.100000 2.000000 1 5 5 13 786400 1.000000 1.000000 0.000000 0.000000
996 997 156 -0.233000 2.000000 1 15 1 69 0 1.000000 1.000000 0.000000 0.000000
997 998 156 -0.233000 2.000000 1 15 1 69 0 1.000000 1.000000 0.000000 0.000000
998 996 156 -0.233000 2.000000 1 15 1 69 0 1.000000 1.000000 0.000000 0.000000
985 994 145 -0.100000 2.000000 1 255 2 9 0 1.000000 1.000000 0.000000 0.000000
994 995 145 -0.100000 2.000000 1 255 2 9 0 1.000000 1.000000 0.000000 0.000000
995 984 145 -0.100000 2.000000 1 5 5 13 262176 1.000000 1.000000 0.000000 0.000000
984 993 145 -0.100000 2.000000 1 255 2 9 0 1.000000 1.000000 0.000000 0.000000
993 992 145 -0.100000 2.000000 1 255 2 9 0 1.000000 1.000000 0.000000 0.000000
992 991 145 -0.100000 2.000000 1 255 2 9 0 1.000000 1.000000 0.000000 0.000000
991 990 145 -0.100000 2.000000 1 255 2 9 0 1.000000 1.000000 0.000000 0.000000
990 989 145 -0.100000 2.000000 1 255 2 9 0 1.000000 1.000000 0.000000 0.000000
989 988 145 -0.100000 2.000000 1 255 2 9 0 1.000000 1.000000 0.000000 0.000000
988 987 145 -0.100000 2.000000 1 255 2 9 0 1.000000 1.000000 0.000000 0.000000
987 986 145 -0.100000 2.000000 1 255 2 9 0 1.000000 1.000000 0.000000 0.000000
986 985 145 -0.100000 2.000000 1 255 2 9 0 1.000000 1.000000 0.000000 0.000000
996 998 154 -0.233000 2.000000 1 15 1 69 0 1.000000 1.000000 0.000000 0.000000
998 997 154 -0.233000 2.000000 1 15 1 69 0 1.000000 1.000000 0.000000 0.000000
997 996 154 -0.233000 2.000000 1 15 1 69 0 1.000000 1.000000 0.000000 0.000000
999 1012 145 -0.100000 2.000000 1 255 2 9 0 1.000000 1.000000 0.000000 0.000000
1012 1011 145 -0.100000 2.000000 1 255 2 9 0 1.000000 1.000000 0.000000 0.000000
1011 1010 145 -0.100000 2.000000 1 255 2 9 0 1.000000 1.000000 0.000000 0.000000
1010 1009 145 -0.100000 2.000000 1 255 2 9 0 1.000000 1.000000 0.000000 0.000000
1009 1008 145 -0.100000 2.000000 1 255 2 9 0 1.000000 1.000000 0.000000 0.000000
1008 1007 145 -0.100000 2.000000 1 255 2 9 0 1.000000 1.000000 0.000000 0.000000
1007 1006 145 -0.100000 2.000000 1 255 2 9 0 1.000000 1.000000 0.000000 0.000000
1006 1005 145 -0.100000 2.000000 1 255 2 9 0 1.000000 1.000000 0.000000 0.000000
1005 1004 145 -0.100000 2.000000 1 255 2 9 0 1.000000 1.000000 0.000000 0.000000
1004 1003 145 -0.100000 2.000000 1 255 2 9 0 1.000000 1.000000 0.000000 0.000000
1003 1002 145 -0.100000 2.000000 1 255 5 9 0 1.000000 1.000000 0.000000 0.000000
1002 1001 145 -0.100000 2.000000 1 255 2 9 0 1.000000 1.000000 0.000000 0.000000
1001 1000 145 -0.100000 2.000000 1 255 2 9 0 1.000000 1.000000 0.000000 0.000000
1000 999 145 -0.100000 2.000000 1 255 2 9 0 1.000000 1.000000 0.000000 0.000000
SECTORS 158
0 6 6 -0.600000 0.400000 8 1 0 0 0 0 -0.600000 0.000000 0.400000 1.000000 0.000000 0.000000 0.700000 0.700000 0.000000 0.500000 0.500000 0.000000 0
6 24 24 -0.600000 0.400000 8 1 0 0 0 0 -0.600000 0.000000 0.400000 1.000000 0.000000 0.000000 0.700000 0.700000 0.000000 0.500000 0.500000 0.000000 0
30 6 6 -0.600000 0.400000 8 1 0 0 0 0 -0.600000 0.000000 0.400000 1.000000 0.000000 0.000000 0.700000 0.700000 0.000000 0.500000 0.500000 0.000000 0
36 20 20 -0.200000 1.000000 6 1 0 0 0 0 -0.300000 0.000000 1.000000 1.000000 0.000000 0.000000 1.000000 1.000000 1.570796 0.500000 0.500000 0.000000 0
56 239 239 0.000000 1.000000 8 1 0 0 0 0 0.000000 0.600000 1.000000 1.000000 0.200000 0.000000 0.700000 0.700000 0.000000 0.500000 0.500000 0.000000 0
295 18 18 0.000000 1.000000 8 1 0 0 0 0 0.000000 0.000000 1.000000 1.000000 0.000000 0.000000 0.700000 0.700000 0.000000 0.500000 0.500000 0.000000 0
313 69 69 0.000000 1.000000 8 1 0 0 0 0 0.000000 0.000000 1.000000 1.000000 0.000000 0.000000 0.700000 0.700000 0.000000 0.500000 0.500000 0.000000 0
382 16 16 0.000000 1.000000 8 1 0 0 0 0 0.000000 0.000000 1.000000 1.000000 0.000000 0.000000 0.700000 0.700000 0.000000 0.500000 0.500000 0.000000 0
398 114 114 0.000000 1.000000 8 1 0 0 0 0 0.000000 0.000000 1.000000 1.000000 0.000000 0.000000 0.700000 0.700000 0.000000 0.500000 0.500000 0.000000 0
512 14 14 0.000000 1.000000 8 1 0 0 0 0 0.000000 0.000000 1.000000 1.000000 0.000000 0.000000 0.700000 0.700000 0.000000 0.500000 0.500000 0.000000 0
526 35 35 0.000000 1.000000 8 1 0 0 0 0 0.000000 0.000000 1.000000 1.000000 0.000000 0.000000 0.700000 0.700000 0.000000 0.500000 0.500000 0.000000 0
561 48 48 0.000000 1.000000 8 1 0 0 0 0 0.000000 0.000000 1.000000 1.000000 0.000000 0.000000 0.700000 0.700000 0.000000 0.500000 0.500000 0.000000 0
609 4 4 -0.200000 1.000000 6 1 0 0 0 0 -0.200000 -0.200000 1.000000 1.000000 0.000000 0.000000 1.000000 1.000000 1.570796 0.500000 0.500000 0.000000 0
613 4 4 -0.400000 1.000000 6 1 0 0 0 0 -0.400000 -0.400000 1.000000 1.000000 0.000000 0.000000 1.000000 1.000000 1.570796 0.500000 0.500000 0.000000 0
617 4 4 -0.600000 1.000000 6 1 0 0 0 0 -0.600000 -0.600000 1.000000 1.000000 0.000000 0.000000 1.000000 1.000000 1.570796 0.500000 0.500000 0.000000 0
621 4 4 -0.800000 1.000000 6 1 0 0 0 0 -0.800000 -0.800000 1.000000 1.000000 0.000000 0.000000 1.000000 1.000000 1.570796 0.500000 0.500000 0.000000 0
625 4 4 -1.000000 1.000000 6 1 0 0 0 0 -1.000000 -1.000000 1.000000 1.000000 0.000000 0.000000 1.000000 1.000000 1.570796 0.500000 0.500000 0.000000 0
629 4 4 -1.200000 0.500000 8 1 0 0 0 0 -1.200000 -1.200000 0.500000 0.500000 0.000000 0.000000 1.000000 1.000000 0.000000 0.500000 0.500000 0.000000 0
633 20 20 -1.200000 -0.200000 8 1 0 0 0 0 -1.200000 -1.200000 -0.200000 -0.200000 0.000000 0.000000 0.700000 0.700000 0.000000 0.500000 0.500000 0.000000 0
653 45 45 -0.600000 0.900000 8 255 3 0 0 0 -0.600000 0.000000 0.900000 1.500000 0.000000 0.000000 0.700000 0.700000 0.000000 0.500000 0.500000 0.000000 0
698 4 4 -0.600000 0.300000 8 6 0 0 0 0 -0.600000 0.000000 0.300000 0.900000 0.000000 0.000000 0.500000 0.500000 0.000000 0.500000 0.500000 0.000000 0
702 14 14 0.235000 0.729999 7 7 6 0 0 0 0.235000 0.235000 0.729999 0.729999 0.000000 0.000000 1.000000 1.000000 0.000000 1.000000 1.000000 0.000000 2048
716 4 4 0.200000 1.000000 6 1 4 0 0 0 0.200000 0.200000 1.000000 1.000000 0.000000 0.000000 0.700000 0.700000 0.000000 0.500000 0.500000 0.000000 0
720 4 4 0.335000 0.730000 6 7 6 0 0 0 0.335000 0.335000 0.730000 0.730000 0.000000 0.000000 1.000000 1.000000 0.000000 1.000000 1.000000 0.000000 0
724 4 4 0.335000 0.730000 6 7 6 0 0 0 0.335000 0.335000 0.730000 0.730000 0.000000 0.000000 1.000000 1.000000 0.000000 1.000000 1.000000 0.000000 0
728 5 5 -0.600000 0.400000 8 1 7 0 1 2 -0.600000 1.000000 0.400000 1.000000 0.500000 0.000000 0.700000 0.700000 0.000000 0.500000 0.500000 0.000000 2304
733 4 4 0.290000 0.700000 5 6 6 0 0 0 0.290000 0.290000 0.700000 0.700000 0.000000 0.000000 0.400000 0.600000 1.570796 1.000000 1.000000 1.570796 0
737 4 4 0.300000 0.700000 6 6 3 0 0 0 0.300000 0.300000 0.700000 0.700000 0.000000 0.000000 1.000000 1.000000 1.570796 1.000000 1.000000 1.570796 0
741 4 4 0.000000 1.000000 8 1 0 0 4 4 -0.000000 0.000000 0.002000 1.000000 -0.300000 1.000000 0.500000 0.500000 0.000000 0.500000 0.500000 0.000000 0
745 4 4 0.000000 1.001000 6 1 0 0 3 1 0.000000 1.000000 1.000000 1.010000 0.700000 0.000000 0.700000 0.700000 1.570796 0.500000 0.500000 0.000000 0
749 4 4 -0.100000 1.000000 5 1 0 0 11 2 -1.000000 -0.100000 0.000000 1.000000 0.200000 0.000000 0.700000 0.700000 1.570796 0.500000 0.500000 0.000000 2
753 32 32 0.000000 1.100000 8 2 0 0 6 1 0.000000 1.000000 1.000000 1.100000 0.200000 0.000000 0.700000 0.700000 0.000000 0.500000 0.500000 0.000000 0
785 4 4 0.000000 1.000000 8 6 0 0 2 4 0.000000 1.000000 -0.000000 1.000000 0.000000 1.500000 0.700000 0.700000 1.570796 0.500000 0.500000 0.000000 0
789 11 11 0.000000 1.000000 8 1 0 0 0 0 0.000000 0.000000 1.000000 1.000000 0.000000 0.000000 0.700000 0.700000 0.000000 0.500000 0.500000 0.000000 0
800 4 4 0.400000 0.500000 8 1 0 0 0 0 0.000000 0.400000 0.500000 1.000000 0.000000 0.000000 0.700000 0.700000 0.000000 0.500000 0.500000 0.000000 3584
804 4 4 0.000000 1.000000 8 1 0 0 5 1 0.000000 1.000000 1.000000 2.000000 1.500000 0.000000 1.000000 1.000000 0.000000 1.000000 1.000000 0.000000 0
808 4 4 0.000000 1.000000 8 1 0 0 5 1 0.000000 1.000000 1.000000 2.000000 1.500000 0.000000 1.000000 1.000000 0.000000 1.000000 1.000000 0.000000 0
812 4 4 0.000000 1.000000 8 1 0 0 5 1 0.000000 1.000000 1.000000 2.000000 1.500000 0.000000 1.000000 1.000000 0.000000 1.000000 1.000000 0.000000 0
816 4 4 0.000000 1.000000 8 1 0 0 5 1 0.000000 1.000000 1.000000 2.000000 1.500000 0.000000 1.000000 1.000000 0.000000 1.000000 1.000000 0.000000 0
820 4 4 0.000000 1.000000 8 1 0 0 5 1 0.000000 1.000000 1.000000 2.000000 1.500000 0.000000 1.000000 1.000000 0.000000 1.000000 1.000000 0.000000 0
824 4 4 0.000000 1.000000 8 6 0 0 2 4 0.000000 1.000000 -0.000000 1.000000 0.000000 1.500000 0.700000 0.700000 1.570796 0.500000 0.500000 0.000000 0
828 4 4 0.000000 1.000000 8 6 0 0 2 4 0.000000 1.000000 -0.000000 1.000000 0.000000 1.500000 0.700000 0.700000 1.570796 0.500000 0.500000 0.000000 0
832 4 4 0.000000 1.000000 8 11 0 0 7 4 0.000000 0.000000 -0.000000 1.000000 0.000000 0.700000 0.700000 0.700000 0.000000 0.500000 0.500000 0.000000 0
836 49 49 0.000000 1.000000 8 1 0 0 20 0 0.000000 0.000000 1.000000 1.000000 0.000000 0.000000 0.700000 0.700000 0.000000 0.500000 0.500000 0.000000 2048
885 4 4 0.000000 0.999999 12 1 0 15 7 1 -0.100000 0.000000 0.999999 2.000000 0.133000 0.000000 1.000000 1.000000 0.000000 0.500000 0.500000 0.000000 0
889 4 4 0.400000 0.600000 7 7 0 0 0 0 0.000000 0.400000 0.600000 2.000000 0.000000 0.000000 1.000000 1.000000 0.000000 1.000000 1.000000 0.000000 0
893 4 4 0.000000 0.999999 12 1 0 15 7 1 -0.100000 0.000000 0.999999 2.000000 0.133000 0.000000 1.000000 1.000000 0.000000 0.500000 0.500000 0.000000 0
897 4 4 0.000000 1.000000 8 11 0 1 8 4 0.000000 0.000000 -0.000000 1.000000 0.000000 1.500000 0.700000 0.700000 1.570796 1.000000 1.000000 1.570796 0
901 4 4 0.400000 0.500000 8 1 0 0 0 0 0.000000 0.400000 0.500000 1.000000 0.000000 0.000000 0.700000 0.700000 0.000000 0.500000 0.500000 0.000000 0
905 4 4 0.400000 0.500000 8 1 0 0 0 0 0.000000 0.400000 0.500000 1.000000 0.000000 0.000000 0.700000 0.700000 0.000000 0.500000 0.500000 0.000000 0
909 4 4 0.400000 0.500000 8 1 0 0 0 0 0.000000 0.400000 0.500000 1.000000 0.000000 0.000000 0.700000 0.700000 0.000000 0.500000 0.500000 0.000000 0
913 4 4 0.400000 0.500000 8 1 0 0 0 0 0.000000 0.400000 0.500000 1.000000 0.000000 0.000000 0.700000 0.700000 0.000000 0.500000 0.500000 0.000000 0
917 4 4 0.400000 0.500000 8 1 0 0 0 0 0.000000 0.400000 0.500000 1.000000 0.000000 0.000000 0.700000 0.700000 0.000000 0.500000 0.500000 0.000000 0
921 4 4 0.400000 0.500000 8 1 0 0 0 0 0.000000 0.400000 0.500000 1.000000 0.000000 0.000000 0.700000 0.700000 0.000000 0.500000 0.500000 0.000000 0
925 4 4 0.400000 0.500000 8 1 0 0 0 0 0.000000 0.400000 0.500000 1.000000 0.000000 0.000000 0.700000 0.700000 0.000000 0.500000 0.500000 0.000000 0
929 4 4 0.000000 1.200000 14 255 7 0 0 0 0.000000 0.000000 1.200000 2.000000 0.000000 0.000000 0.700000 0.700000 0.000000 1.000000 1.000000 0.000000 0
933 4 4 0.000000 1.200000 14 255 7 0 0 0 0.000000 0.000000 1.200000 2.000000 0.000000 0.000000 0.700000 0.700000 0.000000 1.000000 1.000000 0.000000 0
937 4 4 0.000000 1.200000 14 255 7 0 0 0 0.000000 0.000000 1.200000 2.000000 0.000000 0.000000 0.700000 0.700000 0.000000 1.000000 1.000000 0.000000 0
941 4 4 0.000000 1.200000 14 255 7 0 0 0 0.000000 0.000000 1.200000 2.000000 0.000000 0.000000 0.700000 0.700000 0.000000 1.000000 1.000000 0.000000 0
945 4 4 0.400000 0.600000 6 1 0 0 0 0 0.000000 0.400000 0.600000 2.000000 0.000000 0.000000 1.000000 1.000000 0.000000 1.000000 1.000000 0.000000 0
949 4 4 0.235000 0.725000 12 12 0 15 0 0 0.000000 0.235000 0.725000 2.000000 0.000000 0.000000 1.000000 1.000000 0.000000 1.000000 1.000000 0.000000 0
953 2 2 0.000000 1.000000 8 1 7 0 0 0 0.000000 0.000000 1.000000 2.000000 0.000000 0.000000 0.700000 0.700000 0.000000 0.500000 0.500000 0.000000 0
955 3 3 0.000000 1.000000 8 1 0 0 0 0 0.000000 0.000000 1.000000 1.000000 0.000000 0.000000 0.700000 0.700000 0.000000 0.500000 0.500000 0.000000 0
958 22 22 0.000000 1.000000 8 1 6 0 0 0 0.000000 0.000000 1.000000 2.000000 0.000000 0.000000 0.700000 0.700000 0.000000 0.500000 0.500000 0.000000 3584
980 4 4 0.000000 0.900000 8 6 0 0 0 0 0.000000 0.000000 0.900000 2.000000 0.000000 0.000000 0.700000 0.700000 0.000000 0.500000 0.500000 1.570796 0
984 4 4 0.235000 0.734999 7 7 6 0 0 0 0.000000 0.265000 0.734999 2.000000 0.000000 0.000000 1.200000 1.200000 0.785398 1.200000 1.200000 0.785398 2304
988 6 6 0.000000 1.000000 8 1 6 0 0 0 0.000000 0.000000 1.000000 2.000000 0.000000 0.000000 0.700000 0.700000 0.000000 0.500000 0.500000 0.000000 2304
994 4 4 0.265000 0.734999 12 7 6 15 0 0 0.000000 0.265000 0.734999 2.000000 0.000000 0.000000 1.000000 1.000000 0.000000 1.000000 1.000000 0.000000 0
998 28 28 0.100000 0.900000 12 12 0 15 0 0 0.000000 0.100000 0.900000 2.000000 0.000000 0.000000 0.700000 0.700000 0.000000 0.500000 0.500000 0.000000 0
1026 8 8 0.000000 1.200000 3 255 6 0 0 0 0.000000 0.000000 1.200000 2.000000 0.000000 0.000000 1.000000 1.000000 0.000000 1.000000 1.000000 0.000000 0
1034 8 8 0.000000 1.200000 3 255 6 0 0 0 0.000000 0.000000 1.200000 2.000000 0.000000 0.000000 1.000000 1.000000 0.000000 1.000000 1.000000 0.000000 0
1042 4 4 0.300000 0.700000 4 4 3 0 0 0 0.000000 0.300000 0.700000 2.000000 0.000000 0.000000 0.700000 0.700000 1.570796 0.500000 0.500000 1.570796 0
1046 8 8 0.000000 1.000000 8 1 6 0 0 0 0.000000 0.000000 1.000000 2.000000 0.000000 0.000000 0.700000 0.700000 0.000000 0.500000 0.500000 0.000000 0
1054 4 4 0.155000 0.920000 6 6 5 0 14 0 0.000000 0.200000 0.900000 2.000000 0.000000 0.000000 1.000000 1.000000 0.000000 1.000000 1.000000 0.000000 0
1058 16 16 0.200000 0.900000 6 6 3 0 0 0 0.000000 0.200000 0.900000 2.000000 0.000000 0.000000 1.000000 1.000000 1.570796 1.000000 1.000000 1.570796 0
1074 6 6 -0.400000 0.735000 8 1 0 0 0 0 -0.400000 0.000000 0.700000 1.000000 0.000000 0.000000 0.700000 0.700000 0.000000 0.500000 0.500000 0.000000 0
1080 4 4 0.000000 1.000000 14 1 0 0 0 0 0.000000 0.000000 1.000000 2.000000 0.000000 0.000000 0.700000 0.700000 0.000000 0.500000 0.500000 0.000000 0
1084 4 4 0.000000 1.000000 14 1 0 0 0 0 0.000000 0.000000 1.000000 2.000000 0.000000 0.000000 0.700000 0.700000 0.000000 0.500000 0.500000 0.000000 0
1088 4 4 0.000000 1.000000 14 1 6 0 0 0 0.000000 0.000000 1.000000 2.000000 0.000000 0.000000 0.700000 0.700000 0.000000 0.500000 0.500000 0.000000 1536
1092 4 4 0.000000 1.000000 14 1 6 0 0 0 0.000000 0.000000 1.000000 2.000000 0.000000 0.000000 0.700000 0.700000 0.000000 0.500000 0.500000 0.000000 3584
1096 4 4 0.000000 1.000000 14 1 6 0 0 0 0.000000 0.000000 1.000000 2.000000 0.000000 0.000000 0.700000 0.700000 0.000000 0.500000 0.500000 0.000000 0
1100 4 4 0.000000 1.000000 14 1 6 0 0 0 0.000000 0.000000 1.000000 2.000000 0.000000 0.000000 0.700000 0.700000 0.000000 0.500000 0.500000 0.000000 3584
1104 4 4 0.000000 1.000000 8 1 0 0 1 0 0.000000 0.999999 -0.000000 1.000000 0.000000 2.100000 0.700000 0.700000 0.000000 1.000000 1.000000 0.000000 0
1108 4 4 0.000000 1.000000 8 1 5 0 0 0 0.000000 0.000000 1.000000 2.000000 0.000000 0.000000 0.700000 0.700000 0.000000 0.500000 0.500000 0.000000 0
1112 4 4 0.000000 1.000000 8 1 5 0 0 0 0.000000 0.000000 1.000000 2.000000 0.000000 0.000000 0.700000 0.700000 0.000000 0.500000 0.500000 0.000000 0
1116 4 4 0.000000 1.000000 8 1 5 0 0 0 0.000000 0.000000 1.000000 2.000000 0.000000 0.000000 0.700000 0.700000 0.000000 0.500000 0.500000 0.000000 0
1120 4 4 0.000000 1.000000 8 1 5 0 0 0 0.000000 0.000000 1.000000 2.000000 0.000000 0.000000 0.700000 0.700000 0.000000 0.500000 0.500000 0.000000 0
1124 4 4 0.000000 1.000000 8 1 5 0 0 0 0.000000 0.000000 1.000000 2.000000 0.000000 0.000000 0.700000 0.700000 0.000000 0.500000 0.500000 0.000000 0
1128 4 4 0.000000 1.000000 8 1 5 0 0 0 0.000000 0.000000 1.000000 2.000000 0.000000 0.000000 0.700000 0.700000 0.000000 0.500000 0.500000 0.000000 0
1132 7 7 0.000000 1.000000 8 1 5 0 0 0 0.000000 0.000000 1.000000 2.000000 0.000000 0.000000 0.700000 0.700000 0.000000 0.500000 0.500000 0.000000 0
1139 4 4 0.300000 0.700000 3 3 6 0 14 0 0.000000 0.300000 0.700000 2.000000 0.000000 0.000000 1.000000 1.000000 0.000000 1.000000 1.000000 0.000000 2304
1143 4 4 0.300000 0.700000 4 4 6 0 0 0 0.000000 0.300000 0.700000 2.000000 0.000000 0.000000 0.500000 0.500000 0.000000 0.500000 0.500000 0.000000 0
1147 8 8 0.300000 0.700000 6 7 0 0 0 0 0.000000 0.300000 0.700000 2.000000 0.000000 0.000000 1.000000 1.000000 0.000000 1.000000 1.000000 0.000000 0
1155 4 4 0.235000 0.499999 7 7 0 0 0 0 0.000000 0.235000 0.499999 2.000000 0.000000 0.000000 1.000000 1.000000 0.000000 1.000000 1.000000 0.000000 0
1159 6 6 -0.600000 2.000000 3 255 5 0 0 0 -0.600000 0.000000 2.000000 2.000000 0.000000 0.000000 1.000000 1.000000 0.000000 1.000000 1.000000 0.000000 0
1165 4 4 -0.365000 0.135000 7 7 0 0 0 0 -0.365000 0.000000 0.135000 2.000000 0.000000 0.000000 0.500000 0.500000 1.570796 0.500000 0.500000 1.570796 0
1169 4 4 0.280000 0.700000 5 7 6 0 0 0 0.000000 0.280000 0.700000 2.000000 0.000000 0.000000 1.000000 1.000000 0.000000 1.000000 1.000000 0.000000 0
1173 6 6 0.000000 1.000000 14 1 0 0 0 0 0.000000 0.000000 1.000000 2.000000 0.000000 0.000000 0.700000 0.700000 0.000000 0.500000 0.500000 0.000000 0
1179 7 7 0.000000 1.000000 14 1 0 0 0 0 0.000000 0.000000 1.000000 2.000000 0.000000 0.000000 0.700000 0.700000 0.000000 0.500000 0.500000 0.000000 0
1186 4 4 0.000000 0.900000 8 6 0 0 0 0 0.000000 0.000000 0.900000 2.000000 0.000000 0.000000 0.700000 0.700000 0.000000 0.500000 0.500000 0.000000 0
1190 4 4 0.000000 0.900000 8 6 0 0 0 0 0.000000 0.000000 0.900000 2.000000 0.000000 0.000000 0.700000 0.700000 0.000000 0.500000 0.500000 0.000000 0
1194 4 4 -0.050000 1.000000 4 1 7 0 0 0 -0.050000 0.000000 1.000000 2.000000 0.000000 0.000000 0.700000 0.700000 0.000000 0.500000 0.500000 0.000000 0
1198 14 14 -0.090000 0.900000 4 1 7 0 0 0 -0.100000 0.000000 0.900000 2.000000 0.000000 0.000000 1.000000 1.000000 0.000000 0.500000 0.500000 0.000000 0
1212 4 4 0.400000 0.600000 7 7 0 0 0 0 0.000000 0.400000 0.600000 2.000000 0.000000 0.000000 1.000000 1.000000 0.000000 1.000000 1.000000 0.000000 0
1216 8 8 0.000000 1.000000 8 1 0 0 0 0 0.000000 0.000000 1.000000 2.000000 0.000000 0.000000 0.500000 0.500000 0.000000 0.700000 0.700000 0.000000 0
1224 4 4 0.000000 0.999999 12 1 0 15 9 1 -0.100000 0.000000 0.999999 2.000000 0.133000 0.000000 1.000000 1.000000 0.000000 0.500000 0.500000 0.000000 0
1228 4 4 -1.400000 -0.300000 6 1 0 0 0 0 -1.400000 -1.200000 -0.400000 -0.200000 0.000000 0.000000 0.700000 0.700000 1.570796 0.500000 0.500000 0.000000 0
1232 4 4 -1.600000 -0.400000 6 1 0 0 0 0 -1.600000 -1.200000 -0.400000 -0.200000 0.000000 0.000000 0.700000 0.700000 1.570796 0.500000 0.500000 0.000000 0
1236 4 4 -1.800000 -0.400000 6 1 0 0 0 0 -1.800000 -1.200000 -0.400000 -0.200000 0.000000 0.000000 0.700000 0.700000 1.570796 0.500000 0.500000 0.000000 0
1240 4 4 -2.000000 -0.800000 8 1 0 0 0 0 -2.000000 -1.800000 -0.800000 -0.800000 0.000000 0.000000 0.700000 0.700000 0.000000 0.500000 0.500000 0.000000 0
1244 24 24 -2.000000 -1.000000 8 1 0 0 0 0 -2.000000 -2.000000 -1.000000 -0.800000 0.000000 0.000000 0.700000 0.700000 0.000000 0.500000 0.500000 0.000000 0
1268 4 4 -2.000000 -1.100000 8 6 0 0 0 0 -2.000000 -2.000000 -1.100000 -1.000000 0.000000 0.000000 0.700000 0.700000 0.000000 0.500000 0.500000 1.570796 0
1272 39 39 -2.000000 -1.000000 8 1 0 0 0 0 -2.000000 -2.000000 -1.000000 -1.000000 0.000000 0.000000 0.700000 0.700000 0.000000 0.500000 0.500000 0.000000 0
1311 20 20 -1.700000 -1.200000 6 6 6 0 0 0 -2.000000 -1.700000 -1.200000 -1.000000 0.000000 0.000000 0.700000 0.700000 0.000000 0.500000 0.500000 0.000000 2048
1331 4 4 -2.000000 -1.100000 8 6 0 0 0 0 -2.000000 -2.000000 -1.100000 -1.000000 0.000000 0.000000 0.700000 0.700000 0.000000 0.500000 0.500000 0.000000 0
1335 4 4 -2.000000 -1.100000 8 6 0 0 0 0 -2.000000 -2.000000 -1.100000 -1.000000 0.000000 0.000000 0.700000 0.700000 0.000000 0.500000 0.500000 1.570796 0
1339 4 4 -1.600000 -1.200000 12 6 6 15 0 0 -1.700000 -1.600000 -1.200000 -1.200000 0.000000 0.000000 0.700000 0.700000 0.000000 0.500000 0.500000 0.000000 0
1343 4 4 -1.600000 -1.200000 12 6 6 15 0 0 -1.700000 -1.600000 -1.200000 -1.200000 0.000000 0.000000 0.700000 0.700000 0.000000 0.500000 0.500000 0.000000 0
1347 4 4 -1.700000 -1.000000 8 1 0 0 0 0 -2.000000 -1.700000 -1.000000 -1.000000 0.000000 0.000000 0.700000 0.700000 0.000000 0.500000 0.500000 0.000000 0
1351 4 4 -2.000000 -1.000000 14 1 0 0 0 0 -2.000000 -2.000000 -1.000000 -1.000000 0.000000 0.000000 0.700000 0.700000 0.000000 0.500000 0.500000 0.000000 0
1355 4 4 -1.800000 -1.000000 6 1 0 15 0 0 -2.000000 -1.800000 -1.000000 -1.000000 0.000000 0.000000 2.000000 2.000000 0.523599 0.700000 0.500000 0.000000 0
1359 4 4 -2.200000 -1.900000 2 2 0 0 0 0 -2.200000 -2.000000 -1.900000 -1.000000 0.000000 0.000000 0.700000 0.700000 0.000000 0.500000 0.500000 0.000000 0
1363 4 4 -1.200000 -0.300000 8 6 0 0 10 1 -1.200000 -0.300000 -0.300000 -0.200000 2.400000 0.000000 0.700000 0.700000 0.000000 0.500000 0.500000 1.570796 0
1367 4 4 -0.300000 0.100000 7 7 7 0 0 0 -0.600000 -0.300000 0.100000 0.900000 0.000000 0.000000 0.700000 0.700000 0.000000 0.500000 0.500000 0.000000 2048
1371 4 4 -0.300000 0.100000 7 7 7 0 0 0 -0.600000 -0.300000 0.100000 0.900000 0.000000 0.000000 0.700000 0.700000 0.000000 0.500000 0.500000 0.000000 2048
1375 4 4 -0.300000 0.100000 7 7 7 0 0 0 -0.600000 -0.300000 0.100000 0.900000 0.000000 0.000000 0.700000 0.700000 0.000000 0.500000 0.500000 0.000000 2048
1379 4 4 -0.300000 0.100000 7 7 7 0 0 0 -0.600000 -0.300000 0.100000 0.900000 0.000000 0.000000 0.700000 0.700000 0.000000 0.500000 0.500000 0.000000 2048
1383 8 8 -0.500000 0.900000 12 255 3 0 0 0 -0.600000 -0.500000 0.900000 0.900000 0.000000 0.000000 0.700000 0.700000 0.000000 0.500000 0.500000 0.000000 0
1391 4 4 -0.520000 0.900000 2 255 3 0 0 0 -0.600000 -0.520000 0.900000 0.900000 0.000000 0.000000 0.700000 0.700000 0.000000 0.500000 0.500000 0.000000 0
1395 8 8 -0.500000 0.900000 12 255 3 0 0 0 -0.600000 -0.500000 0.900000 0.900000 0.000000 0.000000 0.700000 0.700000 0.000000 0.500000 0.500000 0.000000 0
1403 4 4 -0.520000 0.900000 2 255 3 0 0 0 -0.520000 -0.500000 0.900000 0.900000 0.000000 0.000000 0.700000 0.700000 0.000000 0.500000 0.500000 0.000000 0
1407 42 42 -0.700000 0.900000 3 255 3 0 0 0 -0.700000 -0.600000 0.900000 0.900000 0.000000 0.000000 0.700000 0.700000 0.000000 0.500000 0.500000 0.000000 0
1449 25 25 -0.800000 0.900000 2 255 3 0 0 0 -0.800000 -0.600000 0.900000 0.900000 0.000000 0.000000 0.700000 0.700000 0.000000 0.500000 0.500000 0.000000 0
1474 4 4 -0.364999 0.135000 6 6 0 0 0 0 -0.600000 -0.364999 0.135000 0.400000 0.000000 0.000000 0.700000 0.700000 1.570796 0.500000 0.500000 1.570796 0
1478 6 6 -0.200000 1.300000 3 14 6 0 0 0 -0.200000 0.000000 1.000000 1.300000 0.000000 0.000000 0.700000 0.700000 0.000000 0.500000 0.500000 0.000000 2048
1484 8 8 0.000000 1.000000 8 1 0 0 0 0 0.000000 0.000000 1.000000 1.000000 0.000000 0.000000 0.700000 0.700000 0.000000 0.500000 0.500000 0.000000 0
1492 8 8 0.000000 1.000000 8 1 0 0 0 0 0.000000 0.000000 1.000000 1.000000 0.000000 0.000000 0.700000 0.700000 0.000000 0.500000 0.500000 0.000000 0
1500 4 4 0.000000 1.000000 8 1 0 0 0 0 0.000000 0.000000 1.000000 1.000000 0.000000 0.000000 0.700000 0.700000 0.000000 0.500000 0.500000 0.000000 0
1504 4 4 0.000000 1.000000 8 1 0 0 12 1 0.000000 1.000000 1.000000 1.000000 3.500000 0.000000 0.700000 0.700000 0.000000 0.500000 0.500000 0.000000 0
1508 5 5 0.000000 1.000000 8 1 0 0 0 0 0.000000 0.000000 1.000000 1.000000 0.000000 0.000000 0.700000 0.700000 0.000000 0.500000 0.500000 0.000000 0
1513 4 4 -1.000000 1.000000 8 1 0 0 13 0 -1.000000 0.000000 1.000000 1.000000 0.800000 0.000000 0.700000 0.700000 0.000000 0.500000 0.500000 0.000000 0
1517 4 4 0.135000 0.634999 1 1 7 0 0 0 -0.090000 0.135000 0.634999 0.900000 0.000000 0.000000 1.000000 1.000000 0.000000 0.500000 0.500000 0.000000 0
1521 4 4 0.300000 0.600000 2 2 7 0 14 0 0.000000 0.300000 0.600000 1.000000 0.000000 0.000000 0.700000 0.700000 0.000000 0.500000 0.500000 0.000000 3584
1525 4 4 0.300000 0.600000 2 2 7 0 14 0 0.000000 0.300000 0.600000 1.000000 0.000000 0.000000 0.700000 0.700000 0.000000 0.500000 0.500000 0.000000 3584
1529 12 12 1.000000 2.000000 1 1 0 0 0 0 0.000000 1.000000 2.000000 2.000000 0.000000 0.000000 1.000000 1.000000 0.000000 0.700000 0.700000 0.000000 0
1541 91 91 -0.100000 2.000000 2 1 0 0 0 0 -0.100000 0.000000 2.000000 2.000000 0.000000 0.000000 1.000000 1.000000 0.000000 0.700000 0.700000 0.000000 0
1632 4 4 0.850001 2.000000 2 1 0 0 0 0 0.000000 0.850001 2.000000 2.000000 0.000000 0.000000 1.000000 1.000000 0.000000 0.700000 0.700000 0.000000 0
1636 4 4 0.700000 2.000000 2 1 0 0 0 0 0.000000 0.700000 2.000000 2.000000 0.000000 0.000000 1.000000 1.000000 0.000000 0.700000 0.700000 0.000000 0
1640 4 4 0.550001 2.000000 2 1 0 0 0 0 0.000000 0.550001 2.000000 2.000000 0.000000 0.000000 1.000000 1.000000 0.000000 0.700000 0.700000 0.000000 0
1644 4 4 0.400000 2.000000 2 1 0 0 0 0 0.000000 0.400000 2.000000 2.000000 0.000000 0.000000 1.000000 1.000000 0.000000 0.700000 0.700000 0.000000 0
1648 4 4 0.250000 2.000000 2 1 0 0 0 0 0.000000 0.250000 2.000000 2.000000 0.000000 0.000000 1.000000 1.000000 0.000000 0.700000 0.700000 0.000000 0
1652 5 5 0.100000 2.000000 2 1 0 0 0 0 0.000000 0.100000 2.000000 2.000000 0.000000 0.000000 1.000000 1.000000 0.000000 0.700000 0.700000 0.000000 0
1657 15 15 0.000000 1.000000 2 1 0 0 0 0 0.000000 0.000000 1.000000 2.000000 0.000000 0.000000 1.000000 1.000000 0.000000 0.500000 0.500000 0.000000 0
1672 6 6 1.000000 2.000000 2 1 0 0 0 0 1.000000 1.000000 2.000000 2.000000 0.000000 0.000000 1.000000 1.000000 0.000000 0.700000 0.700000 0.000000 0
1678 23 23 -0.233000 2.000000 5 1 4 0 0 0 -0.233000 -0.100000 2.000000 2.000000 0.000000 0.000000 1.000000 1.000000 1.308997 0.700000 0.700000 0.000000 2048
1701 12 12 -0.233000 2.000000 5 1 4 0 0 0 -0.233000 -0.100000 2.000000 2.000000 0.000000 0.000000 1.000000 1.000000 1.308997 0.700000 0.700000 0.000000 2048
1713 3 3 -0.233000 2.000000 5 1 4 0 0 0 -0.233000 -0.233000 2.000000 2.000000 0.000000 0.000000 1.000000 1.000000 1.308997 0.700000 0.700000 0.000000 0
1716 14 14 -0.150000 2.000000 5 1 2 0 0 0 -0.150000 -0.100000 2.000000 2.000000 0.000000 0.000000 1.000000 1.000000 0.000000 0.700000 0.700000 0.000000 0
OBJECTS 81
-20.000000 -30.000000 0.000000 0 4 1 1 1.399998 1 8 4 0.000000 0.000000 0.000000
-29.200001 -18.000000 0.000000 3 3 1 1 1.150000 1 2 1 0.000000 0.000000 0.000000
-14.000000 -20.000000 0.000000 0 2 1 1 1.350000 1 8 4 0.000000 0.000000 0.000000
-32.000000 -16.800001 0.000000 0 5 1 2 0.650000 1 2 0 0.000000 0.000000 0.000000
-32.200001 -13.800000 0.000000 0 5 0 2 0.650000 1 1 0 0.000000 0.000000 0.000000
-32.000000 -28.000000 0.000000 25 6 1 2 1.750000 1 2 0 0.000000 0.000000 0.000000
-32.000000 -26.000000 0.000000 0 6 1 2 0.950000 1 1 0 0.000000 0.000000 0.000000
-24.800001 -18.000000 0.000000 0 7 1 1 0.299999 1 10 5 0.000000 0.000000 0.000000
-27.200001 -18.000000 0.000000 0 7 1 1 0.300001 1 10 5 0.000000 0.000000 0.000000
-18.000000 -16.200001 0.000000 0 8 1 1 1.550000 1 8 4 0.000000 0.000000 0.000000
-17.900000 -29.700001 0.000000 10 11 0 4 0.050000 1 0 0 0.000000 0.000000 0.000000
-0.200000 -3.400000 0.000000 11 30 0 4 0.300001 1 0 0 0.000000 0.000000 4.712389
-8.000000 -33.000000 0.000000 2 3 0 4 0.350000 1 0 0 0.000000 0.000000 0.000000
0.299999 -5.000000 -0.600000 0 11 0 13 0.250000 200 0 0 0.600000 0.600000 3.926991
-22.000000 -10.000000 0.300000 0 0 0 0 0.350000 13 0 0 0.300000 0.300000 0.000000
-20.000000 -10.000000 0.000000 0 0 0 0 0.350000 0 0 0 1.000000 0.500000 0.000000
-18.000000 -10.000000 0.300000 0 0 0 0 0.350000 4 0 0 0.300000 0.300000 0.000000
-19.900000 -8.900001 0.000000 0 11 0 13 0.250000 200 0 0 0.700000 0.700000 0.000000
-24.100000 -10.700000 0.155000 0 0 0 0 0.350000 200 0 0 2.000000 0.700000 0.000000
-22.000000 -8.000000 0.000000 0 0 0 13 0.250000 200 0 0 0.700000 0.700000 0.000000
-8.800000 -8.700000 -0.600000 0 0 0 0 0.350000 17 0 0 1.000000 1.000000 0.000000
-8.000000 -9.500000 -0.600000 0 0 0 0 0.350000 17 0 0 1.000000 1.900000 0.000000
-8.300000 -7.700000 -0.600000 0 0 0 0 0.350000 17 0 0 1.000000 0.700000 0.000000
-9.100000 -7.900000 -0.600000 0 0 0 0 0.350000 17 0 0 1.000000 1.000000 0.000000
-8.000000 -7.100000 -0.600000 0 0 0 0 0.350000 17 0 0 1.000000 0.500000 2.967061
-23.500000 -20.700003 0.000000 20 20 0 10 1.050000 1 0 0 1.000000 1.000000 0.000000
-21.200003 -18.000000 0.000000 9 9 1 2 0.250000 1 10 5 0.000000 0.000000 0.000000
-21.199999 -18.000000 0.000000 0 20 1 7 0.250000 1 9 4 0.000000 0.000000 0.000000
-28.600000 -18.000000 0.000000 0 3 1 7 0.350000 1 1 0 1.000000 1.000000 0.000000
-15.000000 -32.600002 -0.800000 14 11 1 2 0.350000 1 1 0 1.000000 1.000000 0.000000
-15.000000 -30.999998 0.000000 21 11 1 2 2.250000 1 2 0 1.000000 1.000000 0.000000
-31.999998 -28.699999 0.000000 0 25 1 7 1.050000 1 0 0 1.000000 1.000000 0.000000
0.500000 -30.000000 -1.200000 4 10 1 1 0.850000 1 2 1 1.000000 1.000000 0.000000
4.400000 -30.000000 -2.000000 26 10 0 2 0.850000 1 2 1 1.000000 1.000000 0.000000
6.200000 -32.100002 -2.000000 5 26 1 7 0.350000 1 1 0 1.000000 1.000000 2.356194
2.600000 -30.000000 -1.800000 27 26 1 7 0.850000 1 0 0 1.000000 1.000000 0.000000
-28.600000 -8.600000 0.000000 0 0 0 0 0.210000 17 0 0 0.500000 0.800000 0.000000
-28.100000 -8.700000 0.000000 0 0 0 0 0.210000 17 0 0 0.500000 0.800000 0.000000
-27.500000 -8.600000 0.000000 0 0 0 0 0.210000 17 0 0 0.500000 0.800000 0.000000
-27.300001 -7.500000 0.000000 0 0 0 0 0.210000 17 0 0 0.500000 0.800000 0.000000
-27.800001 -7.300000 0.000000 0 0 0 0 0.210000 17 0 0 0.500000 0.800000 0.000000
-28.700001 -7.500000 0.000000 0 0 0 0 0.210000 17 0 0 0.500000 0.800000 0.000000
-1.100000 -2.300000 -0.600000 0 0 0 0 0.350000 17 0 0 1.000000 1.000000 4.537857
1.100000 -2.300000 -0.600000 0 0 0 0 0.350000 17 0 0 1.000000 1.000000 0.000000
0.700000 -0.200000 -0.800000 0 0 0 0 0.350000 17 0 0 1.000000 1.000000 0.000000
0.700000 0.800000 -0.800000 0 0 0 0 0.350000 17 0 0 1.000000 1.000000 0.000000
-0.600000 1.000000 -0.800000 0 0 0 0 0.350000 17 0 0 1.000000 1.000000 0.000000
-0.700000 -0.600000 -0.800000 0 0 0 0 0.350000 17 0 0 1.000000 1.000000 0.000000
0.500000 -1.200000 -0.800000 0 0 0 0 0.350000 17 0 0 1.000000 1.000000 0.000000
-8.000000 -34.299999 0.000000 0 25 1 7 1.150000 1 1 0 1.000000 1.000000 0.000000
-2.000000 -34.000000 0.000000 1 28 1 9 0.950000 1 0 0 1.000000 1.000000 1.570796
-21.700001 -32.000000 -0.200000 28 1 1 9 0.950000 1 0 0 1.000000 1.000000 0.000000
-1.400000 -32.000000 0.000000 6 12 1 1 0.850000 1 2 1 1.000000 1.000000 0.000000
0.700000 -32.000000 0.000000 7 12 1 9 0.950000 1 0 0 1.000000 1.000000 0.000000
0.000000 0.000000 -0.800000 12 0 1 9 0.350000 1 0 0 1.000000 1.000000 4.799654
-1.500000 -26.500000 0.000000 8 13 1 2 0.550000 1 2 2 1.000000 1.000000 4.712389
-4.500000 -21.500000 0.000000 29 13 1 2 0.350000 1 1 0 1.000000 1.000000 4.712389
-35.299999 -16.800001 0.235000 0 0 1 10 0.350000 15 0 0 0.500000 0.500000 0.000000
-37.500000 -25.100000 -0.100000 0 0 0 0 0.350000 17 0 0 1.000000 1.000000 0.000000
-36.100002 -25.300001 -0.100000 0 0 0 0 0.350000 17 0 0 1.000000 1.000000 0.000000
-35.700001 -22.799999 -0.100000 0 0 0 0 0.350000 17 0 0 1.000000 1.000000 0.000000
-37.799999 -23.100000 -0.100000 0 0 0 0 0.350000 17 0 0 1.000000 1.000000 0.000000
-35.299999 -23.600000 -0.100000 0 0 0 0 0.350000 17 0 0 1.000000 1.000000 0.000000
-14.300000 -5.500000 -0.200000 0 11 0 13 0.250000 200 0 0 0.600000 0.600000 3.926991
-0.100000 -7.400000 -0.600000 30 31 0 5 0.400001 1 0 0 1.000000 1.000000 3.232253
0.200000 -12.200000 -0.600000 31 32 0 5 0.400001 1 0 0 1.000000 1.000000 2.976444
-5.900000 -12.100000 -0.600000 32 33 0 5 0.400001 1 0 0 1.000000 1.000000 1.700499
-6.100000 -4.000000 -0.600000 33 34 0 5 0.400001 1 0 0 1.000000 1.000000 3.141593
-11.000001 -4.000000 -0.200000 34 35 0 5 0.800001 1 0 0 1.000000 1.000000 3.926991
-12.500001 -6.000000 -0.200000 35 36 0 5 0.800001 1 0 0 1.000000 1.000000 3.141593
-15.700000 -6.000000 -0.200000 36 37 0 5 0.900001 1 0 0 1.000000 1.000000 3.926991
-17.500002 -8.100000 0.000000 37 38 0 5 0.800001 1 0 0 1.000000 1.000000 3.141593
-25.299999 -8.100000 0.000000 38 39 0 5 1.000001 1 0 0 1.000000 1.000000 3.959238
-29.900000 -12.700001 0.000000 39 40 0 5 0.400001 1 0 0 1.000000 1.000000 4.570492
-30.400002 -17.900002 0.000000 40 41 0 5 0.400001 1 0 0 1.000000 1.000000 5.588448
-28.200001 -18.100000 0.000000 41 42 0 5 0.400001 1 0 0 1.000000 1.000000 4.897737
-27.400000 -23.600000 0.000000 42 43 0 5 0.400001 1 0 0 1.000000 1.000000 5.522173
-21.600000 -29.900000 0.000000 43 10 0 5 0.400001 1 0 0 1.000000 1.000000 6.267797
-17.999998 -13.800000 0.000000 44 45 0 5 0.900001 1 0 0 1.000000 1.000000 1.570797
-18.000000 -11.400001 0.000000 45 37 0 5 0.900001 1 0 0 1.000000 1.000000 1.396264
-21.100000 -14.200000 0.000000 46 44 0 5 0.900001 1 0 0 1.000000 1.000000 0.174532
OBJECTLABELS 81



it's a trap!






bad#1b
bad#1a

gricy boy!



gricy bloke
fat grice!
gricy boy!





picture lighty!
pressure pad1
enable lighty

rising water
water sinkage!
Oneway Room! only visit once
the lower level!!

enable escape door
disable escape













Switch On Door!



TP Trap
TP Start








gricy boy!

















